# Poly-Spinor Nexus 7D Avatar
# Vault: vault_00004
# Avatar ID: c96f791e0a33a1b4
# Type: hybrid_form
# Rarity: mythical (91.0)
# Generated: 2026-01-07T02:36:11.381775

v 1.122917 -0.130565 -0.111829
v 1.122917 -0.130565 -0.111829
v 1.122917 -0.130565 -0.111829
v 1.122917 -0.130565 -0.111829
v 1.122917 -0.130565 -0.111829
v 1.122917 -0.130565 -0.111829
v 1.122917 -0.130565 -0.111829
v 1.122917 -0.130565 -0.111829
v 1.122917 -0.130565 -0.111829
v 1.122917 -0.130565 -0.111829
v 1.122917 -0.130565 -0.111829
v 1.122917 -0.130565 -0.111829
v 1.122917 -0.130565 -0.111829
v 1.122917 -0.130565 -0.111829
v 1.122917 -0.130565 -0.111829
v 1.122917 -0.130565 -0.111829
v 1.122917 -0.130565 -0.111829
v 1.122917 -0.130565 -0.111829
v 1.122917 -0.130565 -0.111829
v 1.122917 -0.130565 -0.111829
v 1.122917 -0.130565 -0.111829
v 1.122917 -0.130565 -0.111829
v 1.122917 -0.130565 -0.111829
v 1.122917 -0.130565 -0.111829
v 1.328506 -0.112808 -0.42496
v 1.264837 -0.048588 -0.384038
v 1.097512 0.002309 -0.300335
v 0.927775 0.031526 -0.215534
v 0.860242 0.047537 -0.15712
v 0.940658 0.060924 -0.120498
v 1.127178 0.070008 -0.081484
v 1.31355 0.062577 -0.024677
v 1.391597 0.031165 0.040459
v 1.315852 -0.015776 0.089912
v 1.131007 -0.060357 0.10917
v 0.945201 -0.09374 0.105693
v 0.865363 -0.12682 0.097872
v 0.933981 -0.17975 0.093449
v 1.10517 -0.258422 0.080974
v 1.273425 -0.341005 0.043613
v 1.336649 -0.39005 -0.019504
v 1.255595 -0.381695 -0.087922
v 1.075503 -0.326122 -0.137877
v 0.898784 -0.260068 -0.166194
v 0.825685 -0.217365 -0.19483
v 0.897122 -0.203457 -0.248985
v 1.071674 -0.195756 -0.328531
v 1.249307 -0.16763 -0.400985
v 1.252524 -0.062227 -0.710642
v 1.195406 0.057159 -0.633087
v 1.029929 0.135094 -0.4773
v 0.85914 0.167714 -0.32195
v 0.793435 0.187704 -0.214575
v 0.883871 0.224151 -0.139509
v 1.088123 0.267892 -0.048008
v 1.292435 0.27858 0.082695
v 1.378833 0.226011 0.221139
v 1.297019 0.122514 0.310935
v 1.095633 0.012171 0.325975
v 0.892592 -0.072759 0.294712
v 0.803151 -0.143095 0.269208
v 0.871053 -0.237872 0.271207
v 1.044951 -0.376348 0.270666
v 1.212513 -0.525284 0.218716
v 1.268826 -0.617271 0.101091
v 1.176998 -0.60633 -0.043279
v 0.986758 -0.509145 -0.158625
v 0.803486 -0.392059 -0.227231
v 0.727872 -0.314881 -0.286122
v 0.800294 -0.283383 -0.386167
v 0.979247 -0.253424 -0.532608
v 1.164475 -0.179952 -0.666842
v 0.925565 -0.005825 -0.807234
v 0.93352 0.142121 -0.749861
v 0.922768 0.262688 -0.635922
v 0.910973 0.349405 -0.49293
v 0.918014 0.408367 -0.340842
v 0.953051 0.44543 -0.182514
v 1.007251 0.45548 -0.012687
v 1.057514 0.425076 0.164841
v 1.079716 0.345951 0.329943
v 1.063371 0.225639 0.45651
v 1.018155 0.084231 0.530252
v 0.967889 -0.059751 0.556295
v 0.93589 -0.200283 0.549288
v 0.931241 -0.340684 0.516302
v 0.944575 -0.47981 0.449957
v 0.955381 -0.602186 0.338663
v 0.945461 -0.68322 0.183433
v 0.909996 -0.705755 0.003859
v 0.860092 -0.672602 -0.173278
v 0.81628 -0.603028 -0.33177
v 0.797383 -0.516359 -0.472483
v 0.810849 -0.418119 -0.602193
v 0.849188 -0.301353 -0.716217
v 0.893993 -0.160884 -0.792996
v 0.58367 0.031292 -0.754662
v 0.647729 0.189986 -0.759752
v 0.780144 0.380187 -0.770106
v 0.921742 0.577626 -0.696705
v 1.002841 0.710224 -0.500226
v 0.985027 0.722044 -0.229847
v 0.887671 0.625565 0.023122
v 0.778963 0.489462 0.208355
v 0.733828 0.373955 0.353057
v 0.785162 0.278381 0.517053
v 0.901549 0.153054 0.714152
v 1.007343 -0.037734 0.881303
v 1.031536 -0.266753 0.92857
v 0.952225 -0.460251 0.821155
v 0.8079 -0.564834 0.611955
v 0.670867 -0.597778 0.392325
v 0.60305 -0.628555 0.210342
v 0.622832 -0.707393 0.037973
v 0.700373 -0.810212 -0.181272
v 0.779326 -0.854808 -0.454324
v 0.809209 -0.774104 -0.711531
v 0.771158 -0.57671 -0.861033
v 0.686495 -0.337702 -0.872303
v 0.605894 -0.13071 -0.805406
v 0.395935 0.059715 -0.782292
v 0.463912 0.238852 -0.813493
v 0.607541 0.483075 -0.874695
v 0.765716 0.75376 -0.820727
v 0.860222 0.933299 -0.586008
v 0.843602 0.931498 -0.246159
v 0.733979 0.771609 0.058042
v 0.608744 0.569361 0.254937
v 0.55608 0.425169 0.399101
v 0.615586 0.336406 0.595625
v 0.750298 0.215995 0.870608
v 0.871066 -0.003572 1.121348
v 0.896083 -0.287669 1.199617
v 0.803232 -0.523568 1.047322
v 0.640178 -0.628152 0.750437
v 0.489447 -0.630546 0.457972
v 0.416604 -0.644018 0.246894
v 0.436434 -0.751521 0.066899
v 0.51374 -0.916686 -0.1823
v 0.590442 -1.009156 -0.522426
v 0.618233 -0.921726 -0.850085
v 0.58039 -0.666897 -1.022968
v 0.497421 -0.361072 -0.994866
v 0.417741 -0.115077 -0.863877
v 0.302685 0.108645 -1.040549
v 0.345279 0.331731 -1.00893
v 0.411589 0.5674 -0.94567
v 0.484959 0.788884 -0.794957
v 0.541265 0.936923 -0.538041
v 0.563075 0.967144 -0.218699
v 0.55208 0.888001 0.090731
v 0.529232 0.751513 0.348091
v 0.520507 0.605717 0.566325
v 0.537922 0.455636 0.780801
v 0.570213 0.270636 0.993606
v 0.590619 0.029324 1.15283
v 0.575964 -0.244506 1.18976
v 0.522586 -0.492202 1.078587
v 0.447854 -0.66733 0.86008
v 0.377711 -0.772498 0.605967
v 0.330798 -0.84854 0.359301
v 0.31038 -0.926149 0.109263
v 0.307363 -0.987932 -0.176322
v 0.309171 -0.979217 -0.495778
v 0.307112 -0.85803 -0.793566
v 0.299089 -0.635952 -0.997793
v 0.289231 -0.370567 -1.079197
v 0.286638 -0.117797 -1.072924
v 0.140397 0.180229 -1.39468
v 0.175871 0.451847 -1.255215
v 0.199821 0.629919 -0.980304
v 0.216106 0.720346 -0.680027
v 0.239879 0.786572 -0.418257
v 0.284998 0.87756 -0.171806
v 0.348965 0.970268 0.119934
v 0.409497 0.984982 0.468242
v 0.438046 0.859467 0.801081
v 0.420534 0.60921 1.017797
v 0.368214 0.314877 1.078421
v 0.309291 0.050465 1.037793
v 0.268144 -0.175796 0.989173
v 0.24929 -0.409486 0.972315
v 0.23832 -0.680863 0.93667
v 0.217061 -0.950557 0.795752
v 0.178813 -1.127745 0.518186
v 0.131548 -1.145698 0.164923
v 0.089175 -1.021212 -0.163568
v 0.061072 -0.839002 -0.416171
v 0.049143 -0.67556 -0.626403
v 0.05218 -0.536264 -0.858915
v 0.069926 -0.365821 -1.122055
v 0.101395 -0.119067 -1.336489
v -0.126288 0.236267 -1.54395
v -0.073381 0.527516 -1.352743
v -0.019626 0.668231 -0.977265
v 0.018992 0.684528 -0.608511
v 0.047286 0.705641 -0.349047
v 0.082456 0.829354 -0.140334
v 0.13244 1.015247 0.144528
v 0.183339 1.113354 0.541083
v 0.209267 1.002005 0.931435
v 0.195467 0.700435 1.144963
v 0.152066 0.347017 1.121793
v 0.104835 0.067428 0.973957
v 0.071966 -0.134639 0.879833
v 0.049561 -0.356283 0.913638
v 0.019626 -0.668231 0.977265
v -0.02812 -1.01352 0.900969
v -0.082979 -1.238273 0.612515
v -0.122086 -1.227951 0.20778
v -0.13244 -1.015247 -0.144528
v -0.123827 -0.751956 -0.365445
v -0.119252 -0.571002 -0.530786
v -0.132018 -0.473071 -0.773304
v -0.152066 -0.347017 -1.121793
v -0.155219 -0.099835 -1.442051
v -0.36444 0.238928 -1.344404
v -0.309431 0.508274 -1.206885
v -0.23832 0.680863 -0.93667
v -0.174873 0.765807 -0.64109
v -0.131565 0.829761 -0.381266
v -0.105981 0.923021 -0.132869
v -0.089175 1.021212 0.163568
v -0.075805 1.04141 0.516572
v -0.066791 0.918167 0.851356
v -0.064769 0.665637 1.066127
v -0.069926 0.365821 1.122055
v -0.081688 0.095926 1.07673
v -0.1033 -0.132607 1.026164
v -0.141689 -0.364026 1.011252
v -0.199821 -0.629919 0.980304
v -0.268241 -0.894129 0.844082
v -0.326024 -1.069046 0.568462
v -0.353754 -1.08927 0.213253
v -0.348965 -0.970268 -0.119934
v -0.329907 -0.793542 -0.377234
v -0.322301 -0.632371 -0.589411
v -0.338799 -0.490804 -0.819978
v -0.368214 -0.314877 -1.078421
v -0.383907 -0.06264 -1.288159
v -0.466642 0.198097 -0.963934
v -0.450442 0.424252 -0.929686
v -0.447854 0.66733 -0.86008
v -0.438207 0.896223 -0.70302
v -0.408296 1.047332 -0.443476
v -0.360091 1.074484 -0.126762
v -0.307363 0.987932 0.176322
v -0.266489 0.844035 0.427335
v -0.24882 0.695169 0.642941
v -0.257799 0.548157 0.860045
v -0.289231 0.370567 1.079197
v -0.332547 0.136664 1.244767
v -0.373596 -0.134098 1.284325
v -0.40058 -0.384862 1.170523
v -0.411589 -0.5674 0.94567
v -0.41801 -0.679977 0.685211
v -0.438528 -0.759088 0.435916
v -0.485341 -0.833628 0.188507
v -0.55208 -0.888001 -0.090731
v -0.613995 -0.871878 -0.403842
v -0.642449 -0.747622 -0.699001
v -0.624077 -0.528612 -0.905856
v -0.570213 -0.270636 -0.993606
v -0.509083 -0.025276 -0.99368
v -0.516478 0.165805 -0.691427
v -0.54671 0.35636 -0.712847
v -0.640178 0.628152 -0.750437
v -0.7191 0.926405 -0.672857
v -0.722803 1.117363 -0.428357
v -0.641214 1.104142 -0.098289
v -0.51374 0.916686 0.1823
v -0.401877 0.686869 0.355583
v -0.356333 0.531258 0.489966
v -0.395035 0.453915 0.696271
v -0.497421 0.361072 0.994866
v -0.61375 0.169073 1.269218
v -0.686942 -0.103605 1.357267
v -0.681584 -0.350923 1.195192
v -0.607541 -0.483075 0.874695
v -0.521175 -0.513038 0.558618
v -0.495809 -0.537929 0.337759
v -0.574187 -0.634012 0.167545
v -0.733979 -0.771609 -0.058042
v -0.894373 -0.836511 -0.374556
v -0.964792 -0.737662 -0.692434
v -0.904426 -0.494252 -0.875098
v -0.750298 -0.215995 -0.870608
v -0.59288 0.002431 -0.763232
v -0.696696 0.180164 -0.627153
v -0.722753 0.349337 -0.623269
v -0.8079 0.564834 -0.611955
v -0.883865 0.78757 -0.516887
v -0.892883 0.930646 -0.311434
v -0.82058 0.931989 -0.05003
v -0.700373 0.810212 0.181272
v -0.59152 0.648812 0.344839
v -0.546537 0.522827 0.480566
v -0.58532 0.437732 0.653537
v -0.686495 0.337702 0.872303
v -0.798264 0.17221 1.06112
v -0.864188 -0.046331 1.117362
v -0.853382 -0.250306 1.000972
v -0.780144 -0.380187 0.770106
v -0.699616 -0.438427 0.528809
v -0.677315 -0.479683 0.337851
v -0.74765 -0.548042 0.174457
v -0.887671 -0.625565 -0.023122
v -1.026281 -0.644864 -0.274507
v -1.086515 -0.553682 -0.52274
v -1.034449 -0.366766 -0.681216
v -0.901549 -0.153054 -0.714152
v -0.764588 0.028641 -0.668922
v -1.041596 0.222904 -0.611328
v -1.004405 0.36745 -0.556866
v -0.944575 0.47981 -0.449957
v -0.885788 0.558321 -0.313994
v -0.849511 0.613883 -0.164817
v -0.843709 0.654345 -0.003578
v -0.860092 0.672602 0.173278
v -0.880411 0.650405 0.357836
v -0.887445 0.57468 0.525849
v -0.874554 0.450969 0.649505
v -0.849188 0.301353 0.716217
v -0.828872 0.149165 0.735232
v -0.831634 0.005233 0.725313
v -0.86552 -0.131769 0.695239
v -0.922768 -0.262688 0.635922
v -0.982544 -0.376857 0.531657
v -1.021701 -0.454491 0.379339
v -1.027929 -0.480425 0.196853
v -1.007251 -0.45548 0.012687
v -0.980481 -0.394112 -0.152834
v -0.970142 -0.310842 -0.296459
v -0.985912 -0.209203 -0.423257
v -1.018155 -0.084231 -0.530252
v -1.043932 0.064445 -0.600001
v -1.347598 0.240098 -0.4517
v -1.250876 0.341597 -0.389466
v -1.044951 0.376348 -0.270666
v -0.844338 0.365784 -0.152304
v -0.756204 0.367886 -0.060249
v -0.819607 0.42222 0.030137
v -0.986758 0.509145 0.158625
v -1.153847 0.563017 0.326316
v -1.221289 0.528336 0.48008
v -1.149263 0.406952 0.554556
v -0.979247 0.253424 0.532608
v -0.810887 0.12531 0.464358
v -0.746488 0.037087 0.423533
v -0.832426 -0.039803 0.440853
v -1.029929 -0.135094 0.4773
v -1.233769 -0.240846 0.462336
v -1.331296 -0.314946 0.360032
v -1.269284 -0.321892 0.200342
v -1.088123 -0.267892 0.048008
v -0.899992 -0.19399 -0.057585
v -0.821766 -0.134699 -0.131796
v -0.903184 -0.085313 -0.216521
v -1.095633 -0.012171 -0.325975
v -1.281807 0.104486 -0.423221
v -1.375995 0.201654 -0.155624
v -1.292685 0.248784 -0.129339
v -1.10517 0.258422 -0.080974
v -0.920065 0.246381 -0.031511
v -0.840618 0.245302 0.012266
v -0.907182 0.275779 0.063525
v -1.075503 0.326122 0.137877
v -1.243972 0.359949 0.230022
v -1.312905 0.345627 0.309796
v -1.24167 0.281596 0.344611
v -1.071674 0.195756 0.328531
v -0.90264 0.121115 0.289716
v -0.835497 0.070945 0.267257
v -0.91386 0.035105 0.277472
v -1.097512 -0.002309 0.300335
v -1.284097 -0.043633 0.298312
v -1.367853 -0.075588 0.249833
v -1.301927 -0.084323 0.166777
v -1.127178 -0.070008 0.081484
v -0.949056 -0.045213 0.017829
v -0.875175 -0.0196 -0.025445
v -0.950719 0.011398 -0.064962
v -1.131007 0.060357 -0.10917
v -1.308215 0.129742 -0.146286
v -1.122917 0.130565 0.111829
v -1.122917 0.130565 0.111829
v -1.122917 0.130565 0.111829
v -1.122917 0.130565 0.111829
v -1.122917 0.130565 0.111829
v -1.122917 0.130565 0.111829
v -1.122917 0.130565 0.111829
v -1.122917 0.130565 0.111829
v -1.122917 0.130565 0.111829
v -1.122917 0.130565 0.111829
v -1.122917 0.130565 0.111829
v -1.122917 0.130565 0.111829
v -1.122917 0.130565 0.111829
v -1.122917 0.130565 0.111829
v -1.122917 0.130565 0.111829
v -1.122917 0.130565 0.111829
v -1.122917 0.130565 0.111829
v -1.122917 0.130565 0.111829
v -1.122917 0.130565 0.111829
v -1.122917 0.130565 0.111829
v -1.122917 0.130565 0.111829
v -1.122917 0.130565 0.111829
v -1.122917 0.130565 0.111829
v -1.122917 0.130565 0.111829
v 1.760584 1.265617 -1.108828
v 1.504849 -0.313218 -2.774032
v 1.737781 -1.133242 -0.275097
v 2.029966 1.027259 -0.396468
v 1.72679 0.144466 -2.597168
v 1.735336 -1.385408 -0.53806
v 2.005509 0.634331 0.349538
v 1.672596 0.600629 -2.156581
v 1.466416 -1.392115 -0.959664
v 1.722151 0.18672 0.70554
v 1.489219 1.006744 -1.793395
v 1.197034 -1.153758 -1.672024
v 1.50021 -0.270964 0.528676
v 1.491664 1.25891 -1.530433
v 1.221491 -0.760829 -2.41803
v 1.554404 -0.727127 0.088089
v 1.795529 1.503599 -1.035794
v 1.539183 -0.079394 -2.702274
v 1.770376 -0.911259 -0.206973
v 2.059959 1.231522 -0.333782
v 1.753714 0.327825 -2.540897
v 1.759191 -1.222953 -0.488203
v 2.026762 0.779065 0.393956
v 1.69211 0.733523 -2.115797
v 1.485319 -1.263379 -0.920156
v 1.741665 0.319614 0.746324
v 1.510471 1.151479 -1.748978
v 1.220888 -0.991302 -1.622168
v 1.527133 -0.087605 0.584947
v 1.521657 1.463172 -1.467747
v 1.254086 -0.538846 -2.349906
v 1.588738 -0.493303 0.159847
v 1.834361 1.713634 -0.891095
v 1.577336 0.126972 -2.560103
v 1.806598 -0.715343 -0.072001
v 2.093289 1.411797 -0.209585
v 1.783633 0.489652 -2.42941
v 1.785699 -1.079574 -0.389426
v 2.050378 0.906804 0.481958
v 1.713794 0.850811 -2.034994
v 1.506325 -1.149761 -0.841882
v 1.763349 0.436902 0.827126
v 1.534088 1.279217 -1.660975
v 1.247396 -0.847924 -1.523391
v 1.557052 0.074222 0.696434
v 1.554987 1.643448 -1.34355
v 1.290307 -0.34293 -2.214934
v 1.626891 -0.286937 0.302018
v 1.874434 1.88141 -0.684592
v 1.616709 0.291816 -2.357208
v 1.843977 -0.558847 0.120619
v 2.127684 1.555801 -0.032342
v 1.814508 0.618919 -2.270305
v 1.813054 -0.965044 -0.248459
v 2.07475 1.008841 0.607548
v 1.736172 0.9445 -1.919679
v 1.528002 -1.059003 -0.730174
v 1.785727 0.530591 0.942442
v 1.558459 1.381254 -1.535385
v 1.274752 -0.733394 -1.382424
v 1.587928 0.203489 0.855539
v 1.589382 1.787451 -1.166306
v 1.327687 -0.186433 -2.022314
v 1.666264 -0.122093 0.504913
v 1.913017 1.995492 -0.430357
v 1.654619 0.403905 -2.107415
v 1.879966 -0.452434 0.357762
v 2.160801 1.653718 0.18587
v 1.844236 0.706816 -2.074424
v 1.839393 -0.887167 -0.074909
v 2.098215 1.078222 0.762167
v 1.757718 1.008206 -1.77771
v 1.548874 -0.99729 -0.592647
v 1.807272 0.594297 1.084411
v 1.581925 1.450636 -1.380766
v 1.30109 -0.655517 -1.208874
v 1.617655 0.291386 1.05142
v 1.622499 1.885369 -0.948095
v 1.363676 -0.080021 -1.785171
v 1.704173 -0.010004 0.754705
v 1.947482 2.048106 -0.145718
v 1.688481 0.455599 -1.827749
v 1.912114 -0.403357 0.623266
v 2.190382 1.698877 0.430179
v 1.87079 0.747353 -1.855117
v 1.862919 -0.851251 0.119397
v 2.119175 1.110221 0.935277
v 1.776963 1.037586 -1.618761
v 1.567517 -0.968829 -0.438671
v 1.826518 0.623677 1.24336
v 1.602885 1.482634 -1.207656
v 1.324617 -0.619601 -1.014568
v 1.644209 0.331923 1.270727
v 1.65208 1.930528 -0.703786
v 1.395824 -0.030944 -1.519667
v 1.738036 0.04169 1.034372
v 1.975478 2.035666 0.149929
v 1.715988 0.443377 -1.537267
v 1.938228 -0.414961 0.899038
v 2.214412 1.6882 0.683936
v 1.89236 0.737769 -1.627328
v 1.882031 -0.859743 0.321217
v 2.136202 1.102655 1.115082
v 1.792597 1.03064 -1.453666
v 1.582662 -0.975558 -0.278742
v 1.842152 0.616731 1.408455
v 1.619912 1.475068 -1.027851
v 1.343728 -0.628093 -0.812748
v 1.66578 0.322339 1.498516
v 1.676109 1.919851 -0.450029
v 1.421938 -0.042548 -1.243895
v 1.765543 0.029468 1.324853
v 1.995099 1.95902 0.436436
v 1.735266 0.36807 -1.255766
v 1.95653 -0.486454 1.166284
v 2.231252 1.622414 0.929848
v 1.907478 0.678715 -1.406582
v 1.895425 -0.912065 0.516797
v 2.148135 1.056041 1.289329
v 1.803554 0.987839 -1.293675
v 1.593276 -1.01702 -0.123756
v 1.853108 0.57393 1.568446
v 1.631845 1.428454 -0.853604
v 1.357122 -0.680414 -0.617168
v 1.680897 0.263285 1.719262
v 1.69295 1.854065 -0.204117
v 1.44024 -0.114041 -0.976649
v 1.784821 -0.045839 1.606355
v 2.005007 1.823391 0.694278
v 1.745001 0.234811 -1.002429
v 1.965772 -0.612965 1.406792
v 2.239756 1.506003 1.151156
v 1.915112 0.574217 -1.207921
v 1.902188 -1.00465 0.69281
v 2.154161 0.973555 1.446142
v 1.809087 0.912102 -1.149691
v 1.598636 -1.090388 0.015723
v 1.858641 0.498192 1.71243
v 1.637871 1.345968 -0.696792
v 1.363886 -0.772999 -0.441155
v 1.688531 0.158787 1.917922
v 1.701454 1.737653 0.017191
v 1.449482 -0.240552 -0.736141
v 1.794556 -0.179098 1.859692
v 2.004527 1.638023 0.905883
v 1.744529 0.052682 -0.794521
v 1.965324 -0.785871 1.604172
v 2.239344 1.346899 1.332778
v 1.914742 0.431395 -1.044885
v 1.901861 -1.131189 0.83726
v 2.153869 0.860819 1.574835
v 1.808818 0.808588 -1.031526
v 1.598376 -1.190662 0.13019
v 1.858373 0.394679 1.830594
v 1.637579 1.233232 -0.568099
v 1.363558 -0.899539 -0.296705
v 1.688161 0.015965 2.080958
v 1.701042 1.57855 0.198814
v 1.449034 -0.413458 -0.538761
v 1.794084 -0.361228 2.0676
v 1.993691 1.415547 1.056831
v 1.733883 -0.165907 -0.646211
v 1.955217 -0.993391 1.744972
v 2.230044 1.155946 1.462338
v 1.906393 0.259984 -0.928584
v 1.894464 -1.28306 0.940303
v 2.147279 0.725515 1.666637
v 1.802768 0.684353 -0.947234
v 1.592515 -1.31101 0.211845
v 1.852323 0.270444 1.914887
v 1.630989 1.097928 -0.476296
v 1.356162 -1.051409 -0.193662
v 1.679813 -0.155446 2.19726
v 1.691742 1.387597 0.328374
v 1.438927 -0.620977 -0.397961
v 1.783438 -0.579816 2.21591
v 1.973239 1.171126 1.136835
v 1.713788 -0.406058 -0.567605
v 1.93614 -1.221381 1.819597
v 2.21249 0.946157 1.531007
v 1.890635 0.071663 -0.866943
v 1.880502 -1.449911 0.994916
v 2.13484 0.576864 1.715294
v 1.791347 0.547864 -0.902558
v 1.581451 -1.44323 0.255123
v 1.840902 0.133954 1.959563
v 1.61855 0.949277 -0.42764
v 1.3422 -1.218261 -0.139049
v 1.664055 -0.343767 2.258901
v 1.674188 1.177808 0.397042
v 1.41985 -0.848967 -0.323336
v 1.763343 -0.819967 2.294516
v 1.944564 0.921415 1.140442
v 1.685614 -0.651406 -0.56406
v 1.909392 -1.454304 1.822963
v 2.187877 0.731828 1.534103
v 1.868542 -0.120732 -0.864163
v 1.860927 -1.620373 0.997379
v 2.117401 0.424996 1.717488
v 1.775334 0.40842 -0.900544
v 1.565939 -1.57831 0.257075
v 1.824889 -0.005489 1.961577
v 1.601111 0.797409 -0.425446
v 1.322625 -1.388723 -0.136586
v 1.641961 -0.536162 2.26168
v 1.649575 0.963479 0.400138
v 1.393102 -1.081891 -0.319971
v 1.735169 -1.065315 2.298061
v 1.909619 0.683433 1.067408
v 1.65128 -0.88523 -0.635818
v 1.876797 -1.676287 1.754838
v 2.157884 0.527566 1.471417
v 1.841618 -0.304091 -0.920434
v 1.837073 -1.782829 0.947523
v 2.096149 0.280261 1.67307
v 1.75582 0.275526 -0.941328
v 1.547036 -1.707046 0.217567
v 1.805375 -0.138383 1.920793
v 1.579858 0.652675 -0.469863
v 1.298771 -1.551178 -0.186442
v 1.615037 -0.719521 2.205409
v 1.619582 0.759216 0.337452
v 1.360507 -1.303874 -0.388095
v 1.700835 -1.299139 2.226302
v 1.870787 0.473398 0.922709
v 1.613127 -1.091596 -0.77799
v 1.840576 -1.872203 1.619866
v 2.124555 0.34729 1.34722
v 1.811699 -0.465918 -1.031921
v 1.810565 -1.926207 0.848746
v 2.072532 0.152523 1.585067
v 1.734136 0.158238 -1.022131
v 1.52603 -1.820664 0.139292
v 1.783691 -0.255671 1.83999
v 1.556242 0.524936 -0.557866
v 1.272263 -1.694557 -0.285219
v 1.585118 -0.881348 2.093922
v 1.586252 0.578941 0.213255
v 1.324285 -1.49979 -0.523067
v 1.662682 -1.505505 2.084131
v 1.830714 0.305622 0.716205
v 1.573754 -1.25644 -0.980885
v 1.803196 -2.028699 1.427246
v 2.090159 0.203287 1.169976
v 1.780824 -0.595185 -1.191027
v 1.78321 -2.040737 0.707779
v 2.04816 0.050486 1.459478
v 1.711758 0.064549 -1.137446
v 1.504352 -1.911422 0.027585
v 1.761313 -0.34936 1.724675
v 1.53187 0.422899 -0.683456
v 1.244907 -1.809087 -0.426186
v 1.554243 -1.010615 1.934817
v 1.551857 0.434937 0.036012
v 1.286906 -1.656286 -0.715687
v 1.623309 -1.670349 1.881236
v 1.792131 0.19154 0.461971
v 1.535844 -1.368529 -1.230677
v 1.767207 -2.135112 1.190103
v 2.057043 0.105369 0.951765
v 1.751096 -0.683082 -1.386908
v 1.756871 -2.118614 0.534229
v 2.024695 -0.018896 1.304859
v 1.690212 0.000843 -1.279415
v 1.483481 -1.973135 -0.109943
v 1.739767 -0.413066 1.582705
v 1.508405 0.353518 -0.838074
v 1.218569 -1.886964 -0.599736
v 1.524515 -1.098512 1.738936
v 1.518741 0.337019 -0.1822
v 1.250917 -1.762699 -0.95283
v 1.585399 -1.782438 1.631444
v 1.757667 0.138926 0.177332
v 1.501982 -1.420223 -1.510343
v 1.735059 -2.184189 0.924599
v 2.027462 0.06021 0.707456
v 1.724542 -0.72362 -1.606215
v 1.733344 -2.15453 0.339923
v 2.003735 -0.050894 1.131748
v 1.670967 -0.028537 -1.438364
v 1.464837 -2.001596 -0.263918
v 1.720522 -0.442446 1.423757
v 1.487444 0.321519 -1.011185
v 1.195042 -1.92288 -0.794042
v 1.497962 -1.13905 1.519629
v 1.48916 0.291861 -0.426509
v 1.218769 -1.811776 -1.218334
v 1.551537 -1.834132 1.351777
v 1.72967 0.151366 -0.118315
v 1.474475 -1.408001 -1.800825
v 1.708945 -2.172585 0.648827
v 2.003432 0.070887 0.453699
v 1.702972 -0.714035 -1.834003
v 1.714233 -2.146038 0.138103
v 1.986708 -0.043328 0.951943
v 1.655333 -0.02159 -1.603459
v 1.449693 -1.994867 -0.423848
v 1.704888 -0.4355 1.258662
v 1.470418 0.329085 -1.19099
v 1.175931 -1.914388 -0.995862
v 1.476391 -1.129465 1.29184
v 1.46513 0.302538 -0.680266
v 1.192655 -1.800172 -1.494106
v 1.52403 -1.82191 1.061296
v 1.710049 0.228012 -0.404822
v 1.455197 -1.332694 -2.082326
v 1.690643 -2.101092 0.381581
v 1.986591 0.136673 0.207787
v 1.687854 -0.654981 -2.05475
v 1.700839 -2.093717 -0.057478
v 1.974775 0.003286 0.777697
v 1.644376 0.02121 -1.76345
v 1.439079 -1.953405 -0.578833
v 1.693931 -0.392699 1.098671
v 1.458485 0.375699 -1.365236
v 1.162537 -1.862066 -1.191443
v 1.461274 -1.070412 1.071094
v 1.448289 0.368324 -0.926178
v 1.174353 -1.728679 -1.761352
v 1.504752 -1.746603 0.779795
v 1.700141 0.363641 -0.662664
v 1.445462 -1.199435 -2.335663
v 1.681401 -1.974581 0.141073
v 1.978087 0.253085 -0.013521
v 1.68022 -0.550483 -2.25341
v 1.694075 -2.001132 -0.233491
v 1.968749 0.085772 0.620884
v 1.638844 0.096948 -1.907434
v 1.433719 -1.880037 -0.718312
v 1.688398 -0.316961 0.954687
v 1.452459 0.458185 -1.522049
v 1.155773 -1.769481 -1.367455
v 1.45364 -0.965913 0.872434
v 1.439785 0.484735 -1.147486
v 1.165111 -1.602168 -2.00186
v 1.495017 -1.613344 0.526458
v 1.700621 0.549009 -0.874269
v 1.445934 -1.017305 -2.543571
v 1.681849 -1.801675 -0.056307
v 1.978499 0.412188 -0.195144
v 1.68059 -0.407662 -2.416446
v 1.694403 -1.874592 -0.37794
v 1.969041 0.198508 0.492191
v 1.639112 0.200461 -2.025599
v 1.433979 -1.779763 -0.83278
v 1.688666 -0.213448 0.836522
v 1.452751 0.570921 -1.650742
v 1.156101 -1.642942 -1.511905
v 1.45401 -0.823092 0.709397
v 1.440197 0.643839 -1.329108
v 1.165559 -1.429261 -2.19924
v 1.495488 -1.431215 0.31855
v 1.711457 0.771485 -1.025217
v 1.45658 -0.798717 -2.691882
v 1.691956 -1.594155 -0.197107
v 1.987799 0.603141 -0.324704
v 1.688939 -0.23625 -2.532748
v 1.7018 -1.722722 -0.480983
v 1.975631 0.333812 0.400388
v 1.645162 0.324696 -2.109891
v 1.43984 -1.659415 -0.914435
v 1.694717 -0.089213 0.75223
v 1.459341 0.706225 -1.742545
v 1.163497 -1.491071 -1.614948
v 1.462358 -0.65168 0.593096
v 1.449497 0.834791 -1.458669
v 1.175666 -1.221742 -2.34004
v 1.506135 -1.212626 0.170239
v 1.731909 1.015906 -1.105221
v 1.476675 -0.558566 -2.770488
v 1.711033 -1.366166 -0.271732
v 2.005354 0.81293 -0.393372
v 1.704697 -0.04793 -2.594389
v 1.715761 -1.55587 -0.535597
v 1.98807 0.482463 0.351732
v 1.656583 0.461186 -2.154567
v 1.450904 -1.527195 -0.957713
v 1.706138 0.047277 0.707554
v 1.471779 0.854876 -1.791201
v 1.177459 -1.32422 -1.669562
v 1.478116 -0.46336 0.531455
v 1.467052 1.044581 -1.527337
v 1.194743 -0.993752 -2.414665
v 1.526229 -0.972475 0.091633

vt 0.4816 0.5314
vt 0.4816 0.5314
vt 0.4816 0.5314
vt 0.4816 0.5314
vt 0.4816 0.5314
vt 0.4816 0.5314
vt 0.4816 0.5314
vt 0.4816 0.5314
vt 0.4816 0.5314
vt 0.4816 0.5314
vt 0.4816 0.5314
vt 0.4816 0.5314
vt 0.4816 0.5314
vt 0.4816 0.5314
vt 0.4816 0.5314
vt 0.4816 0.5314
vt 0.4816 0.5314
vt 0.4816 0.5314
vt 0.4816 0.5314
vt 0.4816 0.5314
vt 0.4816 0.5314
vt 0.4816 0.5314
vt 0.4816 0.5314
vt 0.4816 0.5314
vt 0.4865 0.5982
vt 0.4939 0.5938
vt 0.5003 0.585
vt 0.5054 0.5726
vt 0.5088 0.5574
vt 0.5103 0.5405
vt 0.5099 0.5229
vt 0.5076 0.506
vt 0.5036 0.4908
vt 0.4981 0.4783
vt 0.4915 0.4694
vt 0.4843 0.4647
vt 0.4768 0.4645
vt 0.4697 0.4688
vt 0.4634 0.4773
vt 0.4584 0.4895
vt 0.4548 0.5045
vt 0.453 0.5213
vt 0.4531 0.5389
vt 0.4552 0.556
vt 0.459 0.5714
vt 0.4645 0.5841
vt 0.4712 0.5932
vt 0.4788 0.598
vt 0.4921 0.6641
vt 0.5076 0.6549
vt 0.5208 0.6371
vt 0.5307 0.6122
vt 0.537 0.5819
vt 0.5395 0.5483
vt 0.5384 0.5136
vt 0.5338 0.4801
vt 0.5259 0.45
vt 0.515 0.4254
vt 0.5018 0.408
vt 0.4871 0.3988
vt 0.4719 0.3985
vt 0.4576 0.4071
vt 0.445 0.4239
vt 0.4349 0.4478
vt 0.4279 0.4772
vt 0.4243 0.5104
vt 0.4242 0.5452
vt 0.4278 0.5792
vt 0.435 0.6102
vt 0.4458 0.6359
vt 0.4597 0.6543
vt 0.4756 0.6639
vt 0.499 0.7283
vt 0.524 0.7136
vt 0.5441 0.6863
vt 0.5583 0.6489
vt 0.5666 0.6041
vt 0.5696 0.5547
vt 0.5676 0.5037
vt 0.5608 0.4543
vt 0.5493 0.4099
vt 0.5333 0.3734
vt 0.5131 0.3476
vt 0.4902 0.3342
vt 0.4664 0.3342
vt 0.4442 0.3472
vt 0.4252 0.3722
vt 0.4105 0.4073
vt 0.4004 0.4504
vt 0.395 0.4989
vt 0.3944 0.5501
vt 0.3987 0.6006
vt 0.4085 0.6469
vt 0.4242 0.6857
vt 0.4457 0.7138
vt 0.4717 0.7285
vt 0.5085 0.7902
vt 0.5454 0.7688
vt 0.5722 0.731
vt 0.5891 0.6813
vt 0.5981 0.6231
vt 0.6007 0.5592
vt 0.5977 0.4932
vt 0.5893 0.4291
vt 0.575 0.3711
vt 0.5542 0.3232
vt 0.5268 0.289
vt 0.494 0.2713
vt 0.4597 0.2718
vt 0.4283 0.2899
vt 0.4029 0.3232
vt 0.3842 0.369
vt 0.3717 0.4246
vt 0.3649 0.4872
vt 0.3634 0.5534
vt 0.3677 0.6191
vt 0.3785 0.6802
vt 0.3978 0.7322
vt 0.4272 0.7708
vt 0.4662 0.7912
vt 0.5238 0.8494
vt 0.5757 0.8185
vt 0.6069 0.769
vt 0.6237 0.7076
vt 0.6315 0.6377
vt 0.6329 0.5616
vt 0.629 0.4827
vt 0.6197 0.4055
vt 0.6039 0.3351
vt 0.5796 0.2759
vt 0.5446 0.2327
vt 0.4993 0.2102
vt 0.4506 0.2117
vt 0.4081 0.236
vt 0.3765 0.2782
vt 0.3551 0.3342
vt 0.3414 0.4009
vt 0.3337 0.4755
vt 0.3313 0.5547
vt 0.3343 0.6338
vt 0.344 0.7081
vt 0.364 0.7731
vt 0.4001 0.8238
vt 0.4572 0.852
vt 0.5548 0.9046
vt 0.6218 0.859
vt 0.6501 0.797
vt 0.6623 0.7258
vt 0.6666 0.6469
vt 0.6661 0.5614
vt 0.6615 0.4724
vt 0.6523 0.3848
vt 0.637 0.3037
vt 0.6118 0.2338
vt 0.5705 0.1801
vt 0.5079 0.1509
vt 0.4361 0.1541
vt 0.3798 0.1869
vt 0.3441 0.2392
vt 0.3224 0.3046
vt 0.3092 0.3804
vt 0.3015 0.4645
vt 0.298 0.5537
vt 0.2987 0.6432
vt 0.3047 0.728
vt 0.32 0.8047
vt 0.3555 0.8692
vt 0.4379 0.9105
vt 0.6447 0.9483
vt 0.6909 0.8827
vt 0.7011 0.8112
vt 0.7036 0.734
vt 0.7029 0.6498
vt 0.7 0.5586
vt 0.6951 0.4631
vt 0.6873 0.3683
vt 0.675 0.2794
vt 0.6538 0.2002
vt 0.6126 0.1344
vt 0.5257 0.0933
vt 0.4076 0.0998
vt 0.337 0.1458
vt 0.3036 0.2089
vt 0.2857 0.2821
vt 0.275 0.3644
vt 0.2682 0.4548
vt 0.2639 0.5504
vt 0.2616 0.6462
vt 0.2616 0.7376
vt 0.2654 0.8217
vt 0.2801 0.898
vt 0.3623 0.9629
vt 0.8281 0.9453
vt 0.772 0.8806
vt 0.7547 0.809
vt 0.7456 0.7312
vt 0.7394 0.6459
vt 0.7342 0.5531
vt 0.7294 0.4554
vt 0.724 0.3577
vt 0.7172 0.265
vt 0.7067 0.1801
vt 0.6843 0.1037
vt 0.591 0.0405
vt 0.3281 0.0547
vt 0.272 0.1194
vt 0.2547 0.191
vt 0.2456 0.2688
vt 0.2394 0.3541
vt 0.2342 0.4469
vt 0.2294 0.5446
vt 0.224 0.6423
vt 0.2172 0.735
vt 0.2067 0.8199
vt 0.1843 0.8963
vt 0.091 0.9595
vt 0.9076 0.9002
vt 0.837 0.8542
vt 0.8036 0.7911
vt 0.7857 0.7179
vt 0.775 0.6356
vt 0.7682 0.5452
vt 0.7639 0.4496
vt 0.7616 0.3538
vt 0.7616 0.2624
vt 0.7654 0.1783
vt 0.7801 0.102
vt 0.8623 0.0371
vt 0.1447 0.0517
vt 0.1909 0.1173
vt 0.2011 0.1888
vt 0.2036 0.266
vt 0.2029 0.3502
vt 0.2 0.4414
vt 0.1951 0.5369
vt 0.1873 0.6317
vt 0.175 0.7206
vt 0.1538 0.7998
vt 0.1126 0.8656
vt 0.0257 0.9067
vt 0.9361 0.8459
vt 0.8798 0.8131
vt 0.8441 0.7608
vt 0.8224 0.6954
vt 0.8092 0.6196
vt 0.8015 0.5355
vt 0.798 0.4463
vt 0.7987 0.3568
vt 0.8047 0.272
vt 0.82 0.1953
vt 0.8555 0.1308
vt 0.9379 0.0895
vt 0.0548 0.0954
vt 0.1218 0.141
vt 0.1501 0.203
vt 0.1623 0.2742
vt 0.1666 0.3531
vt 0.1661 0.4386
vt 0.1615 0.5276
vt 0.1523 0.6152
vt 0.137 0.6963
vt 0.1118 0.7662
vt 0.0705 0.8199
vt 0.0079 0.8491
vt 0.9506 0.7883
vt 0.9081 0.764
vt 0.8765 0.7218
vt 0.8551 0.6658
vt 0.8414 0.5991
vt 0.8337 0.5245
vt 0.8313 0.4453
vt 0.8343 0.3662
vt 0.844 0.2919
vt 0.864 0.2269
vt 0.9001 0.1762
vt 0.9572 0.148
vt 0.0238 0.1506
vt 0.0757 0.1815
vt 0.1069 0.231
vt 0.1237 0.2924
vt 0.1315 0.3623
vt 0.1329 0.4384
vt 0.129 0.5173
vt 0.1197 0.5945
vt 0.1039 0.6649
vt 0.0796 0.7241
vt 0.0446 0.7673
vt 0.9993 0.7898
vt 0.9597 0.7282
vt 0.9283 0.7101
vt 0.9029 0.6768
vt 0.8842 0.631
vt 0.8717 0.5754
vt 0.8649 0.5128
vt 0.8634 0.4466
vt 0.8677 0.3809
vt 0.8785 0.3198
vt 0.8978 0.2678
vt 0.9272 0.2292
vt 0.9662 0.2088
vt 0.0085 0.2098
vt 0.0454 0.2312
vt 0.0722 0.269
vt 0.0891 0.3187
vt 0.0981 0.3769
vt 0.1007 0.4408
vt 0.0977 0.5068
vt 0.0893 0.5709
vt 0.075 0.6289
vt 0.0542 0.6768
vt 0.0268 0.711
vt 0.994 0.7287
vt 0.9664 0.6658
vt 0.9442 0.6528
vt 0.9252 0.6278
vt 0.9105 0.5927
vt 0.9004 0.5496
vt 0.895 0.5011
vt 0.8944 0.4499
vt 0.8987 0.3994
vt 0.9085 0.3531
vt 0.9242 0.3143
vt 0.9457 0.2862
vt 0.9717 0.2715
vt 0.999 0.2717
vt 0.024 0.2864
vt 0.0441 0.3137
vt 0.0583 0.3511
vt 0.0666 0.3959
vt 0.0696 0.4453
vt 0.0676 0.4963
vt 0.0608 0.5457
vt 0.0493 0.5901
vt 0.0333 0.6266
vt 0.0131 0.6524
vt 0.9902 0.6658
vt 0.9719 0.6015
vt 0.9576 0.5929
vt 0.945 0.5761
vt 0.9349 0.5522
vt 0.9279 0.5228
vt 0.9243 0.4896
vt 0.9242 0.4548
vt 0.9278 0.4208
vt 0.935 0.3898
vt 0.9458 0.3641
vt 0.9597 0.3457
vt 0.9756 0.3361
vt 0.9921 0.3359
vt 0.0076 0.3451
vt 0.0208 0.3629
vt 0.0307 0.3878
vt 0.037 0.4181
vt 0.0395 0.4517
vt 0.0384 0.4864
vt 0.0338 0.5199
vt 0.0259 0.55
vt 0.015 0.5746
vt 0.0018 0.592
vt 0.9871 0.6012
vt 0.9768 0.5355
vt 0.9697 0.5312
vt 0.9634 0.5227
vt 0.9584 0.5105
vt 0.9548 0.4955
vt 0.953 0.4787
vt 0.9531 0.4611
vt 0.9552 0.444
vt 0.959 0.4286
vt 0.9645 0.4159
vt 0.9712 0.4068
vt 0.9788 0.402
vt 0.9865 0.4018
vt 0.9939 0.4062
vt 0.0003 0.415
vt 0.0054 0.4274
vt 0.0088 0.4426
vt 0.0103 0.4595
vt 0.0099 0.4771
vt 0.0076 0.494
vt 0.0036 0.5092
vt 0.9981 0.5217
vt 0.9915 0.5306
vt 0.9843 0.5353
vt 0.9816 0.4686
vt 0.9816 0.4686
vt 0.9816 0.4686
vt 0.9816 0.4686
vt 0.9816 0.4686
vt 0.9816 0.4686
vt 0.9816 0.4686
vt 0.9816 0.4686
vt 0.9816 0.4686
vt 0.9816 0.4686
vt 0.9816 0.4686
vt 0.9816 0.4686
vt 0.9816 0.4686
vt 0.9816 0.4686
vt 0.9816 0.4686
vt 0.9816 0.4686
vt 0.9816 0.4686
vt 0.9816 0.4686
vt 0.9816 0.4686
vt 0.9816 0.4686
vt 0.9816 0.4686
vt 0.9816 0.4686
vt 0.9816 0.4686
vt 0.9816 0.4686
vt 0.5992 0.6505
vt 0.4673 0.8389
vt 0.408 0.542
vt 0.5746 0.5549
vt 0.5133 0.8127
vt 0.3928 0.5757
vt 0.5488 0.4476
vt 0.5549 0.7806
vt 0.3791 0.6411
vt 0.5172 0.3769
vt 0.5946 0.7496
vt 0.3779 0.7509
vt 0.4716 0.3937
vt 0.6116 0.7117
vt 0.4113 0.8291
vt 0.4304 0.4837
vt 0.611 0.6325
vt 0.4918 0.835
vt 0.4243 0.533
vt 0.5858 0.544
vt 0.5294 0.8051
vt 0.4033 0.5713
vt 0.5584 0.4429
vt 0.5651 0.7718
vt 0.3878 0.6403
vt 0.5289 0.373
vt 0.6037 0.7369
vt 0.3915 0.7549
vt 0.4909 0.3837
vt 0.6219 0.6934
vt 0.4354 0.8325
vt 0.4521 0.4695
vt 0.6196 0.6086
vt 0.5128 0.8238
vt 0.44 0.5118
vt 0.5944 0.5264
vt 0.5426 0.7929
vt 0.4135 0.5587
vt 0.5663 0.4326
vt 0.5733 0.7598
vt 0.3962 0.6331
vt 0.5387 0.364
vt 0.6106 0.7208
vt 0.405 0.7516
vt 0.5076 0.3663
vt 0.6294 0.6706
vt 0.4587 0.8273
vt 0.4722 0.4424
vt 0.6253 0.5803
vt 0.5284 0.8063
vt 0.4532 0.4801
vt 0.6005 0.5039
vt 0.5523 0.7768
vt 0.4222 0.5383
vt 0.572 0.418
vt 0.5793 0.7454
vt 0.4035 0.6191
vt 0.546 0.3509
vt 0.6154 0.7022
vt 0.4169 0.7402
vt 0.5203 0.3438
vt 0.6343 0.6444
vt 0.4778 0.8137
vt 0.4884 0.4066
vt 0.6284 0.5492
vt 0.5381 0.7836
vt 0.4624 0.4418
vt 0.604 0.4783
vt 0.5582 0.7578
vt 0.4285 0.5117
vt 0.5755 0.4005
vt 0.5829 0.7292
vt 0.409 0.5991
vt 0.5506 0.3351
vt 0.6181 0.682
vt 0.4257 0.7205
vt 0.5284 0.3189
vt 0.6369 0.6159
vt 0.4907 0.7921
vt 0.4991 0.3673
vt 0.629 0.5164
vt 0.5419 0.757
vt 0.4669 0.4017
vt 0.605 0.451
vt 0.5605 0.7369
vt 0.4318 0.4815
vt 0.5768 0.3814
vt 0.5841 0.7122
vt 0.4119 0.5744
vt 0.5524 0.3178
vt 0.6188 0.6608
vt 0.4304 0.6931
vt 0.5317 0.2936
vt 0.6373 0.586
vt 0.4965 0.7635
vt 0.5038 0.3292
vt 0.6274 0.4832
vt 0.5402 0.7274
vt 0.4664 0.3645
vt 0.6037 0.4233
vt 0.5592 0.715
vt 0.4318 0.451
vt 0.5758 0.3618
vt 0.583 0.695
vt 0.4121 0.5474
vt 0.5514 0.3003
vt 0.6176 0.6396
vt 0.4304 0.6596
vt 0.5304 0.2697
vt 0.6358 0.5556
vt 0.4952 0.7287
vt 0.5027 0.2951
vt 0.6235 0.4507
vt 0.5333 0.6961
vt 0.4612 0.3331
vt 0.6001 0.3965
vt 0.5544 0.6933
vt 0.4286 0.4233
vt 0.5727 0.3427
vt 0.5798 0.6787
vt 0.4096 0.5208
vt 0.5478 0.2836
vt 0.6144 0.6194
vt 0.426 0.6229
vt 0.5247 0.2483
vt 0.6322 0.5258
vt 0.4874 0.6892
vt 0.4959 0.2668
vt 0.6175 0.4202
vt 0.5213 0.6647
vt 0.4519 0.3092
vt 0.5942 0.3717
vt 0.5464 0.673
vt 0.4227 0.4008
vt 0.5676 0.3252
vt 0.5743 0.6643
vt 0.4047 0.4974
vt 0.5417 0.2685
vt 0.6095 0.6011
vt 0.4179 0.5873
vt 0.5149 0.2305
vt 0.6267 0.4977
vt 0.4738 0.6478
vt 0.4842 0.2451
vt 0.609 0.3928
vt 0.5048 0.636
vt 0.4395 0.2936
vt 0.5862 0.3499
vt 0.5353 0.6557
vt 0.4146 0.3849
vt 0.5605 0.3101
vt 0.5669 0.6528
vt 0.3981 0.4792
vt 0.5333 0.2559
vt 0.6027 0.5861
vt 0.4072 0.5572
vt 0.5015 0.217
vt 0.6191 0.4728
vt 0.4558 0.6093
vt 0.4684 0.2306
vt 0.5983 0.3701
vt 0.4848 0.6131
vt 0.4252 0.2861
vt 0.5761 0.3322
vt 0.5216 0.6431
vt 0.4053 0.3759
vt 0.5519 0.2982
vt 0.5577 0.6453
vt 0.3904 0.4674
vt 0.5231 0.2464
vt 0.5943 0.5757
vt 0.395 0.5358
vt 0.4853 0.2084
vt 0.6093 0.4526
vt 0.4352 0.5792
vt 0.45 0.2236
vt 0.5852 0.3536
vt 0.463 0.5992
vt 0.4104 0.2862
vt 0.5643 0.3196
vt 0.506 0.6368
vt 0.3955 0.3737
vt 0.542 0.29
vt 0.5472 0.6429
vt 0.3823 0.4622
vt 0.5116 0.2405
vt 0.5844 0.5713
vt 0.3827 0.5244
vt 0.4676 0.2053
vt 0.5976 0.439
vt 0.4142 0.5614
vt 0.4307 0.2238
vt 0.5704 0.3449
vt 0.4413 0.5963
vt 0.3964 0.2932
vt 0.5514 0.3132
vt 0.4897 0.6376
vt 0.386 0.3777
vt 0.5315 0.2861
vt 0.536 0.6461
vt 0.3744 0.4634
vt 0.4995 0.2385
vt 0.5735 0.5743
vt 0.3711 0.5226
vt 0.4498 0.2076
vt 0.5841 0.4343
vt 0.3949 0.5571
vt 0.4124 0.2308
vt 0.5547 0.3458
vt 0.4217 0.6041
vt 0.384 0.3062
vt 0.5382 0.3138
vt 0.474 0.6458
vt 0.3774 0.3872
vt 0.5212 0.287
vt 0.5248 0.655
vt 0.3672 0.47
vt 0.4878 0.2406
vt 0.5624 0.5854
vt 0.3609 0.5293
vt 0.4333 0.2151
vt 0.5698 0.4406
vt 0.3784 0.5647
vt 0.3962 0.2437
vt 0.5394 0.358
vt 0.4053 0.621
vt 0.3736 0.324
vt 0.5258 0.322
vt 0.4599 0.6605
vt 0.3701 0.4011
vt 0.5117 0.2926
vt 0.5145 0.669
vt 0.361 0.4814
vt 0.4773 0.2467
vt 0.5518 0.6042
vt 0.3525 0.5426
vt 0.4192 0.2272
vt 0.5557 0.46
vt 0.3651 0.5814
vt 0.3829 0.2617
vt 0.5263 0.3828
vt 0.3928 0.6443
vt 0.3656 0.3459
vt 0.5154 0.3382
vt 0.4487 0.6799
vt 0.3643 0.4187
vt 0.5039 0.303
vt 0.506 0.6866
vt 0.3561 0.4964
vt 0.4688 0.2564
vt 0.5429 0.6293
vt 0.3459 0.561
vt 0.4082 0.2432
vt 0.5435 0.4929
vt 0.3551 0.6047
vt 0.3727 0.2837
vt 0.5169 0.4201
vt 0.3842 0.6716
vt 0.36 0.3709
vt 0.5081 0.3622
vt 0.4408 0.7023
vt 0.3602 0.439
vt 0.4985 0.3178
vt 0.5001 0.7062
vt 0.3526 0.5142
vt 0.4629 0.2694
vt 0.5366 0.6578
vt 0.3413 0.5831
vt 0.4006 0.2623
vt 0.5348 0.5371
vt 0.3482 0.6322
vt 0.3657 0.3091
vt 0.5126 0.4681
vt 0.3795 0.7009
vt 0.3568 0.3981
vt 0.5047 0.3932
vt 0.4368 0.7259
vt 0.3578 0.4611
vt 0.496 0.3364
vt 0.4973 0.7262
vt 0.3505 0.5337
vt 0.4599 0.2849
vt 0.5339 0.6867
vt 0.3385 0.6074
vt 0.3965 0.2838
vt 0.5308 0.5872
vt 0.3442 0.662
vt 0.3617 0.3369
vt 0.5139 0.5217
vt 0.3787 0.7303
vt 0.3561 0.4266
vt 0.5056 0.4292
vt 0.4368 0.7489
vt 0.3573 0.484
vt 0.4965 0.3578
vt 0.4979 0.7449
vt 0.35 0.5542
vt 0.4602 0.3024
vt 0.535 0.7129
vt 0.3377 0.6328
vt 0.3961 0.3067
vt 0.5324 0.6358
vt 0.3431 0.6927
vt 0.3609 0.3662
vt 0.5211 0.5734
vt 0.382 0.7586
vt 0.3578 0.4553
vt 0.5109 0.4669
vt 0.4411 0.7701
vt 0.3586 0.5068
vt 0.5003 0.3806
vt 0.5021 0.7611
vt 0.3511 0.5745
vt 0.4637 0.3206
vt 0.5401 0.7344
vt 0.3388 0.6583
vt 0.3994 0.33
vt 0.5396 0.6766
vt 0.345 0.7229
vt 0.3632 0.3962
vt 0.5335 0.6159
vt 0.3898 0.7844
vt 0.3623 0.4827
vt 0.5203 0.5022
vt 0.4496 0.7882
vt 0.3618 0.5283
vt 0.5069 0.4028
vt 0.5094 0.7738
vt 0.3537 0.5939
vt 0.4705 0.3385
vt 0.5486 0.7499
vt 0.3421 0.6828
vt 0.4067 0.3524
vt 0.5517 0.7059
vt 0.3501 0.7517
vt 0.3689 0.4252
vt 0.5497 0.6448
vt 0.4024 0.8067
vt 0.3695 0.5073
vt 0.5327 0.5306
vt 0.4621 0.8023
vt 0.367 0.5473
vt 0.516 0.4224
vt 0.5194 0.7823
vt 0.3579 0.6112
vt 0.48 0.3546
vt 0.5596 0.7589
vt 0.3476 0.7054
vt 0.418 0.3722
vt 0.5669 0.7229
vt 0.3589 0.7779
vt 0.3785 0.4514
vt 0.5674 0.6591
vt 0.4202 0.824
vt 0.3797 0.5269
vt 0.5469 0.5494
vt 0.4779 0.8114
vt 0.374 0.5624
vt 0.5266 0.4372
vt 0.531 0.7862
vt 0.3637 0.6255
vt 0.4916 0.3672
vt 0.5717 0.7615
vt 0.3555 0.725
vt 0.4333 0.3871
vt 0.5832 0.7283
vt 0.3719 0.8004
vt 0.3921 0.472
vt 0.5844 0.6602
vt 0.4424 0.8351
vt 0.3928 0.5393
vt 0.5613 0.5572
vt 0.4955 0.8149
vt 0.3828 0.5723
vt 0.5379 0.4458
vt 0.5432 0.7856
vt 0.3709 0.6358
vt 0.5044 0.3749
vt 0.5837 0.7581
vt 0.3657 0.7405
vt 0.4517 0.3948
vt 0.5985 0.7239
vt 0.3896 0.818
vt 0.4097 0.4839

vn -0.602355 0.714974 -0.354937
vn -0.749717 -0.414643 -0.515747
vn -0.463092 -0.752618 -0.468094
vn -0.382504 -0.778687 -0.49733
vn -0.486309 -0.804158 -0.34181
vn -0.354332 -0.297112 0.886664
vn -0.195985 -0.142617 0.970181
vn -0.293807 -0.136882 0.946013
vn -0.574961 0.210762 0.790569
vn -0.520847 0.853559 0.012444
vn -0.25268 0.924767 -0.284534
vn -0.163742 0.941913 -0.293237
vn -0.316181 0.858536 -0.403665
vn -0.507294 -0.606492 -0.612225
vn -0.384781 -0.752529 -0.534456
vn -0.466804 -0.716632 -0.518201
vn -0.718895 -0.664608 -0.203681
vn -0.637416 -0.26799 0.722414
vn -0.283618 -0.058725 0.957138
vn -0.18842 -0.084643 0.978434
vn -0.299718 0.12149 0.946261
vn -0.255853 0.962488 -0.090316
vn -0.156293 0.955426 -0.250465
vn -0.241833 0.943478 -0.226643
vn -0.936624 0.34688 -0.04909
vn -0.652223 -0.717504 -0.244527
vn -0.458866 -0.796797 -0.393138
vn -0.462104 -0.754409 -0.466183
vn -0.745016 -0.660602 0.0925
vn -0.327368 -0.085877 0.940987
vn -0.277174 -0.146434 0.949595
vn -0.457188 -0.235379 0.857657
vn -0.92608 0.147803 0.347174
vn -0.52014 0.765274 -0.379224
vn -0.271402 0.889807 -0.366857
vn -0.25227 0.924063 -0.287172
vn -0.73428 0.424922 -0.52941
vn -0.497813 -0.722824 -0.479279
vn -0.452309 -0.719603 -0.526866
vn -0.598435 -0.581256 -0.551377
vn -0.986779 -0.16161 -0.012197
vn -0.496033 0.192452 0.846707
vn -0.270688 0.054802 0.961106
vn -0.282199 -0.055543 0.957747
vn -0.585137 0.519841 0.622399
vn -0.283992 0.925114 -0.252016
vn -0.225084 0.948028 -0.224901
vn -0.361258 0.927263 -0.098365
vn -0.691883 -0.065336 0.719048
vn -0.5769 -0.792455 0.197993
vn -0.562947 -0.79909 -0.211061
vn -0.754839 -0.51506 -0.406118
vn -0.971043 0.190901 0.143642
vn -0.594304 0.188046 0.781947
vn -0.510289 -0.237467 0.826568
vn -0.632245 -0.619562 0.465198
vn -0.803467 -0.474066 -0.360142
vn -0.595501 0.335836 -0.729789
vn -0.441168 0.759485 -0.478072
vn -0.562548 0.818373 -0.117493
vn -0.990999 0.032245 0.12993
vn -0.733803 -0.64465 -0.214379
vn -0.643367 -0.543517 -0.539136
vn -0.712942 -0.026276 -0.700731
vn -0.627079 0.771346 -0.108616
vn -0.378806 0.683817 0.623618
vn -0.383224 0.273757 0.882155
vn -0.63519 -0.09736 0.766195
vn -0.992514 0.120383 0.02059
vn -0.613114 0.717413 -0.330771
vn -0.408814 0.909568 -0.074552
vn -0.450967 0.816486 0.360526
vn -0.142832 -0.237753 0.960767
vn -0.323088 -0.557047 0.765058
vn -0.810353 -0.447172 0.378635
vn -0.989489 0.126577 0.069923
vn -0.929572 0.348163 0.121152
vn -0.949144 0.166296 0.267341
vn -0.852992 -0.493245 0.170628
vn -0.476903 -0.837357 -0.2672
vn -0.332518 -0.726707 -0.601107
vn -0.455935 -0.425112 -0.781922
vn -0.86831 0.034674 -0.494809
vn -0.982798 0.138494 0.122176
vn -0.965929 -0.025061 0.257592
vn -0.995333 -0.085493 0.044757
vn -0.861431 0.285333 -0.420145
vn -0.331646 0.811046 -0.481888
vn -0.089167 0.976551 -0.195954
vn -0.17144 0.978586 0.113918
vn -0.667956 0.669553 0.324859
vn -0.99149 0.079542 0.103055
vn -0.995795 0.011538 -0.090884
vn -0.965781 0.258439 -0.021811
vn -0.719833 0.506507 0.474649
vn -0.28178 0.227628 0.932087
vn -0.041994 -0.228318 0.97268
vn -0.225684 0.040693 0.97335
vn -0.571742 0.218081 0.790918
vn -0.83043 0.149159 0.536784
vn -0.969048 -0.073731 0.235604
vn -0.921497 -0.356812 -0.153393
vn -0.646633 -0.56972 -0.507233
vn -0.347842 -0.672888 -0.652861
vn -0.247692 -0.759211 -0.60187
vn -0.421015 -0.809574 -0.409067
vn -0.716601 -0.668485 -0.199023
vn -0.924002 -0.365151 -0.113511
vn -0.991735 0.055598 -0.115627
vn -0.820245 0.558218 -0.124862
vn -0.421965 0.899864 -0.110406
vn -0.092993 0.98755 -0.126873
vn -0.006563 0.97418 -0.225676
vn -0.227835 0.90059 -0.370175
vn -0.601841 0.712267 -0.361197
vn -0.837075 0.525268 -0.152967
vn -0.921248 0.351757 0.166042
vn -0.82969 0.102013 0.548824
vn -0.511378 -0.188634 0.838397
vn -0.170039 -0.322157 0.93129
vn -0.697544 0.010992 0.716458
vn -0.562889 0.344781 0.751187
vn -0.461644 0.173939 0.869845
vn -0.457386 -0.355186 0.815255
vn -0.445342 -0.837771 0.315927
vn -0.424779 -0.869495 -0.252075
vn -0.471367 -0.656911 -0.588457
vn -0.635187 -0.446595 -0.630152
vn -0.8113 -0.499494 -0.303806
vn -0.716343 -0.691248 -0.095016
vn -0.622711 -0.734966 -0.268433
vn -0.591704 -0.505901 -0.627655
vn -0.488246 0.189426 -0.8519
vn -0.281879 0.80312 -0.524921
vn -0.227201 0.963438 -0.142007
vn -0.375123 0.926141 0.039325
vn -0.655589 0.738343 -0.158281
vn -0.640618 0.625936 -0.444762
vn -0.481441 0.789204 -0.381277
vn -0.33344 0.942753 -0.005815
vn -0.231586 0.798917 0.555067
vn -0.216619 0.26109 0.940696
vn -0.308016 -0.248306 0.918406
vn -0.509843 -0.381716 0.770943
vn -0.879865 0.128617 0.457488
vn -0.790915 0.076246 0.607157
vn -0.399454 -0.349076 0.847692
vn 0.107998 -0.807238 0.580262
vn 0.226196 -0.952896 0.202052
vn 0.077136 -0.991915 -0.100768
vn -0.421535 -0.854046 -0.304818
vn -0.887787 -0.414162 -0.200758
vn -0.95881 -0.270795 -0.085758
vn -0.890204 -0.408249 -0.202161
vn -0.542317 -0.548068 -0.636799
vn 0.024876 -0.268577 -0.962937
vn 0.286423 0.174632 -0.942054
vn 0.219842 0.581665 -0.783158
vn -0.261093 0.839825 -0.475946
vn -0.769454 0.622041 -0.144931
vn -0.881898 0.462022 -0.093769
vn -0.771323 0.620974 -0.139471
vn -0.283379 0.958409 -0.033882
vn 0.26603 0.926624 0.265699
vn 0.458199 0.702986 0.543934
vn 0.359589 0.457694 0.813149
vn -0.216727 0.190324 0.9575
vn -0.787624 0.08088 0.610824
vn -0.710862 0.067369 0.700097
vn -0.608816 -0.417736 0.674418
vn -0.163517 -0.862266 0.479333
vn 0.278798 -0.930978 0.235695
vn 0.414234 -0.896512 0.157086
vn 0.22115 -0.954905 0.198116
vn -0.337133 -0.922203 0.189426
vn -0.723409 -0.690392 0.006215
vn -0.824771 -0.504319 -0.255764
vn -0.71766 -0.322638 -0.617145
vn -0.22645 -0.063826 -0.971929
vn 0.328144 0.108795 -0.938342
vn 0.488461 0.137573 -0.861673
vn 0.282573 0.181762 -0.941868
vn -0.332675 0.347883 -0.87653
vn -0.684082 0.525479 -0.50587
vn -0.686891 0.702023 -0.188002
vn -0.460689 0.878944 0.123379
vn 0.041568 0.909529 0.413556
vn 0.497129 0.713096 0.494325
vn 0.62974 0.610898 0.479824
vn 0.454499 0.70135 0.549126
vn -0.106691 0.732668 0.672172
vn -0.563941 0.450182 0.69232
vn 0.080591 -0.150775 0.985278
vn 0.064441 -0.766928 0.63849
vn 0.034244 -0.962389 0.269507
vn -0.00437 -0.991611 0.129184
vn -0.080041 -0.949155 0.304462
vn -0.156384 -0.865224 0.476373
vn -0.193927 -0.92197 0.335207
vn -0.199035 -0.979179 -0.039929
vn -0.150419 -0.817487 -0.555957
vn -0.039034 -0.32988 -0.943216
vn 0.057557 0.162553 -0.98502
vn 0.061886 0.353217 -0.933492
vn -0.08059 0.150777 -0.985277
vn -0.217912 -0.061312 -0.974041
vn -0.217192 0.136097 -0.966595
vn -0.103246 0.596069 -0.796268
vn 0.080041 0.949156 -0.304462
vn 0.213905 0.951359 0.221722
vn 0.267048 0.78517 0.558742
vn 0.251031 0.688151 0.680758
vn 0.15042 0.817487 0.555958
vn 0.048925 0.908251 0.415556
vn 0.032389 0.837728 0.545126
vn 0.056432 0.540791 0.839262
vn 0.811172 -0.255037 0.526266
vn 0.65562 -0.621705 0.428538
vn 0.194247 -0.896472 0.398253
vn -0.378431 -0.84366 0.380826
vn -0.560205 -0.740988 0.37028
vn -0.4295 -0.839623 0.332509
vn 0.002545 -0.992059 0.125751
vn 0.452937 -0.864444 -0.218138
vn 0.63105 -0.597556 -0.494675
vn 0.582089 -0.334665 -0.741061
vn 0.180699 -0.063558 -0.981483
vn -0.432895 0.099474 -0.895939
vn -0.622301 0.112825 -0.774605
vn -0.475543 0.166967 -0.863702
vn 0.070709 0.355197 -0.932113
vn 0.618171 0.50877 -0.599181
vn 0.785696 0.577423 -0.221955
vn 0.731777 0.674736 0.096091
vn 0.385248 0.832187 0.398809
vn -0.163609 0.847252 0.505367
vn -0.362121 0.799012 0.48005
vn -0.215122 0.811847 0.542796
vn 0.258471 0.684621 0.681533
vn 0.718163 0.213163 0.662423
vn 0.937963 -0.23731 0.252803
vn 0.872432 -0.239545 0.426005
vn 0.361346 -0.460888 0.810562
vn -0.236906 -0.687218 0.686737
vn -0.38295 -0.843767 0.376041
vn -0.242896 -0.969902 0.017105
vn 0.251025 -0.89788 -0.361659
vn 0.724063 -0.532558 -0.438309
vn 0.844322 -0.391725 -0.365612
vn 0.721326 -0.531999 -0.44347
vn 0.161707 -0.653889 -0.739108
vn -0.355494 -0.327876 -0.875283
vn -0.436553 0.106242 -0.893383
vn -0.170947 0.541859 -0.822901
vn 0.447464 0.725528 -0.522862
vn 0.856456 0.471387 -0.210421
vn 0.939316 0.307264 -0.152556
vn 0.854438 0.476554 -0.20696
vn 0.388408 0.916024 -0.100198
vn -0.068031 0.974882 0.21208
vn -0.168012 0.844042 0.509278
vn 0.005174 0.595508 0.803333
vn 0.537368 0.091058 0.838417
vn 0.87521 -0.233951 0.423407
vn 0.801995 -0.206406 0.560535
vn 0.63493 0.147695 0.758321
vn 0.4559 -0.028367 0.889579
vn 0.356851 -0.523444 0.773733
vn 0.297312 -0.921881 0.248475
vn 0.305275 -0.890059 -0.33853
vn 0.395457 -0.62834 -0.669927
vn 0.546452 -0.449766 -0.70647
vn 0.603993 -0.641814 -0.472511
vn 0.353989 -0.8866 -0.297712
vn 0.178284 -0.871921 -0.456035
vn 0.175339 -0.603795 -0.777617
vn 0.342012 0.084162 -0.935919
vn 0.496635 0.683761 -0.534625
vn 0.589854 0.796436 -0.13327
vn 0.708747 0.705459 0.002154
vn 0.764654 0.586764 -0.266482
vn 0.537718 0.628949 -0.5615
vn 0.387758 0.813334 -0.433741
vn 0.40036 0.915179 -0.046463
vn 0.510088 0.716639 0.475646
vn 0.589545 0.107933 0.800492
vn 0.58956 -0.413251 0.694004
vn 0.666494 -0.53861 0.515446
vn 0.201469 -0.070035 0.976988
vn 0.323557 0.034944 0.945563
vn 0.642465 -0.056611 0.764221
vn 0.903591 -0.240272 0.354672
vn 0.927102 -0.362708 -0.094475
vn 0.789144 -0.435594 -0.433024
vn 0.519353 -0.557941 -0.647283
vn 0.144203 -0.744124 -0.652293
vn -0.053035 -0.862678 -0.502965
vn 0.047636 -0.902695 -0.427635
vn 0.377083 -0.815893 -0.438324
vn 0.776195 -0.475806 -0.413679
vn 0.959139 0.005385 -0.282884
vn 0.902847 0.404728 -0.145127
vn 0.691932 0.714638 -0.102579
vn 0.370258 0.904536 -0.211481
vn 0.167342 0.909535 -0.38045
vn 0.255996 0.84472 -0.470015
vn 0.571524 0.710237 -0.411004
vn 0.893837 0.408559 -0.184756
vn 0.995668 0.023928 0.089846
vn 0.901264 -0.281681 0.32921
vn 0.684621 -0.429261 0.589092
vn 0.376341 -0.32255 0.868521
vn 0.299333 -0.05504 0.95256
vn 0.420612 -0.487363 0.765221
vn 0.773551 -0.607008 0.182101
vn 0.943492 -0.216738 -0.250695
vn 0.968146 0.04019 -0.24714
vn 0.993044 -0.082448 -0.084061
vn 0.694598 -0.719398 0.000861
vn 0.163524 -0.963773 -0.210715
vn 0.033157 -0.871765 -0.488801
vn 0.231099 -0.622939 -0.747356
vn 0.776584 -0.126595 -0.617163
vn 0.991589 0.092499 -0.090526
vn 0.994899 -0.029138 0.096581
vn 0.986069 -0.144614 -0.082191
vn 0.777608 0.135018 -0.614081
vn 0.336169 0.649181 -0.682316
vn 0.250399 0.880343 -0.402861
vn 0.448623 0.890264 -0.078529
vn 0.880996 0.440854 0.171738
vn 0.975229 -0.2151 0.051572
vn 0.928276 -0.34574 -0.136996
vn 0.984664 -0.11755 -0.128912
vn 0.870824 0.33404 0.360669
vn 0.453927 0.312266 0.83453
vn 0.798673 -0.134459 0.586551
vn 0.482521 -0.87552 0.025248
vn 0.369558 -0.836128 -0.405359
vn 0.535186 -0.571621 -0.621953
vn 0.979965 -0.096908 -0.174002
vn 0.750982 -0.119276 0.64946
vn 0.511689 -0.514093 0.688391
vn 0.456303 -0.828804 0.323838
vn 0.582938 -0.688767 -0.431025
vn 0.593036 0.250603 -0.765184
vn 0.562599 0.694624 -0.448308
vn 0.705892 0.696868 -0.126848
vn 0.997976 -0.045299 -0.044625
vn 0.516693 -0.732586 -0.443109
vn 0.341059 -0.572192 -0.745838
vn 0.463709 -0.089267 -0.881479
vn 0.747357 0.57904 -0.325837
vn 0.712966 0.468544 0.521676
vn 0.640698 -0.00651 0.767765
vn 0.706194 -0.397378 0.585988
vn 0.976601 -0.201301 -0.075682
vn 0.693053 0.630652 -0.349222
vn 0.541536 0.839147 -0.050707
vn 0.620108 0.711619 0.330249
vn 0.908232 -0.293759 -0.298027
vn 0.318411 -0.847099 -0.425486
vn 0.163404 -0.832633 -0.52917
vn 0.217798 -0.801274 -0.557247
vn 0.663745 -0.666909 0.338637
vn 0.431984 -0.224681 0.873446
vn 0.418472 -0.331287 0.845654
vn 0.619375 -0.423215 0.661259
vn 0.975951 0.181869 -0.120179
vn 0.517222 0.733193 -0.441486
vn 0.380251 0.854416 -0.354095
vn 0.432797 0.844457 -0.31556
vn 0.630339 -0.230466 -0.741322
vn 0.18093 -0.790598 -0.584995
vn 0.187993 -0.733758 -0.652884
vn 0.43456 -0.605167 -0.667031
vn 0.965593 -0.221727 0.135897
vn 0.593175 -0.019031 0.804849
vn 0.427938 -0.135622 0.893575
vn 0.474636 -0.18965 0.859508
vn 0.76608 0.621192 0.16505
vn 0.400402 0.869847 -0.288175
vn 0.409836 0.888526 -0.206292
vn 0.622354 0.773384 -0.120634
vn 0.520788 -0.562373 -0.642275
vn 0.179772 -0.827365 -0.532118
vn 0.091266 -0.833772 -0.544514
vn 0.214793 -0.885674 -0.411638
vn 0.443149 -0.389834 0.807248
vn 0.343414 -0.205335 0.916463
vn 0.433356 -0.221432 0.873596
vn 0.750377 0.056664 0.658577
vn 0.693358 0.712381 -0.108485
vn 0.395862 0.849357 -0.349123
vn 0.313194 0.886458 -0.340736
vn 0.418215 0.773146 -0.476803
vn 0.227101 -0.691888 -0.685358
vn 0.092157 -0.807985 -0.581952
vn 0.181737 -0.792042 -0.582787
vn 0.495313 -0.805791 -0.324602
vn 0.68792 -0.422088 0.59043
vn 0.443558 -0.143274 0.88472
vn 0.350976 -0.147358 0.924717
vn 0.497756 0.028771 0.86684
vn 0.445255 0.880968 -0.160135
vn 0.317481 0.90034 -0.297646
vn 0.401027 0.868731 -0.290663
vn 0.668152 0.56724 -0.481468
vn 0.991541 -0.123794 -0.039008
vn -0.967565 0.091856 0.23533
vn -0.982618 0.105685 0.152621
vn 0.990226 -0.119843 -0.071352
vn -0.99003 0.073552 0.120125
vn -0.990102 0.117871 0.076181
vn 0.980832 -0.104935 -0.164187
vn 0.966539 -0.092199 -0.239377
vn -0.991538 0.123777 0.039128
vn 0.970151 -0.094607 -0.223285
vn 0.982136 -0.10564 -0.155721
vn -0.990158 0.119242 0.07327
vn 0.989487 -0.110144 -0.093722
vn 0.990233 -0.117843 -0.074516
vn -0.981379 0.106105 0.160113
vn -0.96279 0.090321 0.254711
vn 0.988904 -0.142591 -0.041678
vn -0.981077 0.074006 0.178916
vn -0.982907 0.080177 0.165729
vn 0.989022 -0.126891 -0.075719
vn -0.988734 0.112133 0.09915
vn -0.989204 0.125881 0.075031
vn 0.984994 -0.091343 -0.146438
vn 0.892832 0.068753 -0.445111
vn -0.988907 0.142534 0.041793
vn 0.98162 -0.076567 -0.174816
vn 0.981881 -0.07707 -0.17312
vn -0.989047 0.126117 0.076686
vn 0.988767 -0.113941 -0.096735
vn 0.989282 -0.126767 -0.072469
vn -0.985087 0.092485 0.145085
vn -0.819895 -0.132229 0.557035
vn 0.98541 -0.164209 -0.044743
vn -0.986402 0.06524 0.150846
vn -0.980598 0.021356 0.194862
vn 0.987874 -0.133317 -0.079569
vn -0.988661 0.113372 0.098471
vn -0.987819 0.137131 0.073537
vn 0.987568 -0.081791 -0.134234
vn -0.900171 0.381932 -0.209333
vn -0.985422 0.164109 0.044853
vn 0.986514 -0.06718 -0.149253
vn 0.975848 0.000351 -0.218448
vn -0.987931 0.132729 0.079845
vn 0.988627 -0.114659 -0.097315
vn 0.987675 -0.140238 -0.069513
vn -0.987531 0.08237 0.134153
vn 0.93296 -0.328737 0.14669
vn 0.979873 -0.193542 -0.048881
vn -0.989445 0.059504 0.132132
vn -0.860971 -0.359568 0.359778
vn 0.986599 -0.140161 -0.083531
vn -0.988632 0.113845 0.098219
vn -0.985008 0.157209 0.071023
vn 0.989529 -0.073674 -0.124113
vn -0.969079 0.24632 0.014558
vn -0.979899 0.193387 0.048982
vn 0.989432 -0.060817 -0.131629
vn 0.11242 0.841337 -0.52869
vn -0.986624 0.140148 0.08326
vn 0.988562 -0.114993 -0.097584
vn 0.983828 -0.167397 -0.063721
vn -0.989478 0.073401 0.124683
vn 0.97168 -0.235362 -0.021048
vn 0.968263 -0.2436 -0.0559
vn -0.991596 0.054999 0.117099
vn 0.934711 -0.354859 -0.019759
vn 0.984922 -0.148742 -0.088339
vn -0.988613 0.114127 0.098075
vn -0.974542 0.214884 0.063968
vn 0.991278 -0.065598 -0.1143
vn -0.975008 0.211989 0.066487
vn -0.968324 0.24334 0.055986
vn 0.991555 -0.055691 -0.11712
vn -0.95597 0.290661 0.040462
vn -0.984786 0.150042 0.087654
vn 0.98852 -0.115203 -0.09776
vn 0.959791 -0.277849 -0.040007
vn -0.991278 0.064132 0.115127
vn 0.975882 -0.207571 -0.067597
vn 0.924942 -0.372887 -0.073742
vn -0.993365 0.050918 0.103116
vn 0.969096 -0.22985 -0.089562
vn 0.982168 -0.16193 -0.095521
vn -0.9886 0.114331 0.097969
vn 0.678639 0.722082 -0.134339
vn 0.993066 -0.05625 -0.103224
vn -0.976542 0.194901 0.091543
vn -0.92513 0.37241 0.073795
vn 0.993342 -0.050925 -0.103337
vn -0.972588 0.214314 0.090237
vn -0.981435 0.166708 0.094836
vn 0.988487 -0.115365 -0.0979
vn -0.984577 -0.12734 0.119971
vn -0.993181 0.052956 0.10386
vn 0.976947 -0.192898 -0.091456
vn -0.128081 -0.981864 -0.139781
vn -0.995006 0.046678 0.088229
vn 0.975182 -0.192175 -0.109952
vn 0.975539 -0.190031 -0.110503
vn -0.988588 0.114511 0.097884
vn 0.996141 -0.018871 -0.085719
vn 0.995147 -0.043398 -0.088314
vn -0.977083 0.183463 0.107933
vn 0.128082 0.981864 0.139782
vn 0.995034 -0.045859 -0.088342
vn -0.976572 0.185786 0.108583
vn -0.971274 0.209502 0.112855
vn 0.988458 -0.115507 -0.098026
vn -0.995285 0.038669 0.088953
vn -0.995458 0.036741 0.087825
vn 0.977259 -0.182726 -0.107596
vn -0.991023 -0.133678 0.00163
vn -0.996685 0.041593 0.069916
vn 0.977632 -0.172152 -0.120828
vn 0.92454 -0.3329 -0.185481
vn -0.988576 0.114685 0.097804
vn 0.994559 -0.0661 -0.080513
vn 0.997812 -0.020956 -0.062708
vn -0.977258 0.174219 0.120889
vn 0.991087 0.133201 -0.001816
vn 0.9968 -0.039604 -0.069436
vn -0.978327 0.169238 0.119308
vn -0.479549 0.803997 0.351598
vn 0.988428 -0.115652 -0.098158
vn -0.994091 0.07053 0.082511
vn -0.998318 0.005842 0.057673
vn 0.97727 -0.174295 -0.12068
vn -0.999766 0.002112 0.021523
vn -0.998491 0.034251 0.042923
vn 0.979006 -0.158208 -0.12852
vn -0.999617 -0.027441 -0.003454
vn -0.988562 0.11488 0.097714
vn 0.993352 -0.084379 -0.078307
vn 0.99916 0.040428 0.006664
vn -0.977222 0.165567 0.132761
vn 0.999762 -0.00234 -0.021681
vn 0.998717 -0.030242 -0.040614
vn -0.979345 0.157073 0.127325
vn 0.998905 -0.028124 -0.037379
vn 0.988393 -0.115819 -0.098314
vn -0.993181 0.085436 0.079326
vn -0.994005 -0.09967 -0.04495
vn 0.977087 -0.166222 -0.132931
vn -0.998153 0.053415 0.028933
vn -0.99975 0.020182 -0.009585
vn 0.979938 -0.14653 -0.135093
vn -0.995933 0.074601 0.050514
vn -0.988543 0.115137 0.097604
vn 0.992483 -0.095234 -0.076867
vn 0.083935 0.664004 0.743003
vn -0.976978 0.156289 0.145219
vn 0.998143 -0.053537 -0.029073
vn 0.999759 -0.011137 0.018918
vn -0.980036 0.146446 0.134472
vn 0.994773 -0.082351 -0.060366
vn 0.988345 -0.116041 -0.098532
vn -0.992472 0.095139 0.077121
vn 0.755155 -0.451538 -0.475242
vn 0.976677 -0.157375 -0.146064
vn -0.995982 0.083168 0.033206
vn -0.979781 -0.030185 -0.197784
vn 0.980651 -0.135115 -0.141662
vn -0.99303 0.099188 0.063666
vn -0.988513 0.115534 0.097436
vn 0.991759 -0.103386 -0.075668
vn -0.951563 0.185813 0.244954
vn -0.976386 0.144816 0.160307
vn 0.995972 -0.083231 -0.033339
vn 0.959209 0.070603 0.273741
vn -0.980544 0.135641 0.141901
vn 0.992533 -0.100999 -0.068393
vn 0.988263 -0.116422 -0.098906
vn -0.991842 0.1029 0.075239
vn 0.960772 -0.173337 -0.216498
vn 0.975848 -0.146148 -0.162364
vn -0.993814 0.104952 0.03632
vn 0.779682 -0.176041 -0.600921
vn 0.981222 -0.122112 -0.149303
vn -0.991302 0.111282 0.070266
vn -0.988446 0.116396 0.097088
vn 0.991062 -0.110668 -0.074485
vn -0.975248 0.127917 0.180357
vn -0.97493 0.127851 0.182115
vn 0.993807 -0.104975 -0.036447
vn -0.862184 0.1662 0.478557
vn -0.980893 0.122778 0.150913
vn 0.991095 -0.111383 -0.072968
vn 0.988047 -0.117408 -0.099896
vn -0.991198 0.110211 0.073344
vn 0.976757 -0.12732 -0.172442
vn 0.973907 -0.128968 -0.186741
vn -0.991541 0.123794 0.039008
vn 0.963037 -0.088424 -0.254443
vn 0.9816 -0.104416 -0.159871
vn -0.99005 0.11924 0.074716
vn -0.988079 0.120924 0.095271
vn 0.990285 -0.118266 -0.073133
vn -0.982058 0.106241 0.155804
vn -0.97011 0.094923 0.223328
vn 0.991538 -0.123777 -0.039128
vn -0.966586 0.091832 0.239327
vn -0.980922 0.104246 0.164087
vn 0.989991 -0.118728 -0.076303
vn 0.980355 -0.147744 -0.130672
vn -0.990433 0.118252 0.071125
vn 0.982424 -0.107173 -0.152832
vn 0.967348 -0.093518 -0.235568
vn -0.988904 0.142591 0.041679
vn 0.98006 -0.070443 -0.185796
vn 0.981197 -0.073483 -0.178474
vn -0.988994 0.125521 0.078329
vn 0.988951 -0.109643 -0.099768
vn 0.989257 -0.127602 -0.071328
vn -0.985488 0.093809 0.141466
vn -0.932631 -0.021066 0.360217
vn 0.988907 -0.142534 -0.041793
vn -0.980726 0.073361 0.181095
vn -0.97948 0.068603 0.189508
vn 0.989013 -0.124846 -0.079169
vn -0.988918 0.113402 0.095816
vn -0.989337 0.128763 0.068061
vn 0.985542 -0.09472 -0.140484
vn 0.903041 0.055824 -0.425912
vn -0.98541 0.164209 0.044743
vn 0.986088 -0.061988 -0.154234
vn 0.973058 0.013864 -0.230145
vn -0.987978 0.131232 0.081718
vn 0.98872 -0.11285 -0.098481
vn 0.987547 -0.141666 -0.068417
vn -0.987751 0.084868 0.130937
vn 0.796129 -0.492351 0.351809
vn 0.985422 -0.164112 -0.044853
vn -0.986225 0.064108 0.152482
vn -0.958318 -0.060972 0.279122
vn 0.988028 -0.130678 -0.081998
vn -0.988666 0.114584 0.097005
vn -0.987278 0.146087 0.062772
vn 0.987711 -0.085309 -0.130952
vn -0.886651 0.399067 -0.233656
vn -0.979873 0.193543 0.048882
vn 0.989376 -0.056425 -0.133984
vn -0.296679 0.841492 -0.451524
vn -0.98687 0.137135 0.085327
vn 0.988663 -0.113614 -0.09817
vn 0.983329 -0.170931 -0.062027
vn -0.989531 0.077334 0.121853
vn 0.964171 -0.265275 -0.002102
vn 0.979899 -0.193386 -0.048982
vn -0.989367 0.057824 0.133448
vn 0.856049 -0.493597 0.153434
vn 0.986904 -0.136998 -0.085163
vn -0.988577 0.115004 0.097419
vn -0.980709 0.189214 0.049081
vn 0.989487 -0.07705 -0.122391
vn -0.967958 0.25088 0.010809
vn -0.968264 0.243597 0.055898
vn 0.99165 -0.051916 -0.118044
vn -0.959152 0.279195 0.045574
vn -0.985483 0.144127 0.089727
vn 0.988635 -0.113991 -0.098013
vn 0.950062 -0.310672 -0.029403
vn -0.991135 0.07007 0.112878
vn 0.973313 -0.22049 -0.063615
vn 0.968323 -0.243342 -0.055984
vn -0.99161 0.052615 0.118075
vn 0.967869 -0.245152 -0.055949
vn 0.985412 -0.144906 -0.089245
vn -0.988526 0.115244 0.097652
vn -0.690531 0.709318 -0.141544
vn 0.991141 -0.06878 -0.113617
vn -0.974413 0.21516 0.065011
vn -0.924942 0.372886 0.073743
vn 0.993504 -0.047637 -0.103344
vn -0.973454 0.209923 0.091208
vn -0.983407 0.153905 0.096037
vn 0.988617 -0.114244 -0.097901
vn -0.990941 -0.070711 0.114179
vn -0.992767 0.062077 0.102764
vn 0.975518 -0.200181 -0.091065
vn 0.925131 -0.372406 -0.073801
vn -0.993482 0.047585 0.103578
vn 0.975764 -0.198732 -0.091596
vn 0.982997 -0.156807 -0.095547
vn -0.988488 0.115427 0.097821
vn 0.993956 0.003005 -0.109734
vn 0.992879 -0.059295 -0.103326
vn -0.976006 0.197819 0.09099
vn 0.128089 0.981863 0.139781
vn 0.995225 -0.042936 -0.087658
vn -0.977179 0.182585 0.108551
vn -0.979317 0.171377 0.107552
vn 0.988603 -0.11445 -0.097806
vn -0.994809 0.048104 0.089673
vn -0.994633 0.051854 0.089533
vn 0.976297 -0.187302 -0.108451
vn -0.128071 -0.981865 -0.13978
vn -0.995258 0.041953 0.087761
vn 0.978246 -0.177473 -0.107414
vn 0.977478 -0.180958 -0.108586
vn -0.988454 0.115588 0.097968
vn 0.994141 -0.057743 -0.091374
vn 0.994928 -0.046528 -0.089182
vn -0.976508 0.186412 0.108083
vn 0.991023 0.133678 -0.00163
vn 0.996996 -0.036917 -0.068086
vn -0.978915 0.166339 0.118564
vn -0.964517 0.222674 0.141859
vn 0.988589 -0.114649 -0.097712
vn -0.993605 0.075482 0.083971
vn -0.997013 0.035842 0.068409
vn 0.976562 -0.177291 -0.122044
vn -0.991087 -0.133202 0.001826
vn -0.99712 0.03458 0.067491
vn 0.979487 -0.16388 -0.117258
vn 0.944724 -0.283544 -0.164618
vn -0.98842 0.115757 0.098117
vn 0.99329 -0.078149 -0.085253
vn 0.99758 -0.024981 -0.06488
vn -0.976588 0.177311 0.121804
vn 0.999766 -0.002111 -0.021521
vn 0.998886 -0.027549 -0.038303
vn -0.979988 0.154275 0.125788
vn 0.841204 0.445819 0.305977
vn 0.988574 -0.114874 -0.0976
vn -0.992722 0.088869 0.081268
vn -0.999777 0.000552 0.02113
vn 0.976536 -0.168171 -0.134524
vn -0.999762 0.002338 0.021678
vn -0.999113 0.022711 0.035462
vn 0.98028 -0.153277 -0.124725
vn -0.998084 -0.05744 -0.023
vn -0.988378 0.115967 0.098293
vn 0.992612 -0.089478 -0.081947
vn 0.999537 0.030385 -0.001505
vn -0.976398 0.168838 0.134689
vn 0.998153 -0.053415 -0.028934
vn 0.999687 -0.007653 0.023819
vn -0.980782 0.143773 0.131891
vn 0.997879 -0.057587 -0.03034
vn 0.988555 -0.115174 -0.097441
vn -0.992029 0.097705 0.07957
vn -0.946616 -0.200678 -0.252281
vn 0.976227 -0.158555 -0.147788
vn -0.998143 0.053537 0.029072
vn -0.999333 -0.004268 -0.036273
vn 0.980877 -0.143671 -0.131294
vn -0.996278 0.071663 0.047897
vn -0.988315 0.116279 0.098551
vn 0.992038 -0.097523 -0.079688
vn 0.482448 0.582425 0.654236
vn -0.975902 0.159709 0.148686
vn 0.995982 -0.083168 -0.033204
vn 0.949568 0.083231 0.302314
vn -0.98145 0.133312 0.137785
vn 0.993876 -0.09551 -0.055572
vn 0.988521 -0.1157 -0.09716
vn -0.991414 0.104723 0.078302
vn 0.921533 -0.221018 -0.319263
vn 0.97545 -0.146704 -0.164242
vn -0.995972 0.083233 0.033337
vn -0.881245 -0.160156 -0.444699
vn 0.981376 -0.133736 -0.137894
vn -0.993227 0.098126 0.062219
vn -0.988189 0.116916 0.09906
vn 0.991495 -0.104273 -0.077879
vn -0.945883 0.19445 0.259798
vn -0.974847 0.148156 0.166501
vn 0.993814 -0.104952 -0.036321
vn -0.874622 0.162041 0.456923
vn -0.982059 0.121415 0.144283
vn 0.991699 -0.110654 -0.065483
vn 0.988424 -0.117187 -0.096361
vn -0.990798 0.111156 0.077221
vn 0.971383 -0.130672 -0.198343
vn 0.973483 -0.128881 -0.188998
vn -0.993807 0.104975 0.036447
vn 0.909632 -0.155254 -0.385312
vn 0.981814 -0.121979 -0.145476
vn -0.991447 0.110815 0.068938
vn -0.987653 0.119599 0.101184
vn 0.99092 -0.110757 -0.076229
vn -0.973877 0.129601 0.186461
vn -0.972273 0.130131 0.194295

f 1/1/1 2/2/2 25/25/25
f 2/2/2 26/26/26 25/25/25
f 2/2/2 3/3/3 26/26/26
f 3/3/3 27/27/27 26/26/26
f 3/3/3 4/4/4 27/27/27
f 4/4/4 28/28/28 27/27/27
f 4/4/4 5/5/5 28/28/28
f 5/5/5 29/29/29 28/28/28
f 5/5/5 6/6/6 29/29/29
f 6/6/6 30/30/30 29/29/29
f 6/6/6 7/7/7 30/30/30
f 7/7/7 31/31/31 30/30/30
f 7/7/7 8/8/8 31/31/31
f 8/8/8 32/32/32 31/31/31
f 8/8/8 9/9/9 32/32/32
f 9/9/9 33/33/33 32/32/32
f 9/9/9 10/10/10 33/33/33
f 10/10/10 34/34/34 33/33/33
f 10/10/10 11/11/11 34/34/34
f 11/11/11 35/35/35 34/34/34
f 11/11/11 12/12/12 35/35/35
f 12/12/12 36/36/36 35/35/35
f 12/12/12 13/13/13 36/36/36
f 13/13/13 37/37/37 36/36/36
f 13/13/13 14/14/14 37/37/37
f 14/14/14 38/38/38 37/37/37
f 14/14/14 15/15/15 38/38/38
f 15/15/15 39/39/39 38/38/38
f 15/15/15 16/16/16 39/39/39
f 16/16/16 40/40/40 39/39/39
f 16/16/16 17/17/17 40/40/40
f 17/17/17 41/41/41 40/40/40
f 17/17/17 18/18/18 41/41/41
f 18/18/18 42/42/42 41/41/41
f 18/18/18 19/19/19 42/42/42
f 19/19/19 43/43/43 42/42/42
f 19/19/19 20/20/20 43/43/43
f 20/20/20 44/44/44 43/43/43
f 20/20/20 21/21/21 44/44/44
f 21/21/21 45/45/45 44/44/44
f 21/21/21 22/22/22 45/45/45
f 22/22/22 46/46/46 45/45/45
f 22/22/22 23/23/23 46/46/46
f 23/23/23 47/47/47 46/46/46
f 23/23/23 24/24/24 47/47/47
f 24/24/24 48/48/48 47/47/47
f 24/24/24 1/1/1 48/48/48
f 1/1/1 25/25/25 48/48/48
f 25/25/25 26/26/26 49/49/49
f 26/26/26 50/50/50 49/49/49
f 26/26/26 27/27/27 50/50/50
f 27/27/27 51/51/51 50/50/50
f 27/27/27 28/28/28 51/51/51
f 28/28/28 52/52/52 51/51/51
f 28/28/28 29/29/29 52/52/52
f 29/29/29 53/53/53 52/52/52
f 29/29/29 30/30/30 53/53/53
f 30/30/30 54/54/54 53/53/53
f 30/30/30 31/31/31 54/54/54
f 31/31/31 55/55/55 54/54/54
f 31/31/31 32/32/32 55/55/55
f 32/32/32 56/56/56 55/55/55
f 32/32/32 33/33/33 56/56/56
f 33/33/33 57/57/57 56/56/56
f 33/33/33 34/34/34 57/57/57
f 34/34/34 58/58/58 57/57/57
f 34/34/34 35/35/35 58/58/58
f 35/35/35 59/59/59 58/58/58
f 35/35/35 36/36/36 59/59/59
f 36/36/36 60/60/60 59/59/59
f 36/36/36 37/37/37 60/60/60
f 37/37/37 61/61/61 60/60/60
f 37/37/37 38/38/38 61/61/61
f 38/38/38 62/62/62 61/61/61
f 38/38/38 39/39/39 62/62/62
f 39/39/39 63/63/63 62/62/62
f 39/39/39 40/40/40 63/63/63
f 40/40/40 64/64/64 63/63/63
f 40/40/40 41/41/41 64/64/64
f 41/41/41 65/65/65 64/64/64
f 41/41/41 42/42/42 65/65/65
f 42/42/42 66/66/66 65/65/65
f 42/42/42 43/43/43 66/66/66
f 43/43/43 67/67/67 66/66/66
f 43/43/43 44/44/44 67/67/67
f 44/44/44 68/68/68 67/67/67
f 44/44/44 45/45/45 68/68/68
f 45/45/45 69/69/69 68/68/68
f 45/45/45 46/46/46 69/69/69
f 46/46/46 70/70/70 69/69/69
f 46/46/46 47/47/47 70/70/70
f 47/47/47 71/71/71 70/70/70
f 47/47/47 48/48/48 71/71/71
f 48/48/48 72/72/72 71/71/71
f 48/48/48 25/25/25 72/72/72
f 25/25/25 49/49/49 72/72/72
f 49/49/49 50/50/50 73/73/73
f 50/50/50 74/74/74 73/73/73
f 50/50/50 51/51/51 74/74/74
f 51/51/51 75/75/75 74/74/74
f 51/51/51 52/52/52 75/75/75
f 52/52/52 76/76/76 75/75/75
f 52/52/52 53/53/53 76/76/76
f 53/53/53 77/77/77 76/76/76
f 53/53/53 54/54/54 77/77/77
f 54/54/54 78/78/78 77/77/77
f 54/54/54 55/55/55 78/78/78
f 55/55/55 79/79/79 78/78/78
f 55/55/55 56/56/56 79/79/79
f 56/56/56 80/80/80 79/79/79
f 56/56/56 57/57/57 80/80/80
f 57/57/57 81/81/81 80/80/80
f 57/57/57 58/58/58 81/81/81
f 58/58/58 82/82/82 81/81/81
f 58/58/58 59/59/59 82/82/82
f 59/59/59 83/83/83 82/82/82
f 59/59/59 60/60/60 83/83/83
f 60/60/60 84/84/84 83/83/83
f 60/60/60 61/61/61 84/84/84
f 61/61/61 85/85/85 84/84/84
f 61/61/61 62/62/62 85/85/85
f 62/62/62 86/86/86 85/85/85
f 62/62/62 63/63/63 86/86/86
f 63/63/63 87/87/87 86/86/86
f 63/63/63 64/64/64 87/87/87
f 64/64/64 88/88/88 87/87/87
f 64/64/64 65/65/65 88/88/88
f 65/65/65 89/89/89 88/88/88
f 65/65/65 66/66/66 89/89/89
f 66/66/66 90/90/90 89/89/89
f 66/66/66 67/67/67 90/90/90
f 67/67/67 91/91/91 90/90/90
f 67/67/67 68/68/68 91/91/91
f 68/68/68 92/92/92 91/91/91
f 68/68/68 69/69/69 92/92/92
f 69/69/69 93/93/93 92/92/92
f 69/69/69 70/70/70 93/93/93
f 70/70/70 94/94/94 93/93/93
f 70/70/70 71/71/71 94/94/94
f 71/71/71 95/95/95 94/94/94
f 71/71/71 72/72/72 95/95/95
f 72/72/72 96/96/96 95/95/95
f 72/72/72 49/49/49 96/96/96
f 49/49/49 73/73/73 96/96/96
f 73/73/73 74/74/74 97/97/97
f 74/74/74 98/98/98 97/97/97
f 74/74/74 75/75/75 98/98/98
f 75/75/75 99/99/99 98/98/98
f 75/75/75 76/76/76 99/99/99
f 76/76/76 100/100/100 99/99/99
f 76/76/76 77/77/77 100/100/100
f 77/77/77 101/101/101 100/100/100
f 77/77/77 78/78/78 101/101/101
f 78/78/78 102/102/102 101/101/101
f 78/78/78 79/79/79 102/102/102
f 79/79/79 103/103/103 102/102/102
f 79/79/79 80/80/80 103/103/103
f 80/80/80 104/104/104 103/103/103
f 80/80/80 81/81/81 104/104/104
f 81/81/81 105/105/105 104/104/104
f 81/81/81 82/82/82 105/105/105
f 82/82/82 106/106/106 105/105/105
f 82/82/82 83/83/83 106/106/106
f 83/83/83 107/107/107 106/106/106
f 83/83/83 84/84/84 107/107/107
f 84/84/84 108/108/108 107/107/107
f 84/84/84 85/85/85 108/108/108
f 85/85/85 109/109/109 108/108/108
f 85/85/85 86/86/86 109/109/109
f 86/86/86 110/110/110 109/109/109
f 86/86/86 87/87/87 110/110/110
f 87/87/87 111/111/111 110/110/110
f 87/87/87 88/88/88 111/111/111
f 88/88/88 112/112/112 111/111/111
f 88/88/88 89/89/89 112/112/112
f 89/89/89 113/113/113 112/112/112
f 89/89/89 90/90/90 113/113/113
f 90/90/90 114/114/114 113/113/113
f 90/90/90 91/91/91 114/114/114
f 91/91/91 115/115/115 114/114/114
f 91/91/91 92/92/92 115/115/115
f 92/92/92 116/116/116 115/115/115
f 92/92/92 93/93/93 116/116/116
f 93/93/93 117/117/117 116/116/116
f 93/93/93 94/94/94 117/117/117
f 94/94/94 118/118/118 117/117/117
f 94/94/94 95/95/95 118/118/118
f 95/95/95 119/119/119 118/118/118
f 95/95/95 96/96/96 119/119/119
f 96/96/96 120/120/120 119/119/119
f 96/96/96 73/73/73 120/120/120
f 73/73/73 97/97/97 120/120/120
f 97/97/97 98/98/98 121/121/121
f 98/98/98 122/122/122 121/121/121
f 98/98/98 99/99/99 122/122/122
f 99/99/99 123/123/123 122/122/122
f 99/99/99 100/100/100 123/123/123
f 100/100/100 124/124/124 123/123/123
f 100/100/100 101/101/101 124/124/124
f 101/101/101 125/125/125 124/124/124
f 101/101/101 102/102/102 125/125/125
f 102/102/102 126/126/126 125/125/125
f 102/102/102 103/103/103 126/126/126
f 103/103/103 127/127/127 126/126/126
f 103/103/103 104/104/104 127/127/127
f 104/104/104 128/128/128 127/127/127
f 104/104/104 105/105/105 128/128/128
f 105/105/105 129/129/129 128/128/128
f 105/105/105 106/106/106 129/129/129
f 106/106/106 130/130/130 129/129/129
f 106/106/106 107/107/107 130/130/130
f 107/107/107 131/131/131 130/130/130
f 107/107/107 108/108/108 131/131/131
f 108/108/108 132/132/132 131/131/131
f 108/108/108 109/109/109 132/132/132
f 109/109/109 133/133/133 132/132/132
f 109/109/109 110/110/110 133/133/133
f 110/110/110 134/134/134 133/133/133
f 110/110/110 111/111/111 134/134/134
f 111/111/111 135/135/135 134/134/134
f 111/111/111 112/112/112 135/135/135
f 112/112/112 136/136/136 135/135/135
f 112/112/112 113/113/113 136/136/136
f 113/113/113 137/137/137 136/136/136
f 113/113/113 114/114/114 137/137/137
f 114/114/114 138/138/138 137/137/137
f 114/114/114 115/115/115 138/138/138
f 115/115/115 139/139/139 138/138/138
f 115/115/115 116/116/116 139/139/139
f 116/116/116 140/140/140 139/139/139
f 116/116/116 117/117/117 140/140/140
f 117/117/117 141/141/141 140/140/140
f 117/117/117 118/118/118 141/141/141
f 118/118/118 142/142/142 141/141/141
f 118/118/118 119/119/119 142/142/142
f 119/119/119 143/143/143 142/142/142
f 119/119/119 120/120/120 143/143/143
f 120/120/120 144/144/144 143/143/143
f 120/120/120 97/97/97 144/144/144
f 97/97/97 121/121/121 144/144/144
f 121/121/121 122/122/122 145/145/145
f 122/122/122 146/146/146 145/145/145
f 122/122/122 123/123/123 146/146/146
f 123/123/123 147/147/147 146/146/146
f 123/123/123 124/124/124 147/147/147
f 124/124/124 148/148/148 147/147/147
f 124/124/124 125/125/125 148/148/148
f 125/125/125 149/149/149 148/148/148
f 125/125/125 126/126/126 149/149/149
f 126/126/126 150/150/150 149/149/149
f 126/126/126 127/127/127 150/150/150
f 127/127/127 151/151/151 150/150/150
f 127/127/127 128/128/128 151/151/151
f 128/128/128 152/152/152 151/151/151
f 128/128/128 129/129/129 152/152/152
f 129/129/129 153/153/153 152/152/152
f 129/129/129 130/130/130 153/153/153
f 130/130/130 154/154/154 153/153/153
f 130/130/130 131/131/131 154/154/154
f 131/131/131 155/155/155 154/154/154
f 131/131/131 132/132/132 155/155/155
f 132/132/132 156/156/156 155/155/155
f 132/132/132 133/133/133 156/156/156
f 133/133/133 157/157/157 156/156/156
f 133/133/133 134/134/134 157/157/157
f 134/134/134 158/158/158 157/157/157
f 134/134/134 135/135/135 158/158/158
f 135/135/135 159/159/159 158/158/158
f 135/135/135 136/136/136 159/159/159
f 136/136/136 160/160/160 159/159/159
f 136/136/136 137/137/137 160/160/160
f 137/137/137 161/161/161 160/160/160
f 137/137/137 138/138/138 161/161/161
f 138/138/138 162/162/162 161/161/161
f 138/138/138 139/139/139 162/162/162
f 139/139/139 163/163/163 162/162/162
f 139/139/139 140/140/140 163/163/163
f 140/140/140 164/164/164 163/163/163
f 140/140/140 141/141/141 164/164/164
f 141/141/141 165/165/165 164/164/164
f 141/141/141 142/142/142 165/165/165
f 142/142/142 166/166/166 165/165/165
f 142/142/142 143/143/143 166/166/166
f 143/143/143 167/167/167 166/166/166
f 143/143/143 144/144/144 167/167/167
f 144/144/144 168/168/168 167/167/167
f 144/144/144 121/121/121 168/168/168
f 121/121/121 145/145/145 168/168/168
f 145/145/145 146/146/146 169/169/169
f 146/146/146 170/170/170 169/169/169
f 146/146/146 147/147/147 170/170/170
f 147/147/147 171/171/171 170/170/170
f 147/147/147 148/148/148 171/171/171
f 148/148/148 172/172/172 171/171/171
f 148/148/148 149/149/149 172/172/172
f 149/149/149 173/173/173 172/172/172
f 149/149/149 150/150/150 173/173/173
f 150/150/150 174/174/174 173/173/173
f 150/150/150 151/151/151 174/174/174
f 151/151/151 175/175/175 174/174/174
f 151/151/151 152/152/152 175/175/175
f 152/152/152 176/176/176 175/175/175
f 152/152/152 153/153/153 176/176/176
f 153/153/153 177/177/177 176/176/176
f 153/153/153 154/154/154 177/177/177
f 154/154/154 178/178/178 177/177/177
f 154/154/154 155/155/155 178/178/178
f 155/155/155 179/179/179 178/178/178
f 155/155/155 156/156/156 179/179/179
f 156/156/156 180/180/180 179/179/179
f 156/156/156 157/157/157 180/180/180
f 157/157/157 181/181/181 180/180/180
f 157/157/157 158/158/158 181/181/181
f 158/158/158 182/182/182 181/181/181
f 158/158/158 159/159/159 182/182/182
f 159/159/159 183/183/183 182/182/182
f 159/159/159 160/160/160 183/183/183
f 160/160/160 184/184/184 183/183/183
f 160/160/160 161/161/161 184/184/184
f 161/161/161 185/185/185 184/184/184
f 161/161/161 162/162/162 185/185/185
f 162/162/162 186/186/186 185/185/185
f 162/162/162 163/163/163 186/186/186
f 163/163/163 187/187/187 186/186/186
f 163/163/163 164/164/164 187/187/187
f 164/164/164 188/188/188 187/187/187
f 164/164/164 165/165/165 188/188/188
f 165/165/165 189/189/189 188/188/188
f 165/165/165 166/166/166 189/189/189
f 166/166/166 190/190/190 189/189/189
f 166/166/166 167/167/167 190/190/190
f 167/167/167 191/191/191 190/190/190
f 167/167/167 168/168/168 191/191/191
f 168/168/168 192/192/192 191/191/191
f 168/168/168 145/145/145 192/192/192
f 145/145/145 169/169/169 192/192/192
f 169/169/169 170/170/170 193/193/193
f 170/170/170 194/194/194 193/193/193
f 170/170/170 171/171/171 194/194/194
f 171/171/171 195/195/195 194/194/194
f 171/171/171 172/172/172 195/195/195
f 172/172/172 196/196/196 195/195/195
f 172/172/172 173/173/173 196/196/196
f 173/173/173 197/197/197 196/196/196
f 173/173/173 174/174/174 197/197/197
f 174/174/174 198/198/198 197/197/197
f 174/174/174 175/175/175 198/198/198
f 175/175/175 199/199/199 198/198/198
f 175/175/175 176/176/176 199/199/199
f 176/176/176 200/200/200 199/199/199
f 176/176/176 177/177/177 200/200/200
f 177/177/177 201/201/201 200/200/200
f 177/177/177 178/178/178 201/201/201
f 178/178/178 202/202/202 201/201/201
f 178/178/178 179/179/179 202/202/202
f 179/179/179 203/203/203 202/202/202
f 179/179/179 180/180/180 203/203/203
f 180/180/180 204/204/204 203/203/203
f 180/180/180 181/181/181 204/204/204
f 181/181/181 205/205/205 204/204/204
f 181/181/181 182/182/182 205/205/205
f 182/182/182 206/206/206 205/205/205
f 182/182/182 183/183/183 206/206/206
f 183/183/183 207/207/207 206/206/206
f 183/183/183 184/184/184 207/207/207
f 184/184/184 208/208/208 207/207/207
f 184/184/184 185/185/185 208/208/208
f 185/185/185 209/209/209 208/208/208
f 185/185/185 186/186/186 209/209/209
f 186/186/186 210/210/210 209/209/209
f 186/186/186 187/187/187 210/210/210
f 187/187/187 211/211/211 210/210/210
f 187/187/187 188/188/188 211/211/211
f 188/188/188 212/212/212 211/211/211
f 188/188/188 189/189/189 212/212/212
f 189/189/189 213/213/213 212/212/212
f 189/189/189 190/190/190 213/213/213
f 190/190/190 214/214/214 213/213/213
f 190/190/190 191/191/191 214/214/214
f 191/191/191 215/215/215 214/214/214
f 191/191/191 192/192/192 215/215/215
f 192/192/192 216/216/216 215/215/215
f 192/192/192 169/169/169 216/216/216
f 169/169/169 193/193/193 216/216/216
f 193/193/193 194/194/194 217/217/217
f 194/194/194 218/218/218 217/217/217
f 194/194/194 195/195/195 218/218/218
f 195/195/195 219/219/219 218/218/218
f 195/195/195 196/196/196 219/219/219
f 196/196/196 220/220/220 219/219/219
f 196/196/196 197/197/197 220/220/220
f 197/197/197 221/221/221 220/220/220
f 197/197/197 198/198/198 221/221/221
f 198/198/198 222/222/222 221/221/221
f 198/198/198 199/199/199 222/222/222
f 199/199/199 223/223/223 222/222/222
f 199/199/199 200/200/200 223/223/223
f 200/200/200 224/224/224 223/223/223
f 200/200/200 201/201/201 224/224/224
f 201/201/201 225/225/225 224/224/224
f 201/201/201 202/202/202 225/225/225
f 202/202/202 226/226/226 225/225/225
f 202/202/202 203/203/203 226/226/226
f 203/203/203 227/227/227 226/226/226
f 203/203/203 204/204/204 227/227/227
f 204/204/204 228/228/228 227/227/227
f 204/204/204 205/205/205 228/228/228
f 205/205/205 229/229/229 228/228/228
f 205/205/205 206/206/206 229/229/229
f 206/206/206 230/230/230 229/229/229
f 206/206/206 207/207/207 230/230/230
f 207/207/207 231/231/231 230/230/230
f 207/207/207 208/208/208 231/231/231
f 208/208/208 232/232/232 231/231/231
f 208/208/208 209/209/209 232/232/232
f 209/209/209 233/233/233 232/232/232
f 209/209/209 210/210/210 233/233/233
f 210/210/210 234/234/234 233/233/233
f 210/210/210 211/211/211 234/234/234
f 211/211/211 235/235/235 234/234/234
f 211/211/211 212/212/212 235/235/235
f 212/212/212 236/236/236 235/235/235
f 212/212/212 213/213/213 236/236/236
f 213/213/213 237/237/237 236/236/236
f 213/213/213 214/214/214 237/237/237
f 214/214/214 238/238/238 237/237/237
f 214/214/214 215/215/215 238/238/238
f 215/215/215 239/239/239 238/238/238
f 215/215/215 216/216/216 239/239/239
f 216/216/216 240/240/240 239/239/239
f 216/216/216 193/193/193 240/240/240
f 193/193/193 217/217/217 240/240/240
f 217/217/217 218/218/218 241/241/241
f 218/218/218 242/242/242 241/241/241
f 218/218/218 219/219/219 242/242/242
f 219/219/219 243/243/243 242/242/242
f 219/219/219 220/220/220 243/243/243
f 220/220/220 244/244/244 243/243/243
f 220/220/220 221/221/221 244/244/244
f 221/221/221 245/245/245 244/244/244
f 221/221/221 222/222/222 245/245/245
f 222/222/222 246/246/246 245/245/245
f 222/222/222 223/223/223 246/246/246
f 223/223/223 247/247/247 246/246/246
f 223/223/223 224/224/224 247/247/247
f 224/224/224 248/248/248 247/247/247
f 224/224/224 225/225/225 248/248/248
f 225/225/225 249/249/249 248/248/248
f 225/225/225 226/226/226 249/249/249
f 226/226/226 250/250/250 249/249/249
f 226/226/226 227/227/227 250/250/250
f 227/227/227 251/251/251 250/250/250
f 227/227/227 228/228/228 251/251/251
f 228/228/228 252/252/252 251/251/251
f 228/228/228 229/229/229 252/252/252
f 229/229/229 253/253/253 252/252/252
f 229/229/229 230/230/230 253/253/253
f 230/230/230 254/254/254 253/253/253
f 230/230/230 231/231/231 254/254/254
f 231/231/231 255/255/255 254/254/254
f 231/231/231 232/232/232 255/255/255
f 232/232/232 256/256/256 255/255/255
f 232/232/232 233/233/233 256/256/256
f 233/233/233 257/257/257 256/256/256
f 233/233/233 234/234/234 257/257/257
f 234/234/234 258/258/258 257/257/257
f 234/234/234 235/235/235 258/258/258
f 235/235/235 259/259/259 258/258/258
f 235/235/235 236/236/236 259/259/259
f 236/236/236 260/260/260 259/259/259
f 236/236/236 237/237/237 260/260/260
f 237/237/237 261/261/261 260/260/260
f 237/237/237 238/238/238 261/261/261
f 238/238/238 262/262/262 261/261/261
f 238/238/238 239/239/239 262/262/262
f 239/239/239 263/263/263 262/262/262
f 239/239/239 240/240/240 263/263/263
f 240/240/240 264/264/264 263/263/263
f 240/240/240 217/217/217 264/264/264
f 217/217/217 241/241/241 264/264/264
f 241/241/241 242/242/242 265/265/265
f 242/242/242 266/266/266 265/265/265
f 242/242/242 243/243/243 266/266/266
f 243/243/243 267/267/267 266/266/266
f 243/243/243 244/244/244 267/267/267
f 244/244/244 268/268/268 267/267/267
f 244/244/244 245/245/245 268/268/268
f 245/245/245 269/269/269 268/268/268
f 245/245/245 246/246/246 269/269/269
f 246/246/246 270/270/270 269/269/269
f 246/246/246 247/247/247 270/270/270
f 247/247/247 271/271/271 270/270/270
f 247/247/247 248/248/248 271/271/271
f 248/248/248 272/272/272 271/271/271
f 248/248/248 249/249/249 272/272/272
f 249/249/249 273/273/273 272/272/272
f 249/249/249 250/250/250 273/273/273
f 250/250/250 274/274/274 273/273/273
f 250/250/250 251/251/251 274/274/274
f 251/251/251 275/275/275 274/274/274
f 251/251/251 252/252/252 275/275/275
f 252/252/252 276/276/276 275/275/275
f 252/252/252 253/253/253 276/276/276
f 253/253/253 277/277/277 276/276/276
f 253/253/253 254/254/254 277/277/277
f 254/254/254 278/278/278 277/277/277
f 254/254/254 255/255/255 278/278/278
f 255/255/255 279/279/279 278/278/278
f 255/255/255 256/256/256 279/279/279
f 256/256/256 280/280/280 279/279/279
f 256/256/256 257/257/257 280/280/280
f 257/257/257 281/281/281 280/280/280
f 257/257/257 258/258/258 281/281/281
f 258/258/258 282/282/282 281/281/281
f 258/258/258 259/259/259 282/282/282
f 259/259/259 283/283/283 282/282/282
f 259/259/259 260/260/260 283/283/283
f 260/260/260 284/284/284 283/283/283
f 260/260/260 261/261/261 284/284/284
f 261/261/261 285/285/285 284/284/284
f 261/261/261 262/262/262 285/285/285
f 262/262/262 286/286/286 285/285/285
f 262/262/262 263/263/263 286/286/286
f 263/263/263 287/287/287 286/286/286
f 263/263/263 264/264/264 287/287/287
f 264/264/264 288/288/288 287/287/287
f 264/264/264 241/241/241 288/288/288
f 241/241/241 265/265/265 288/288/288
f 265/265/265 266/266/266 289/289/289
f 266/266/266 290/290/290 289/289/289
f 266/266/266 267/267/267 290/290/290
f 267/267/267 291/291/291 290/290/290
f 267/267/267 268/268/268 291/291/291
f 268/268/268 292/292/292 291/291/291
f 268/268/268 269/269/269 292/292/292
f 269/269/269 293/293/293 292/292/292
f 269/269/269 270/270/270 293/293/293
f 270/270/270 294/294/294 293/293/293
f 270/270/270 271/271/271 294/294/294
f 271/271/271 295/295/295 294/294/294
f 271/271/271 272/272/272 295/295/295
f 272/272/272 296/296/296 295/295/295
f 272/272/272 273/273/273 296/296/296
f 273/273/273 297/297/297 296/296/296
f 273/273/273 274/274/274 297/297/297
f 274/274/274 298/298/298 297/297/297
f 274/274/274 275/275/275 298/298/298
f 275/275/275 299/299/299 298/298/298
f 275/275/275 276/276/276 299/299/299
f 276/276/276 300/300/300 299/299/299
f 276/276/276 277/277/277 300/300/300
f 277/277/277 301/301/301 300/300/300
f 277/277/277 278/278/278 301/301/301
f 278/278/278 302/302/302 301/301/301
f 278/278/278 279/279/279 302/302/302
f 279/279/279 303/303/303 302/302/302
f 279/279/279 280/280/280 303/303/303
f 280/280/280 304/304/304 303/303/303
f 280/280/280 281/281/281 304/304/304
f 281/281/281 305/305/305 304/304/304
f 281/281/281 282/282/282 305/305/305
f 282/282/282 306/306/306 305/305/305
f 282/282/282 283/283/283 306/306/306
f 283/283/283 307/307/307 306/306/306
f 283/283/283 284/284/284 307/307/307
f 284/284/284 308/308/308 307/307/307
f 284/284/284 285/285/285 308/308/308
f 285/285/285 309/309/309 308/308/308
f 285/285/285 286/286/286 309/309/309
f 286/286/286 310/310/310 309/309/309
f 286/286/286 287/287/287 310/310/310
f 287/287/287 311/311/311 310/310/310
f 287/287/287 288/288/288 311/311/311
f 288/288/288 312/312/312 311/311/311
f 288/288/288 265/265/265 312/312/312
f 265/265/265 289/289/289 312/312/312
f 289/289/289 290/290/290 313/313/313
f 290/290/290 314/314/314 313/313/313
f 290/290/290 291/291/291 314/314/314
f 291/291/291 315/315/315 314/314/314
f 291/291/291 292/292/292 315/315/315
f 292/292/292 316/316/316 315/315/315
f 292/292/292 293/293/293 316/316/316
f 293/293/293 317/317/317 316/316/316
f 293/293/293 294/294/294 317/317/317
f 294/294/294 318/318/318 317/317/317
f 294/294/294 295/295/295 318/318/318
f 295/295/295 319/319/319 318/318/318
f 295/295/295 296/296/296 319/319/319
f 296/296/296 320/320/320 319/319/319
f 296/296/296 297/297/297 320/320/320
f 297/297/297 321/321/321 320/320/320
f 297/297/297 298/298/298 321/321/321
f 298/298/298 322/322/322 321/321/321
f 298/298/298 299/299/299 322/322/322
f 299/299/299 323/323/323 322/322/322
f 299/299/299 300/300/300 323/323/323
f 300/300/300 324/324/324 323/323/323
f 300/300/300 301/301/301 324/324/324
f 301/301/301 325/325/325 324/324/324
f 301/301/301 302/302/302 325/325/325
f 302/302/302 326/326/326 325/325/325
f 302/302/302 303/303/303 326/326/326
f 303/303/303 327/327/327 326/326/326
f 303/303/303 304/304/304 327/327/327
f 304/304/304 328/328/328 327/327/327
f 304/304/304 305/305/305 328/328/328
f 305/305/305 329/329/329 328/328/328
f 305/305/305 306/306/306 329/329/329
f 306/306/306 330/330/330 329/329/329
f 306/306/306 307/307/307 330/330/330
f 307/307/307 331/331/331 330/330/330
f 307/307/307 308/308/308 331/331/331
f 308/308/308 332/332/332 331/331/331
f 308/308/308 309/309/309 332/332/332
f 309/309/309 333/333/333 332/332/332
f 309/309/309 310/310/310 333/333/333
f 310/310/310 334/334/334 333/333/333
f 310/310/310 311/311/311 334/334/334
f 311/311/311 335/335/335 334/334/334
f 311/311/311 312/312/312 335/335/335
f 312/312/312 336/336/336 335/335/335
f 312/312/312 289/289/289 336/336/336
f 289/289/289 313/313/313 336/336/336
f 313/313/313 314/314/314 337/337/337
f 314/314/314 338/338/338 337/337/337
f 314/314/314 315/315/315 338/338/338
f 315/315/315 339/339/339 338/338/338
f 315/315/315 316/316/316 339/339/339
f 316/316/316 340/340/340 339/339/339
f 316/316/316 317/317/317 340/340/340
f 317/317/317 341/341/341 340/340/340
f 317/317/317 318/318/318 341/341/341
f 318/318/318 342/342/342 341/341/341
f 318/318/318 319/319/319 342/342/342
f 319/319/319 343/343/343 342/342/342
f 319/319/319 320/320/320 343/343/343
f 320/320/320 344/344/344 343/343/343
f 320/320/320 321/321/321 344/344/344
f 321/321/321 345/345/345 344/344/344
f 321/321/321 322/322/322 345/345/345
f 322/322/322 346/346/346 345/345/345
f 322/322/322 323/323/323 346/346/346
f 323/323/323 347/347/347 346/346/346
f 323/323/323 324/324/324 347/347/347
f 324/324/324 348/348/348 347/347/347
f 324/324/324 325/325/325 348/348/348
f 325/325/325 349/349/349 348/348/348
f 325/325/325 326/326/326 349/349/349
f 326/326/326 350/350/350 349/349/349
f 326/326/326 327/327/327 350/350/350
f 327/327/327 351/351/351 350/350/350
f 327/327/327 328/328/328 351/351/351
f 328/328/328 352/352/352 351/351/351
f 328/328/328 329/329/329 352/352/352
f 329/329/329 353/353/353 352/352/352
f 329/329/329 330/330/330 353/353/353
f 330/330/330 354/354/354 353/353/353
f 330/330/330 331/331/331 354/354/354
f 331/331/331 355/355/355 354/354/354
f 331/331/331 332/332/332 355/355/355
f 332/332/332 356/356/356 355/355/355
f 332/332/332 333/333/333 356/356/356
f 333/333/333 357/357/357 356/356/356
f 333/333/333 334/334/334 357/357/357
f 334/334/334 358/358/358 357/357/357
f 334/334/334 335/335/335 358/358/358
f 335/335/335 359/359/359 358/358/358
f 335/335/335 336/336/336 359/359/359
f 336/336/336 360/360/360 359/359/359
f 336/336/336 313/313/313 360/360/360
f 313/313/313 337/337/337 360/360/360
f 337/337/337 338/338/338 361/361/361
f 338/338/338 362/362/362 361/361/361
f 338/338/338 339/339/339 362/362/362
f 339/339/339 363/363/363 362/362/362
f 339/339/339 340/340/340 363/363/363
f 340/340/340 364/364/364 363/363/363
f 340/340/340 341/341/341 364/364/364
f 341/341/341 365/365/365 364/364/364
f 341/341/341 342/342/342 365/365/365
f 342/342/342 366/366/366 365/365/365
f 342/342/342 343/343/343 366/366/366
f 343/343/343 367/367/367 366/366/366
f 343/343/343 344/344/344 367/367/367
f 344/344/344 368/368/368 367/367/367
f 344/344/344 345/345/345 368/368/368
f 345/345/345 369/369/369 368/368/368
f 345/345/345 346/346/346 369/369/369
f 346/346/346 370/370/370 369/369/369
f 346/346/346 347/347/347 370/370/370
f 347/347/347 371/371/371 370/370/370
f 347/347/347 348/348/348 371/371/371
f 348/348/348 372/372/372 371/371/371
f 348/348/348 349/349/349 372/372/372
f 349/349/349 373/373/373 372/372/372
f 349/349/349 350/350/350 373/373/373
f 350/350/350 374/374/374 373/373/373
f 350/350/350 351/351/351 374/374/374
f 351/351/351 375/375/375 374/374/374
f 351/351/351 352/352/352 375/375/375
f 352/352/352 376/376/376 375/375/375
f 352/352/352 353/353/353 376/376/376
f 353/353/353 377/377/377 376/376/376
f 353/353/353 354/354/354 377/377/377
f 354/354/354 378/378/378 377/377/377
f 354/354/354 355/355/355 378/378/378
f 355/355/355 379/379/379 378/378/378
f 355/355/355 356/356/356 379/379/379
f 356/356/356 380/380/380 379/379/379
f 356/356/356 357/357/357 380/380/380
f 357/357/357 381/381/381 380/380/380
f 357/357/357 358/358/358 381/381/381
f 358/358/358 382/382/382 381/381/381
f 358/358/358 359/359/359 382/382/382
f 359/359/359 383/383/383 382/382/382
f 359/359/359 360/360/360 383/383/383
f 360/360/360 384/384/384 383/383/383
f 360/360/360 337/337/337 384/384/384
f 337/337/337 361/361/361 384/384/384
f 361/361/361 362/362/362 385/385/385
f 362/362/362 386/386/386 385/385/385
f 362/362/362 363/363/363 386/386/386
f 363/363/363 387/387/387 386/386/386
f 363/363/363 364/364/364 387/387/387
f 364/364/364 388/388/388 387/387/387
f 364/364/364 365/365/365 388/388/388
f 365/365/365 389/389/389 388/388/388
f 365/365/365 366/366/366 389/389/389
f 366/366/366 390/390/390 389/389/389
f 366/366/366 367/367/367 390/390/390
f 367/367/367 391/391/391 390/390/390
f 367/367/367 368/368/368 391/391/391
f 368/368/368 392/392/392 391/391/391
f 368/368/368 369/369/369 392/392/392
f 369/369/369 393/393/393 392/392/392
f 369/369/369 370/370/370 393/393/393
f 370/370/370 394/394/394 393/393/393
f 370/370/370 371/371/371 394/394/394
f 371/371/371 395/395/395 394/394/394
f 371/371/371 372/372/372 395/395/395
f 372/372/372 396/396/396 395/395/395
f 372/372/372 373/373/373 396/396/396
f 373/373/373 397/397/397 396/396/396
f 373/373/373 374/374/374 397/397/397
f 374/374/374 398/398/398 397/397/397
f 374/374/374 375/375/375 398/398/398
f 375/375/375 399/399/399 398/398/398
f 375/375/375 376/376/376 399/399/399
f 376/376/376 400/400/400 399/399/399
f 376/376/376 377/377/377 400/400/400
f 377/377/377 401/401/401 400/400/400
f 377/377/377 378/378/378 401/401/401
f 378/378/378 402/402/402 401/401/401
f 378/378/378 379/379/379 402/402/402
f 379/379/379 403/403/403 402/402/402
f 379/379/379 380/380/380 403/403/403
f 380/380/380 404/404/404 403/403/403
f 380/380/380 381/381/381 404/404/404
f 381/381/381 405/405/405 404/404/404
f 381/381/381 382/382/382 405/405/405
f 382/382/382 406/406/406 405/405/405
f 382/382/382 383/383/383 406/406/406
f 383/383/383 407/407/407 406/406/406
f 383/383/383 384/384/384 407/407/407
f 384/384/384 408/408/408 407/407/407
f 384/384/384 361/361/361 408/408/408
f 361/361/361 385/385/385 408/408/408
f 409/409/409 410/410/410 425/425/425
f 410/410/410 426/426/426 425/425/425
f 410/410/410 411/411/411 426/426/426
f 411/411/411 427/427/427 426/426/426
f 411/411/411 412/412/412 427/427/427
f 412/412/412 428/428/428 427/427/427
f 412/412/412 413/413/413 428/428/428
f 413/413/413 429/429/429 428/428/428
f 413/413/413 414/414/414 429/429/429
f 414/414/414 430/430/430 429/429/429
f 414/414/414 415/415/415 430/430/430
f 415/415/415 431/431/431 430/430/430
f 415/415/415 416/416/416 431/431/431
f 416/416/416 432/432/432 431/431/431
f 416/416/416 417/417/417 432/432/432
f 417/417/417 433/433/433 432/432/432
f 417/417/417 418/418/418 433/433/433
f 418/418/418 434/434/434 433/433/433
f 418/418/418 419/419/419 434/434/434
f 419/419/419 435/435/435 434/434/434
f 419/419/419 420/420/420 435/435/435
f 420/420/420 436/436/436 435/435/435
f 420/420/420 421/421/421 436/436/436
f 421/421/421 437/437/437 436/436/436
f 421/421/421 422/422/422 437/437/437
f 422/422/422 438/438/438 437/437/437
f 422/422/422 423/423/423 438/438/438
f 423/423/423 439/439/439 438/438/438
f 423/423/423 424/424/424 439/439/439
f 424/424/424 440/440/440 439/439/439
f 424/424/424 409/409/409 440/440/440
f 409/409/409 425/425/425 440/440/440
f 425/425/425 426/426/426 441/441/441
f 426/426/426 442/442/442 441/441/441
f 426/426/426 427/427/427 442/442/442
f 427/427/427 443/443/443 442/442/442
f 427/427/427 428/428/428 443/443/443
f 428/428/428 444/444/444 443/443/443
f 428/428/428 429/429/429 444/444/444
f 429/429/429 445/445/445 444/444/444
f 429/429/429 430/430/430 445/445/445
f 430/430/430 446/446/446 445/445/445
f 430/430/430 431/431/431 446/446/446
f 431/431/431 447/447/447 446/446/446
f 431/431/431 432/432/432 447/447/447
f 432/432/432 448/448/448 447/447/447
f 432/432/432 433/433/433 448/448/448
f 433/433/433 449/449/449 448/448/448
f 433/433/433 434/434/434 449/449/449
f 434/434/434 450/450/450 449/449/449
f 434/434/434 435/435/435 450/450/450
f 435/435/435 451/451/451 450/450/450
f 435/435/435 436/436/436 451/451/451
f 436/436/436 452/452/452 451/451/451
f 436/436/436 437/437/437 452/452/452
f 437/437/437 453/453/453 452/452/452
f 437/437/437 438/438/438 453/453/453
f 438/438/438 454/454/454 453/453/453
f 438/438/438 439/439/439 454/454/454
f 439/439/439 455/455/455 454/454/454
f 439/439/439 440/440/440 455/455/455
f 440/440/440 456/456/456 455/455/455
f 440/440/440 425/425/425 456/456/456
f 425/425/425 441/441/441 456/456/456
f 441/441/441 442/442/442 457/457/457
f 442/442/442 458/458/458 457/457/457
f 442/442/442 443/443/443 458/458/458
f 443/443/443 459/459/459 458/458/458
f 443/443/443 444/444/444 459/459/459
f 444/444/444 460/460/460 459/459/459
f 444/444/444 445/445/445 460/460/460
f 445/445/445 461/461/461 460/460/460
f 445/445/445 446/446/446 461/461/461
f 446/446/446 462/462/462 461/461/461
f 446/446/446 447/447/447 462/462/462
f 447/447/447 463/463/463 462/462/462
f 447/447/447 448/448/448 463/463/463
f 448/448/448 464/464/464 463/463/463
f 448/448/448 449/449/449 464/464/464
f 449/449/449 465/465/465 464/464/464
f 449/449/449 450/450/450 465/465/465
f 450/450/450 466/466/466 465/465/465
f 450/450/450 451/451/451 466/466/466
f 451/451/451 467/467/467 466/466/466
f 451/451/451 452/452/452 467/467/467
f 452/452/452 468/468/468 467/467/467
f 452/452/452 453/453/453 468/468/468
f 453/453/453 469/469/469 468/468/468
f 453/453/453 454/454/454 469/469/469
f 454/454/454 470/470/470 469/469/469
f 454/454/454 455/455/455 470/470/470
f 455/455/455 471/471/471 470/470/470
f 455/455/455 456/456/456 471/471/471
f 456/456/456 472/472/472 471/471/471
f 456/456/456 441/441/441 472/472/472
f 441/441/441 457/457/457 472/472/472
f 457/457/457 458/458/458 473/473/473
f 458/458/458 474/474/474 473/473/473
f 458/458/458 459/459/459 474/474/474
f 459/459/459 475/475/475 474/474/474
f 459/459/459 460/460/460 475/475/475
f 460/460/460 476/476/476 475/475/475
f 460/460/460 461/461/461 476/476/476
f 461/461/461 477/477/477 476/476/476
f 461/461/461 462/462/462 477/477/477
f 462/462/462 478/478/478 477/477/477
f 462/462/462 463/463/463 478/478/478
f 463/463/463 479/479/479 478/478/478
f 463/463/463 464/464/464 479/479/479
f 464/464/464 480/480/480 479/479/479
f 464/464/464 465/465/465 480/480/480
f 465/465/465 481/481/481 480/480/480
f 465/465/465 466/466/466 481/481/481
f 466/466/466 482/482/482 481/481/481
f 466/466/466 467/467/467 482/482/482
f 467/467/467 483/483/483 482/482/482
f 467/467/467 468/468/468 483/483/483
f 468/468/468 484/484/484 483/483/483
f 468/468/468 469/469/469 484/484/484
f 469/469/469 485/485/485 484/484/484
f 469/469/469 470/470/470 485/485/485
f 470/470/470 486/486/486 485/485/485
f 470/470/470 471/471/471 486/486/486
f 471/471/471 487/487/487 486/486/486
f 471/471/471 472/472/472 487/487/487
f 472/472/472 488/488/488 487/487/487
f 472/472/472 457/457/457 488/488/488
f 457/457/457 473/473/473 488/488/488
f 473/473/473 474/474/474 489/489/489
f 474/474/474 490/490/490 489/489/489
f 474/474/474 475/475/475 490/490/490
f 475/475/475 491/491/491 490/490/490
f 475/475/475 476/476/476 491/491/491
f 476/476/476 492/492/492 491/491/491
f 476/476/476 477/477/477 492/492/492
f 477/477/477 493/493/493 492/492/492
f 477/477/477 478/478/478 493/493/493
f 478/478/478 494/494/494 493/493/493
f 478/478/478 479/479/479 494/494/494
f 479/479/479 495/495/495 494/494/494
f 479/479/479 480/480/480 495/495/495
f 480/480/480 496/496/496 495/495/495
f 480/480/480 481/481/481 496/496/496
f 481/481/481 497/497/497 496/496/496
f 481/481/481 482/482/482 497/497/497
f 482/482/482 498/498/498 497/497/497
f 482/482/482 483/483/483 498/498/498
f 483/483/483 499/499/499 498/498/498
f 483/483/483 484/484/484 499/499/499
f 484/484/484 500/500/500 499/499/499
f 484/484/484 485/485/485 500/500/500
f 485/485/485 501/501/501 500/500/500
f 485/485/485 486/486/486 501/501/501
f 486/486/486 502/502/502 501/501/501
f 486/486/486 487/487/487 502/502/502
f 487/487/487 503/503/503 502/502/502
f 487/487/487 488/488/488 503/503/503
f 488/488/488 504/504/504 503/503/503
f 488/488/488 473/473/473 504/504/504
f 473/473/473 489/489/489 504/504/504
f 489/489/489 490/490/490 505/505/505
f 490/490/490 506/506/506 505/505/505
f 490/490/490 491/491/491 506/506/506
f 491/491/491 507/507/507 506/506/506
f 491/491/491 492/492/492 507/507/507
f 492/492/492 508/508/508 507/507/507
f 492/492/492 493/493/493 508/508/508
f 493/493/493 509/509/509 508/508/508
f 493/493/493 494/494/494 509/509/509
f 494/494/494 510/510/510 509/509/509
f 494/494/494 495/495/495 510/510/510
f 495/495/495 511/511/511 510/510/510
f 495/495/495 496/496/496 511/511/511
f 496/496/496 512/512/512 511/511/511
f 496/496/496 497/497/497 512/512/512
f 497/497/497 513/513/513 512/512/512
f 497/497/497 498/498/498 513/513/513
f 498/498/498 514/514/514 513/513/513
f 498/498/498 499/499/499 514/514/514
f 499/499/499 515/515/515 514/514/514
f 499/499/499 500/500/500 515/515/515
f 500/500/500 516/516/516 515/515/515
f 500/500/500 501/501/501 516/516/516
f 501/501/501 517/517/517 516/516/516
f 501/501/501 502/502/502 517/517/517
f 502/502/502 518/518/518 517/517/517
f 502/502/502 503/503/503 518/518/518
f 503/503/503 519/519/519 518/518/518
f 503/503/503 504/504/504 519/519/519
f 504/504/504 520/520/520 519/519/519
f 504/504/504 489/489/489 520/520/520
f 489/489/489 505/505/505 520/520/520
f 505/505/505 506/506/506 521/521/521
f 506/506/506 522/522/522 521/521/521
f 506/506/506 507/507/507 522/522/522
f 507/507/507 523/523/523 522/522/522
f 507/507/507 508/508/508 523/523/523
f 508/508/508 524/524/524 523/523/523
f 508/508/508 509/509/509 524/524/524
f 509/509/509 525/525/525 524/524/524
f 509/509/509 510/510/510 525/525/525
f 510/510/510 526/526/526 525/525/525
f 510/510/510 511/511/511 526/526/526
f 511/511/511 527/527/527 526/526/526
f 511/511/511 512/512/512 527/527/527
f 512/512/512 528/528/528 527/527/527
f 512/512/512 513/513/513 528/528/528
f 513/513/513 529/529/529 528/528/528
f 513/513/513 514/514/514 529/529/529
f 514/514/514 530/530/530 529/529/529
f 514/514/514 515/515/515 530/530/530
f 515/515/515 531/531/531 530/530/530
f 515/515/515 516/516/516 531/531/531
f 516/516/516 532/532/532 531/531/531
f 516/516/516 517/517/517 532/532/532
f 517/517/517 533/533/533 532/532/532
f 517/517/517 518/518/518 533/533/533
f 518/518/518 534/534/534 533/533/533
f 518/518/518 519/519/519 534/534/534
f 519/519/519 535/535/535 534/534/534
f 519/519/519 520/520/520 535/535/535
f 520/520/520 536/536/536 535/535/535
f 520/520/520 505/505/505 536/536/536
f 505/505/505 521/521/521 536/536/536
f 521/521/521 522/522/522 537/537/537
f 522/522/522 538/538/538 537/537/537
f 522/522/522 523/523/523 538/538/538
f 523/523/523 539/539/539 538/538/538
f 523/523/523 524/524/524 539/539/539
f 524/524/524 540/540/540 539/539/539
f 524/524/524 525/525/525 540/540/540
f 525/525/525 541/541/541 540/540/540
f 525/525/525 526/526/526 541/541/541
f 526/526/526 542/542/542 541/541/541
f 526/526/526 527/527/527 542/542/542
f 527/527/527 543/543/543 542/542/542
f 527/527/527 528/528/528 543/543/543
f 528/528/528 544/544/544 543/543/543
f 528/528/528 529/529/529 544/544/544
f 529/529/529 545/545/545 544/544/544
f 529/529/529 530/530/530 545/545/545
f 530/530/530 546/546/546 545/545/545
f 530/530/530 531/531/531 546/546/546
f 531/531/531 547/547/547 546/546/546
f 531/531/531 532/532/532 547/547/547
f 532/532/532 548/548/548 547/547/547
f 532/532/532 533/533/533 548/548/548
f 533/533/533 549/549/549 548/548/548
f 533/533/533 534/534/534 549/549/549
f 534/534/534 550/550/550 549/549/549
f 534/534/534 535/535/535 550/550/550
f 535/535/535 551/551/551 550/550/550
f 535/535/535 536/536/536 551/551/551
f 536/536/536 552/552/552 551/551/551
f 536/536/536 521/521/521 552/552/552
f 521/521/521 537/537/537 552/552/552
f 537/537/537 538/538/538 553/553/553
f 538/538/538 554/554/554 553/553/553
f 538/538/538 539/539/539 554/554/554
f 539/539/539 555/555/555 554/554/554
f 539/539/539 540/540/540 555/555/555
f 540/540/540 556/556/556 555/555/555
f 540/540/540 541/541/541 556/556/556
f 541/541/541 557/557/557 556/556/556
f 541/541/541 542/542/542 557/557/557
f 542/542/542 558/558/558 557/557/557
f 542/542/542 543/543/543 558/558/558
f 543/543/543 559/559/559 558/558/558
f 543/543/543 544/544/544 559/559/559
f 544/544/544 560/560/560 559/559/559
f 544/544/544 545/545/545 560/560/560
f 545/545/545 561/561/561 560/560/560
f 545/545/545 546/546/546 561/561/561
f 546/546/546 562/562/562 561/561/561
f 546/546/546 547/547/547 562/562/562
f 547/547/547 563/563/563 562/562/562
f 547/547/547 548/548/548 563/563/563
f 548/548/548 564/564/564 563/563/563
f 548/548/548 549/549/549 564/564/564
f 549/549/549 565/565/565 564/564/564
f 549/549/549 550/550/550 565/565/565
f 550/550/550 566/566/566 565/565/565
f 550/550/550 551/551/551 566/566/566
f 551/551/551 567/567/567 566/566/566
f 551/551/551 552/552/552 567/567/567
f 552/552/552 568/568/568 567/567/567
f 552/552/552 537/537/537 568/568/568
f 537/537/537 553/553/553 568/568/568
f 553/553/553 554/554/554 569/569/569
f 554/554/554 570/570/570 569/569/569
f 554/554/554 555/555/555 570/570/570
f 555/555/555 571/571/571 570/570/570
f 555/555/555 556/556/556 571/571/571
f 556/556/556 572/572/572 571/571/571
f 556/556/556 557/557/557 572/572/572
f 557/557/557 573/573/573 572/572/572
f 557/557/557 558/558/558 573/573/573
f 558/558/558 574/574/574 573/573/573
f 558/558/558 559/559/559 574/574/574
f 559/559/559 575/575/575 574/574/574
f 559/559/559 560/560/560 575/575/575
f 560/560/560 576/576/576 575/575/575
f 560/560/560 561/561/561 576/576/576
f 561/561/561 577/577/577 576/576/576
f 561/561/561 562/562/562 577/577/577
f 562/562/562 578/578/578 577/577/577
f 562/562/562 563/563/563 578/578/578
f 563/563/563 579/579/579 578/578/578
f 563/563/563 564/564/564 579/579/579
f 564/564/564 580/580/580 579/579/579
f 564/564/564 565/565/565 580/580/580
f 565/565/565 581/581/581 580/580/580
f 565/565/565 566/566/566 581/581/581
f 566/566/566 582/582/582 581/581/581
f 566/566/566 567/567/567 582/582/582
f 567/567/567 583/583/583 582/582/582
f 567/567/567 568/568/568 583/583/583
f 568/568/568 584/584/584 583/583/583
f 568/568/568 553/553/553 584/584/584
f 553/553/553 569/569/569 584/584/584
f 569/569/569 570/570/570 585/585/585
f 570/570/570 586/586/586 585/585/585
f 570/570/570 571/571/571 586/586/586
f 571/571/571 587/587/587 586/586/586
f 571/571/571 572/572/572 587/587/587
f 572/572/572 588/588/588 587/587/587
f 572/572/572 573/573/573 588/588/588
f 573/573/573 589/589/589 588/588/588
f 573/573/573 574/574/574 589/589/589
f 574/574/574 590/590/590 589/589/589
f 574/574/574 575/575/575 590/590/590
f 575/575/575 591/591/591 590/590/590
f 575/575/575 576/576/576 591/591/591
f 576/576/576 592/592/592 591/591/591
f 576/576/576 577/577/577 592/592/592
f 577/577/577 593/593/593 592/592/592
f 577/577/577 578/578/578 593/593/593
f 578/578/578 594/594/594 593/593/593
f 578/578/578 579/579/579 594/594/594
f 579/579/579 595/595/595 594/594/594
f 579/579/579 580/580/580 595/595/595
f 580/580/580 596/596/596 595/595/595
f 580/580/580 581/581/581 596/596/596
f 581/581/581 597/597/597 596/596/596
f 581/581/581 582/582/582 597/597/597
f 582/582/582 598/598/598 597/597/597
f 582/582/582 583/583/583 598/598/598
f 583/583/583 599/599/599 598/598/598
f 583/583/583 584/584/584 599/599/599
f 584/584/584 600/600/600 599/599/599
f 584/584/584 569/569/569 600/600/600
f 569/569/569 585/585/585 600/600/600
f 585/585/585 586/586/586 601/601/601
f 586/586/586 602/602/602 601/601/601
f 586/586/586 587/587/587 602/602/602
f 587/587/587 603/603/603 602/602/602
f 587/587/587 588/588/588 603/603/603
f 588/588/588 604/604/604 603/603/603
f 588/588/588 589/589/589 604/604/604
f 589/589/589 605/605/605 604/604/604
f 589/589/589 590/590/590 605/605/605
f 590/590/590 606/606/606 605/605/605
f 590/590/590 591/591/591 606/606/606
f 591/591/591 607/607/607 606/606/606
f 591/591/591 592/592/592 607/607/607
f 592/592/592 608/608/608 607/607/607
f 592/592/592 593/593/593 608/608/608
f 593/593/593 609/609/609 608/608/608
f 593/593/593 594/594/594 609/609/609
f 594/594/594 610/610/610 609/609/609
f 594/594/594 595/595/595 610/610/610
f 595/595/595 611/611/611 610/610/610
f 595/595/595 596/596/596 611/611/611
f 596/596/596 612/612/612 611/611/611
f 596/596/596 597/597/597 612/612/612
f 597/597/597 613/613/613 612/612/612
f 597/597/597 598/598/598 613/613/613
f 598/598/598 614/614/614 613/613/613
f 598/598/598 599/599/599 614/614/614
f 599/599/599 615/615/615 614/614/614
f 599/599/599 600/600/600 615/615/615
f 600/600/600 616/616/616 615/615/615
f 600/600/600 585/585/585 616/616/616
f 585/585/585 601/601/601 616/616/616
f 601/601/601 602/602/602 617/617/617
f 602/602/602 618/618/618 617/617/617
f 602/602/602 603/603/603 618/618/618
f 603/603/603 619/619/619 618/618/618
f 603/603/603 604/604/604 619/619/619
f 604/604/604 620/620/620 619/619/619
f 604/604/604 605/605/605 620/620/620
f 605/605/605 621/621/621 620/620/620
f 605/605/605 606/606/606 621/621/621
f 606/606/606 622/622/622 621/621/621
f 606/606/606 607/607/607 622/622/622
f 607/607/607 623/623/623 622/622/622
f 607/607/607 608/608/608 623/623/623
f 608/608/608 624/624/624 623/623/623
f 608/608/608 609/609/609 624/624/624
f 609/609/609 625/625/625 624/624/624
f 609/609/609 610/610/610 625/625/625
f 610/610/610 626/626/626 625/625/625
f 610/610/610 611/611/611 626/626/626
f 611/611/611 627/627/627 626/626/626
f 611/611/611 612/612/612 627/627/627
f 612/612/612 628/628/628 627/627/627
f 612/612/612 613/613/613 628/628/628
f 613/613/613 629/629/629 628/628/628
f 613/613/613 614/614/614 629/629/629
f 614/614/614 630/630/630 629/629/629
f 614/614/614 615/615/615 630/630/630
f 615/615/615 631/631/631 630/630/630
f 615/615/615 616/616/616 631/631/631
f 616/616/616 632/632/632 631/631/631
f 616/616/616 601/601/601 632/632/632
f 601/601/601 617/617/617 632/632/632
f 617/617/617 618/618/618 633/633/633
f 618/618/618 634/634/634 633/633/633
f 618/618/618 619/619/619 634/634/634
f 619/619/619 635/635/635 634/634/634
f 619/619/619 620/620/620 635/635/635
f 620/620/620 636/636/636 635/635/635
f 620/620/620 621/621/621 636/636/636
f 621/621/621 637/637/637 636/636/636
f 621/621/621 622/622/622 637/637/637
f 622/622/622 638/638/638 637/637/637
f 622/622/622 623/623/623 638/638/638
f 623/623/623 639/639/639 638/638/638
f 623/623/623 624/624/624 639/639/639
f 624/624/624 640/640/640 639/639/639
f 624/624/624 625/625/625 640/640/640
f 625/625/625 641/641/641 640/640/640
f 625/625/625 626/626/626 641/641/641
f 626/626/626 642/642/642 641/641/641
f 626/626/626 627/627/627 642/642/642
f 627/627/627 643/643/643 642/642/642
f 627/627/627 628/628/628 643/643/643
f 628/628/628 644/644/644 643/643/643
f 628/628/628 629/629/629 644/644/644
f 629/629/629 645/645/645 644/644/644
f 629/629/629 630/630/630 645/645/645
f 630/630/630 646/646/646 645/645/645
f 630/630/630 631/631/631 646/646/646
f 631/631/631 647/647/647 646/646/646
f 631/631/631 632/632/632 647/647/647
f 632/632/632 648/648/648 647/647/647
f 632/632/632 617/617/617 648/648/648
f 617/617/617 633/633/633 648/648/648
f 633/633/633 634/634/634 649/649/649
f 634/634/634 650/650/650 649/649/649
f 634/634/634 635/635/635 650/650/650
f 635/635/635 651/651/651 650/650/650
f 635/635/635 636/636/636 651/651/651
f 636/636/636 652/652/652 651/651/651
f 636/636/636 637/637/637 652/652/652
f 637/637/637 653/653/653 652/652/652
f 637/637/637 638/638/638 653/653/653
f 638/638/638 654/654/654 653/653/653
f 638/638/638 639/639/639 654/654/654
f 639/639/639 655/655/655 654/654/654
f 639/639/639 640/640/640 655/655/655
f 640/640/640 656/656/656 655/655/655
f 640/640/640 641/641/641 656/656/656
f 641/641/641 657/657/657 656/656/656
f 641/641/641 642/642/642 657/657/657
f 642/642/642 658/658/658 657/657/657
f 642/642/642 643/643/643 658/658/658
f 643/643/643 659/659/659 658/658/658
f 643/643/643 644/644/644 659/659/659
f 644/644/644 660/660/660 659/659/659
f 644/644/644 645/645/645 660/660/660
f 645/645/645 661/661/661 660/660/660
f 645/645/645 646/646/646 661/661/661
f 646/646/646 662/662/662 661/661/661
f 646/646/646 647/647/647 662/662/662
f 647/647/647 663/663/663 662/662/662
f 647/647/647 648/648/648 663/663/663
f 648/648/648 664/664/664 663/663/663
f 648/648/648 633/633/633 664/664/664
f 633/633/633 649/649/649 664/664/664
f 649/649/649 650/650/650 665/665/665
f 650/650/650 666/666/666 665/665/665
f 650/650/650 651/651/651 666/666/666
f 651/651/651 667/667/667 666/666/666
f 651/651/651 652/652/652 667/667/667
f 652/652/652 668/668/668 667/667/667
f 652/652/652 653/653/653 668/668/668
f 653/653/653 669/669/669 668/668/668
f 653/653/653 654/654/654 669/669/669
f 654/654/654 670/670/670 669/669/669
f 654/654/654 655/655/655 670/670/670
f 655/655/655 671/671/671 670/670/670
f 655/655/655 656/656/656 671/671/671
f 656/656/656 672/672/672 671/671/671
f 656/656/656 657/657/657 672/672/672
f 657/657/657 673/673/673 672/672/672
f 657/657/657 658/658/658 673/673/673
f 658/658/658 674/674/674 673/673/673
f 658/658/658 659/659/659 674/674/674
f 659/659/659 675/675/675 674/674/674
f 659/659/659 660/660/660 675/675/675
f 660/660/660 676/676/676 675/675/675
f 660/660/660 661/661/661 676/676/676
f 661/661/661 677/677/677 676/676/676
f 661/661/661 662/662/662 677/677/677
f 662/662/662 678/678/678 677/677/677
f 662/662/662 663/663/663 678/678/678
f 663/663/663 679/679/679 678/678/678
f 663/663/663 664/664/664 679/679/679
f 664/664/664 680/680/680 679/679/679
f 664/664/664 649/649/649 680/680/680
f 649/649/649 665/665/665 680/680/680
f 665/665/665 666/666/666 681/681/681
f 666/666/666 682/682/682 681/681/681
f 666/666/666 667/667/667 682/682/682
f 667/667/667 683/683/683 682/682/682
f 667/667/667 668/668/668 683/683/683
f 668/668/668 684/684/684 683/683/683
f 668/668/668 669/669/669 684/684/684
f 669/669/669 685/685/685 684/684/684
f 669/669/669 670/670/670 685/685/685
f 670/670/670 686/686/686 685/685/685
f 670/670/670 671/671/671 686/686/686
f 671/671/671 687/687/687 686/686/686
f 671/671/671 672/672/672 687/687/687
f 672/672/672 688/688/688 687/687/687
f 672/672/672 673/673/673 688/688/688
f 673/673/673 689/689/689 688/688/688
f 673/673/673 674/674/674 689/689/689
f 674/674/674 690/690/690 689/689/689
f 674/674/674 675/675/675 690/690/690
f 675/675/675 691/691/691 690/690/690
f 675/675/675 676/676/676 691/691/691
f 676/676/676 692/692/692 691/691/691
f 676/676/676 677/677/677 692/692/692
f 677/677/677 693/693/693 692/692/692
f 677/677/677 678/678/678 693/693/693
f 678/678/678 694/694/694 693/693/693
f 678/678/678 679/679/679 694/694/694
f 679/679/679 695/695/695 694/694/694
f 679/679/679 680/680/680 695/695/695
f 680/680/680 696/696/696 695/695/695
f 680/680/680 665/665/665 696/696/696
f 665/665/665 681/681/681 696/696/696
f 681/681/681 682/682/682 697/697/697
f 682/682/682 698/698/698 697/697/697
f 682/682/682 683/683/683 698/698/698
f 683/683/683 699/699/699 698/698/698
f 683/683/683 684/684/684 699/699/699
f 684/684/684 700/700/700 699/699/699
f 684/684/684 685/685/685 700/700/700
f 685/685/685 701/701/701 700/700/700
f 685/685/685 686/686/686 701/701/701
f 686/686/686 702/702/702 701/701/701
f 686/686/686 687/687/687 702/702/702
f 687/687/687 703/703/703 702/702/702
f 687/687/687 688/688/688 703/703/703
f 688/688/688 704/704/704 703/703/703
f 688/688/688 689/689/689 704/704/704
f 689/689/689 705/705/705 704/704/704
f 689/689/689 690/690/690 705/705/705
f 690/690/690 706/706/706 705/705/705
f 690/690/690 691/691/691 706/706/706
f 691/691/691 707/707/707 706/706/706
f 691/691/691 692/692/692 707/707/707
f 692/692/692 708/708/708 707/707/707
f 692/692/692 693/693/693 708/708/708
f 693/693/693 709/709/709 708/708/708
f 693/693/693 694/694/694 709/709/709
f 694/694/694 710/710/710 709/709/709
f 694/694/694 695/695/695 710/710/710
f 695/695/695 711/711/711 710/710/710
f 695/695/695 696/696/696 711/711/711
f 696/696/696 712/712/712 711/711/711
f 696/696/696 681/681/681 712/712/712
f 681/681/681 697/697/697 712/712/712
f 697/697/697 698/698/698 713/713/713
f 698/698/698 714/714/714 713/713/713
f 698/698/698 699/699/699 714/714/714
f 699/699/699 715/715/715 714/714/714
f 699/699/699 700/700/700 715/715/715
f 700/700/700 716/716/716 715/715/715
f 700/700/700 701/701/701 716/716/716
f 701/701/701 717/717/717 716/716/716
f 701/701/701 702/702/702 717/717/717
f 702/702/702 718/718/718 717/717/717
f 702/702/702 703/703/703 718/718/718
f 703/703/703 719/719/719 718/718/718
f 703/703/703 704/704/704 719/719/719
f 704/704/704 720/720/720 719/719/719
f 704/704/704 705/705/705 720/720/720
f 705/705/705 721/721/721 720/720/720
f 705/705/705 706/706/706 721/721/721
f 706/706/706 722/722/722 721/721/721
f 706/706/706 707/707/707 722/722/722
f 707/707/707 723/723/723 722/722/722
f 707/707/707 708/708/708 723/723/723
f 708/708/708 724/724/724 723/723/723
f 708/708/708 709/709/709 724/724/724
f 709/709/709 725/725/725 724/724/724
f 709/709/709 710/710/710 725/725/725
f 710/710/710 726/726/726 725/725/725
f 710/710/710 711/711/711 726/726/726
f 711/711/711 727/727/727 726/726/726
f 711/711/711 712/712/712 727/727/727
f 712/712/712 728/728/728 727/727/727
f 712/712/712 697/697/697 728/728/728
f 697/697/697 713/713/713 728/728/728
f 713/713/713 714/714/714 729/729/729
f 714/714/714 730/730/730 729/729/729
f 714/714/714 715/715/715 730/730/730
f 715/715/715 731/731/731 730/730/730
f 715/715/715 716/716/716 731/731/731
f 716/716/716 732/732/732 731/731/731
f 716/716/716 717/717/717 732/732/732
f 717/717/717 733/733/733 732/732/732
f 717/717/717 718/718/718 733/733/733
f 718/718/718 734/734/734 733/733/733
f 718/718/718 719/719/719 734/734/734
f 719/719/719 735/735/735 734/734/734
f 719/719/719 720/720/720 735/735/735
f 720/720/720 736/736/736 735/735/735
f 720/720/720 721/721/721 736/736/736
f 721/721/721 737/737/737 736/736/736
f 721/721/721 722/722/722 737/737/737
f 722/722/722 738/738/738 737/737/737
f 722/722/722 723/723/723 738/738/738
f 723/723/723 739/739/739 738/738/738
f 723/723/723 724/724/724 739/739/739
f 724/724/724 740/740/740 739/739/739
f 724/724/724 725/725/725 740/740/740
f 725/725/725 741/741/741 740/740/740
f 725/725/725 726/726/726 741/741/741
f 726/726/726 742/742/742 741/741/741
f 726/726/726 727/727/727 742/742/742
f 727/727/727 743/743/743 742/742/742
f 727/727/727 728/728/728 743/743/743
f 728/728/728 744/744/744 743/743/743
f 728/728/728 713/713/713 744/744/744
f 713/713/713 729/729/729 744/744/744
f 729/729/729 730/730/730 745/745/745
f 730/730/730 746/746/746 745/745/745
f 730/730/730 731/731/731 746/746/746
f 731/731/731 747/747/747 746/746/746
f 731/731/731 732/732/732 747/747/747
f 732/732/732 748/748/748 747/747/747
f 732/732/732 733/733/733 748/748/748
f 733/733/733 749/749/749 748/748/748
f 733/733/733 734/734/734 749/749/749
f 734/734/734 750/750/750 749/749/749
f 734/734/734 735/735/735 750/750/750
f 735/735/735 751/751/751 750/750/750
f 735/735/735 736/736/736 751/751/751
f 736/736/736 752/752/752 751/751/751
f 736/736/736 737/737/737 752/752/752
f 737/737/737 753/753/753 752/752/752
f 737/737/737 738/738/738 753/753/753
f 738/738/738 754/754/754 753/753/753
f 738/738/738 739/739/739 754/754/754
f 739/739/739 755/755/755 754/754/754
f 739/739/739 740/740/740 755/755/755
f 740/740/740 756/756/756 755/755/755
f 740/740/740 741/741/741 756/756/756
f 741/741/741 757/757/757 756/756/756
f 741/741/741 742/742/742 757/757/757
f 742/742/742 758/758/758 757/757/757
f 742/742/742 743/743/743 758/758/758
f 743/743/743 759/759/759 758/758/758
f 743/743/743 744/744/744 759/759/759
f 744/744/744 760/760/760 759/759/759
f 744/744/744 729/729/729 760/760/760
f 729/729/729 745/745/745 760/760/760
f 745/745/745 746/746/746 761/761/761
f 746/746/746 762/762/762 761/761/761
f 746/746/746 747/747/747 762/762/762
f 747/747/747 763/763/763 762/762/762
f 747/747/747 748/748/748 763/763/763
f 748/748/748 764/764/764 763/763/763
f 748/748/748 749/749/749 764/764/764
f 749/749/749 765/765/765 764/764/764
f 749/749/749 750/750/750 765/765/765
f 750/750/750 766/766/766 765/765/765
f 750/750/750 751/751/751 766/766/766
f 751/751/751 767/767/767 766/766/766
f 751/751/751 752/752/752 767/767/767
f 752/752/752 768/768/768 767/767/767
f 752/752/752 753/753/753 768/768/768
f 753/753/753 769/769/769 768/768/768
f 753/753/753 754/754/754 769/769/769
f 754/754/754 770/770/770 769/769/769
f 754/754/754 755/755/755 770/770/770
f 755/755/755 771/771/771 770/770/770
f 755/755/755 756/756/756 771/771/771
f 756/756/756 772/772/772 771/771/771
f 756/756/756 757/757/757 772/772/772
f 757/757/757 773/773/773 772/772/772
f 757/757/757 758/758/758 773/773/773
f 758/758/758 774/774/774 773/773/773
f 758/758/758 759/759/759 774/774/774
f 759/759/759 775/775/775 774/774/774
f 759/759/759 760/760/760 775/775/775
f 760/760/760 776/776/776 775/775/775
f 760/760/760 745/745/745 776/776/776
f 745/745/745 761/761/761 776/776/776
f 761/761/761 762/762/762 777/777/777
f 762/762/762 778/778/778 777/777/777
f 762/762/762 763/763/763 778/778/778
f 763/763/763 779/779/779 778/778/778
f 763/763/763 764/764/764 779/779/779
f 764/764/764 780/780/780 779/779/779
f 764/764/764 765/765/765 780/780/780
f 765/765/765 781/781/781 780/780/780
f 765/765/765 766/766/766 781/781/781
f 766/766/766 782/782/782 781/781/781
f 766/766/766 767/767/767 782/782/782
f 767/767/767 783/783/783 782/782/782
f 767/767/767 768/768/768 783/783/783
f 768/768/768 784/784/784 783/783/783
f 768/768/768 769/769/769 784/784/784
f 769/769/769 785/785/785 784/784/784
f 769/769/769 770/770/770 785/785/785
f 770/770/770 786/786/786 785/785/785
f 770/770/770 771/771/771 786/786/786
f 771/771/771 787/787/787 786/786/786
f 771/771/771 772/772/772 787/787/787
f 772/772/772 788/788/788 787/787/787
f 772/772/772 773/773/773 788/788/788
f 773/773/773 789/789/789 788/788/788
f 773/773/773 774/774/774 789/789/789
f 774/774/774 790/790/790 789/789/789
f 774/774/774 775/775/775 790/790/790
f 775/775/775 791/791/791 790/790/790
f 775/775/775 776/776/776 791/791/791
f 776/776/776 792/792/792 791/791/791
f 776/776/776 761/761/761 792/792/792
f 761/761/761 777/777/777 792/792/792
f 777/777/777 778/778/778 409/409/409
f 778/778/778 410/410/410 409/409/409
f 778/778/778 779/779/779 410/410/410
f 779/779/779 411/411/411 410/410/410
f 779/779/779 780/780/780 411/411/411
f 780/780/780 412/412/412 411/411/411
f 780/780/780 781/781/781 412/412/412
f 781/781/781 413/413/413 412/412/412
f 781/781/781 782/782/782 413/413/413
f 782/782/782 414/414/414 413/413/413
f 782/782/782 783/783/783 414/414/414
f 783/783/783 415/415/415 414/414/414
f 783/783/783 784/784/784 415/415/415
f 784/784/784 416/416/416 415/415/415
f 784/784/784 785/785/785 416/416/416
f 785/785/785 417/417/417 416/416/416
f 785/785/785 786/786/786 417/417/417
f 786/786/786 418/418/418 417/417/417
f 786/786/786 787/787/787 418/418/418
f 787/787/787 419/419/419 418/418/418
f 787/787/787 788/788/788 419/419/419
f 788/788/788 420/420/420 419/419/419
f 788/788/788 789/789/789 420/420/420
f 789/789/789 421/421/421 420/420/420
f 789/789/789 790/790/790 421/421/421
f 790/790/790 422/422/422 421/421/421
f 790/790/790 791/791/791 422/422/422
f 791/791/791 423/423/423 422/422/422
f 791/791/791 792/792/792 423/423/423
f 792/792/792 424/424/424 423/423/423
f 792/792/792 777/777/777 424/424/424
f 777/777/777 409/409/409 424/424/424
