# Poly-Spinor Nexus 7D Avatar
# Vault: vault_00003
# Avatar ID: 5be97f902f5267c3
# Type: hybrid_form
# Rarity: primordial (100.0)
# Generated: 2026-01-07T02:36:09.628135

v -0.816496 -1.159335 0.0
v -0.816496 -1.159335 0.0
v -0.816496 -1.159335 0.0
v -0.816496 -1.159335 0.0
v -0.816496 -1.159335 0.0
v -0.816496 -1.159335 0.0
v -0.816496 -1.159335 0.0
v -0.816496 -1.159335 0.0
v -0.816496 -1.159335 0.0
v -0.816496 -1.159335 0.0
v -0.816496 -1.159335 0.0
v -0.816496 -1.159335 0.0
v -0.816496 -1.159335 0.0
v -0.816496 -1.159335 0.0
v -0.816496 -1.159335 0.0
v -0.816496 -1.159335 0.0
v -0.816496 -1.159335 0.0
v -0.816496 -1.159335 0.0
v -0.816496 -1.159335 0.0
v -0.816496 -1.159335 0.0
v -0.816496 -1.159335 0.0
v -0.816496 -1.159335 0.0
v -0.816496 -1.159335 0.0
v -0.816496 -1.159335 0.0
v -0.816788 -1.159749 0.249525
v -0.862094 -1.117899 0.239642
v -0.89603 -1.069995 0.211867
v -0.922273 -1.02751 0.170548
v -0.946467 -1.000529 0.119881
v -0.970869 -0.993285 0.062425
v -0.991254 -1.002931 0.0
v -0.99866 -1.021718 -0.064212
v -0.98501 -1.041273 -0.124763
v -0.948673 -1.056923 -0.17543
v -0.89603 -1.069995 -0.211867
v -0.838103 -1.08679 -0.232973
v -0.784827 -1.114369 -0.239761
v -0.740912 -1.155239 -0.232973
v -0.705584 -1.204123 -0.211867
v -0.675541 -1.249284 -0.17543
v -0.648565 -1.278225 -0.124763
v -0.625554 -1.284489 -0.064212
v -0.610361 -1.271186 0.0
v -0.608146 -1.248744 0.062425
v -0.623187 -1.228209 0.119881
v -0.656742 -1.214519 0.170548
v -0.705584 -1.204123 0.211867
v -0.76212 -1.188308 0.239642
v -0.77107 -1.094835 0.490526
v -0.864375 -1.018716 0.470801
v -0.941131 -0.939536 0.415593
v -1.002532 -0.871169 0.33401
v -1.053969 -0.824537 0.234622
v -1.097704 -0.804142 0.122256
v -1.127918 -0.807986 0.0
v -1.132674 -0.829759 -0.126151
v -1.101768 -0.861931 -0.245263
v -1.03447 -0.898922 -0.34465
v -0.941131 -0.939536 -0.415593
v -0.837689 -0.987265 -0.456266
v -0.737618 -1.047337 -0.469244
v -0.647345 -1.121321 -0.456266
v -0.567557 -1.202636 -0.415593
v -0.497873 -1.276837 -0.34465
v -0.440372 -1.327739 -0.245263
v -0.399669 -1.346 -0.126151
v -0.38077 -1.334187 0.0
v -0.387329 -1.304444 0.122256
v -0.421267 -1.270136 0.234622
v -0.482502 -1.237416 0.33401
v -0.567557 -1.202636 0.415593
v -0.667967 -1.157043 0.470801
v -0.68207 -0.968465 0.699947
v -0.821973 -0.867957 0.675174
v -0.950064 -0.772971 0.603347
v -1.058871 -0.691566 0.491
v -1.143199 -0.630198 0.346712
v -1.198775 -0.593034 0.179718
v -1.221237 -0.581989 0.0
v -1.206739 -0.596974 -0.180912
v -1.153955 -0.636127 -0.349974
v -1.065905 -0.696161 -0.494262
v -0.950064 -0.772971 -0.603347
v -0.816549 -0.862229 -0.670718
v -0.675713 -0.959439 -0.693423
v -0.536739 -1.059293 -0.670718
v -0.407719 -1.154933 -0.603347
v -0.296373 -1.238126 -0.494262
v -0.210186 -1.300804 -0.349974
v -0.155539 -1.337313 -0.180912
v -0.136546 -1.345915 0.0
v -0.154513 -1.328487 0.179718
v -0.208227 -1.288679 0.346712
v -0.294417 -1.229955 0.491
v -0.407719 -1.154933 0.603347
v -0.540305 -1.06633 0.675174
v -0.567552 -0.805862 0.871664
v -0.746934 -0.685622 0.84622
v -0.922487 -0.576701 0.767915
v -1.078233 -0.481729 0.634524
v -1.195088 -0.405526 0.45088
v -1.259034 -0.354395 0.232252
v -1.267625 -0.333627 0.0
v -1.229175 -0.34599 -0.226744
v -1.155203 -0.391991 -0.435832
v -1.052663 -0.470304 -0.619476
v -0.922487 -0.576701 -0.767915
v -0.765078 -0.702277 -0.866776
v -0.587148 -0.833686 -0.90176
v -0.403478 -0.956945 -0.866776
v -0.232212 -1.062847 -0.767915
v -0.088181 -1.149569 -0.619476
v 0.020099 -1.219732 -0.435832
v 0.088332 -1.273883 -0.226744
v 0.112925 -1.30592 0.0
v 0.090477 -1.304828 0.232252
v 0.020793 -1.261846 0.45088
v -0.090323 -1.177494 0.634524
v -0.232212 -1.062847 0.767915
v -0.393909 -0.934251 0.84622
v -0.442943 -0.628931 1.01812
v -0.652652 -0.487881 0.990372
v -0.85946 -0.358268 0.902973
v -1.044667 -0.243869 0.749546
v -1.183778 -0.152539 0.533603
v -1.258241 -0.093453 0.274353
v -1.265298 -0.072444 0.0
v -1.217041 -0.090393 -0.265369
v -1.12933 -0.145523 -0.50906
v -1.01046 -0.235884 -0.725002
v -0.85946 -0.358268 -0.902973
v -0.674745 -0.504397 -1.023898
v -0.464299 -0.659253 -1.067206
v -0.247597 -0.805229 -1.023898
v -0.047782 -0.929916 -0.902973
v 0.118319 -1.03086 -0.725002
v 0.243444 -1.112339 -0.50906
v 0.3249 -1.17635 -0.265369
v 0.358057 -1.21574 0.0
v 0.335899 -1.216173 0.274353
v 0.255181 -1.165968 0.533603
v 0.122324 -1.065757 0.749546
v -0.047782 -0.929916 0.902973
v -0.23949 -0.778862 0.990372
v -0.30959 -0.439584 1.147904
v -0.54234 -0.277448 1.111801
v -0.763403 -0.126068 1.003329
v -0.956361 0.005518 0.824535
v -1.103561 0.107402 0.584593
v -1.191303 0.170983 0.301801
v -1.214347 0.191523 0.0
v -1.175929 0.168776 -0.297906
v -1.083474 0.105447 -0.573952
v -0.94402 0.005447 -0.813895
v -0.763403 -0.126068 -1.003329
v -0.54943 -0.281075 -1.126336
v -0.315329 -0.447733 -1.169185
v -0.079547 -0.612004 -1.126336
v 0.138484 -0.761249 -1.003329
v 0.323159 -0.887001 -0.813895
v 0.464294 -0.984614 -0.573952
v 0.555069 -1.05033 -0.297906
v 0.589428 -1.078839 -0.0
v 0.562326 -1.064062 0.301801
v 0.472902 -1.002868 0.584593
v 0.327384 -0.898597 0.824535
v 0.138484 -0.761249 1.003329
v -0.07852 -0.604106 1.111801
v -0.161414 -0.229191 1.246304
v -0.410932 -0.052139 1.199198
v -0.63801 0.110977 1.065129
v -0.828417 0.248267 0.861474
v -0.975277 0.353019 0.606753
v -1.073884 0.421145 0.315322
v -1.116729 0.448129 0.0
v -1.094327 0.429162 -0.321324
v -1.001637 0.36256 -0.623152
v -0.844187 0.252993 -0.877874
v -0.63801 0.110977 -1.065129
v -0.403256 -0.051165 -1.176796
v -0.157167 -0.223159 -1.213506
v 0.087678 -0.39692 -1.176796
v 0.319429 -0.563327 -1.065129
v 0.522602 -0.709608 -0.877874
v 0.678808 -0.820942 -0.623152
v 0.772742 -0.885777 -0.321324
v 0.798148 -0.90048 -0.0
v 0.758307 -0.86923 0.315322
v 0.660944 -0.799338 0.606753
v 0.51284 -0.696352 0.861474
v 0.319429 -0.563327 1.065129
v 0.089347 -0.404476 1.199198
v -0.0 0.0 1.284096
v -0.256946 0.180962 1.231827
v -0.488098 0.343757 1.085996
v -0.678561 0.477896 0.871664
v -0.825121 0.581116 0.611952
v -0.926931 0.652819 0.319051
v -0.976196 0.687515 -0.0
v -0.958935 0.675358 -0.330067
v -0.865701 0.609695 -0.642048
v -0.701989 0.494397 -0.90176
v -0.488098 0.343757 -1.085996
v -0.24837 0.174922 -1.190715
v -0.0 -0.0 -1.223904
v 0.24837 -0.174922 -1.190715
v 0.488098 -0.343757 -1.085996
v 0.701989 -0.494397 -0.90176
v 0.865701 -0.609695 -0.642048
v 0.958935 -0.675358 -0.330067
v 0.976196 -0.687515 -0.0
v 0.926931 -0.652819 0.319051
v 0.825121 -0.581116 0.611952
v 0.678561 -0.477896 0.871664
v 0.488098 -0.343757 1.085996
v 0.256946 -0.180962 1.231827
v 0.161414 0.229191 1.246304
v -0.089347 0.404476 1.199198
v -0.319429 0.563327 1.065129
v -0.51284 0.696352 0.861474
v -0.660944 0.799338 0.606753
v -0.758307 0.86923 0.315322
v -0.798148 0.90048 -0.0
v -0.772742 0.885777 -0.321324
v -0.678808 0.820942 -0.623152
v -0.522602 0.709608 -0.877874
v -0.319429 0.563327 -1.065129
v -0.087678 0.39692 -1.176796
v 0.157167 0.223159 -1.213506
v 0.403256 0.051165 -1.176796
v 0.63801 -0.110977 -1.065129
v 0.844187 -0.252993 -0.877874
v 1.001637 -0.36256 -0.623152
v 1.094327 -0.429162 -0.321324
v 1.116729 -0.448129 -0.0
v 1.073884 -0.421145 0.315322
v 0.975277 -0.353019 0.606753
v 0.828417 -0.248267 0.861474
v 0.63801 -0.110977 1.065129
v 0.410932 0.052139 1.199198
v 0.30959 0.439584 1.147904
v 0.07852 0.604106 1.111801
v -0.138484 0.761249 1.003329
v -0.327384 0.898597 0.824535
v -0.472902 1.002868 0.584593
v -0.562326 1.064062 0.301801
v -0.589428 1.078839 -0.0
v -0.555069 1.05033 -0.297906
v -0.464294 0.984614 -0.573952
v -0.323159 0.887001 -0.813895
v -0.138484 0.761249 -1.003329
v 0.079547 0.612004 -1.126336
v 0.315329 0.447733 -1.169185
v 0.54943 0.281075 -1.126336
v 0.763403 0.126068 -1.003329
v 0.94402 -0.005447 -0.813895
v 1.083474 -0.105447 -0.573952
v 1.175929 -0.168776 -0.297906
v 1.214347 -0.191523 -0.0
v 1.191303 -0.170983 0.301801
v 1.103561 -0.107402 0.584593
v 0.956361 -0.005518 0.824535
v 0.763403 0.126068 1.003329
v 0.54234 0.277448 1.111801
v 0.442943 0.628931 1.01812
v 0.23949 0.778862 0.990372
v 0.047782 0.929916 0.902973
v -0.122324 1.065757 0.749546
v -0.255181 1.165968 0.533603
v -0.335899 1.216173 0.274353
v -0.358057 1.21574 -0.0
v -0.3249 1.17635 -0.265369
v -0.243444 1.112339 -0.50906
v -0.118319 1.03086 -0.725002
v 0.047782 0.929916 -0.902973
v 0.247597 0.805229 -1.023898
v 0.464299 0.659253 -1.067206
v 0.674745 0.504397 -1.023898
v 0.85946 0.358268 -0.902973
v 1.01046 0.235884 -0.725002
v 1.12933 0.145523 -0.50906
v 1.217041 0.090393 -0.265369
v 1.265298 0.072444 -0.0
v 1.258241 0.093453 0.274353
v 1.183778 0.152539 0.533603
v 1.044667 0.243869 0.749546
v 0.85946 0.358268 0.902973
v 0.652652 0.487881 0.990372
v 0.567552 0.805862 0.871664
v 0.393909 0.934251 0.84622
v 0.232212 1.062847 0.767915
v 0.090323 1.177494 0.634524
v -0.020793 1.261846 0.45088
v -0.090477 1.304828 0.232252
v -0.112925 1.30592 -0.0
v -0.088332 1.273883 -0.226744
v -0.020099 1.219732 -0.435832
v 0.088181 1.149569 -0.619476
v 0.232212 1.062847 -0.767915
v 0.403478 0.956945 -0.866776
v 0.587148 0.833686 -0.90176
v 0.765078 0.702277 -0.866776
v 0.922487 0.576701 -0.767915
v 1.052663 0.470304 -0.619476
v 1.155203 0.391991 -0.435832
v 1.229175 0.34599 -0.226744
v 1.267625 0.333627 -0.0
v 1.259034 0.354395 0.232252
v 1.195088 0.405526 0.45088
v 1.078233 0.481729 0.634524
v 0.922487 0.576701 0.767915
v 0.746934 0.685622 0.84622
v 0.68207 0.968465 0.699947
v 0.540305 1.06633 0.675174
v 0.407719 1.154933 0.603347
v 0.294417 1.229955 0.491
v 0.208227 1.288679 0.346712
v 0.154513 1.328487 0.179718
v 0.136546 1.345915 -0.0
v 0.155539 1.337313 -0.180912
v 0.210186 1.300804 -0.349974
v 0.296373 1.238126 -0.494262
v 0.407719 1.154933 -0.603347
v 0.536739 1.059293 -0.670718
v 0.675713 0.959439 -0.693423
v 0.816549 0.862229 -0.670718
v 0.950064 0.772971 -0.603347
v 1.065905 0.696161 -0.494262
v 1.153955 0.636127 -0.349974
v 1.206739 0.596974 -0.180912
v 1.221237 0.581989 -0.0
v 1.198775 0.593034 0.179718
v 1.143199 0.630198 0.346712
v 1.058871 0.691566 0.491
v 0.950064 0.772971 0.603347
v 0.821973 0.867957 0.675174
v 0.77107 1.094835 0.490526
v 0.667967 1.157043 0.470801
v 0.567557 1.202636 0.415593
v 0.482502 1.237416 0.33401
v 0.421267 1.270136 0.234622
v 0.387329 1.304444 0.122256
v 0.38077 1.334187 -0.0
v 0.399669 1.346 -0.126151
v 0.440372 1.327739 -0.245263
v 0.497873 1.276837 -0.34465
v 0.567557 1.202636 -0.415593
v 0.647345 1.121321 -0.456266
v 0.737618 1.047337 -0.469244
v 0.837689 0.987265 -0.456266
v 0.941131 0.939536 -0.415593
v 1.03447 0.898922 -0.34465
v 1.101768 0.861931 -0.245263
v 1.132674 0.829759 -0.126151
v 1.127918 0.807986 -0.0
v 1.097704 0.804142 0.122256
v 1.053969 0.824537 0.234622
v 1.002532 0.871169 0.33401
v 0.941131 0.939536 0.415593
v 0.864375 1.018716 0.470801
v 0.816788 1.159749 0.249525
v 0.76212 1.188308 0.239642
v 0.705584 1.204123 0.211867
v 0.656742 1.214519 0.170548
v 0.623187 1.228209 0.119881
v 0.608146 1.248744 0.062425
v 0.610361 1.271186 -0.0
v 0.625554 1.284489 -0.064212
v 0.648565 1.278225 -0.124763
v 0.675541 1.249284 -0.17543
v 0.705584 1.204123 -0.211867
v 0.740912 1.155239 -0.232973
v 0.784827 1.114369 -0.239761
v 0.838103 1.08679 -0.232973
v 0.89603 1.069995 -0.211867
v 0.948673 1.056923 -0.17543
v 0.98501 1.041273 -0.124763
v 0.99866 1.021718 -0.064212
v 0.991254 1.002931 -0.0
v 0.970869 0.993285 0.062425
v 0.946467 1.000529 0.119881
v 0.922273 1.02751 0.170548
v 0.89603 1.069995 0.211867
v 0.862094 1.117899 0.239642
v 0.816496 1.159335 -0.0
v 0.816496 1.159335 -0.0
v 0.816496 1.159335 -0.0
v 0.816496 1.159335 -0.0
v 0.816496 1.159335 -0.0
v 0.816496 1.159335 -0.0
v 0.816496 1.159335 -0.0
v 0.816496 1.159335 -0.0
v 0.816496 1.159335 -0.0
v 0.816496 1.159335 -0.0
v 0.816496 1.159335 -0.0
v 0.816496 1.159335 -0.0
v 0.816496 1.159335 -0.0
v 0.816496 1.159335 -0.0
v 0.816496 1.159335 -0.0
v 0.816496 1.159335 -0.0
v 0.816496 1.159335 -0.0
v 0.816496 1.159335 -0.0
v 0.816496 1.159335 -0.0
v 0.816496 1.159335 -0.0
v 0.816496 1.159335 -0.0
v 0.816496 1.159335 -0.0
v 0.816496 1.159335 -0.0
v 0.816496 1.159335 -0.0
v -2.327846 -0.962111 0.996303
v -0.869628 -2.131471 2.284984
v -0.568575 -2.46419 -0.084465
v -2.405684 -1.250996 0.287985
v -1.399882 -1.98768 2.14434
v -0.367418 -2.686505 0.082115
v -2.128596 -1.365499 -0.464864
v -1.713905 -1.536864 1.787968
v -0.121642 -2.515895 0.458337
v -1.57986 -1.346535 -0.830344
v -1.880913 -1.013816 1.539105
v -0.043804 -2.227009 1.166655
v -1.049606 -1.490325 -0.6897
v -2.08207 -0.7915 1.372525
v -0.320892 -2.112507 1.919504
v -0.735583 -1.941142 -0.333328
v -2.528583 -0.820736 0.962355
v -1.066239 -1.993002 2.251733
v -0.753438 -2.333994 -0.115728
v -2.572965 -1.133184 0.259695
v -1.546424 -1.884474 2.119557
v -0.49322 -2.597906 0.060839
v -2.236816 -1.289282 -0.483166
v -1.810377 -1.468921 1.771653
v -0.213989 -2.450857 0.44272
v -1.676332 -1.278591 -0.846659
v -1.989133 -0.937599 1.520803
v -0.169606 -2.13841 1.145379
v -1.196147 -1.387119 -0.714483
v -2.249352 -0.673688 1.344235
v -0.505755 -1.982311 1.88824
v -0.932194 -1.802672 -0.366578
v -2.71564 -0.688996 0.862824
v -1.249452 -1.863969 2.154248
v -0.925704 -2.212671 -0.207389
v -2.728847 -1.023399 0.176752
v -1.682979 -1.788301 2.046898
v -0.610449 -2.515344 -0.001537
v -2.337661 -1.218259 -0.536825
v -1.900275 -1.405608 1.723819
v -0.300042 -2.390251 0.396931
v -1.76623 -1.215278 -0.894492
v -2.089978 -0.866576 1.467144
v -0.286835 -2.055848 1.083003
v -1.332703 -1.290946 -0.787142
v -2.405233 -0.563903 1.261292
v -0.678021 -1.860988 1.79658
v -1.115407 -1.673639 -0.464064
v -2.876269 -0.575868 0.704493
v -1.406781 -1.753166 1.99917
v -1.073631 -2.108489 -0.3532
v -2.862705 -0.929126 0.044809
v -1.800242 -1.705715 1.931313
v -0.711116 -2.444446 -0.100763
v -2.424259 -1.15727 -0.622183
v -1.977472 -1.35124 1.647727
v -0.373938 -2.338208 0.324093
v -1.843426 -1.16091 -0.970584
v -2.176576 -0.805587 1.381786
v -0.387502 -1.98495 0.983777
v -1.449965 -1.208361 -0.902727
v -2.539092 -0.46963 1.129349
v -0.825948 -1.756806 1.650769
v -1.272735 -1.562836 -0.619141
v -2.999525 -0.489061 0.498152
v -1.527503 -1.668143 1.79707
v -1.18714 -2.028547 -0.543225
v -2.965418 -0.856787 -0.127142
v -1.890221 -1.642345 1.78068
v -0.78836 -2.390044 -0.230078
v -2.490707 -1.110471 -0.733424
v -2.036707 -1.309522 1.548562
v -0.43064 -2.298274 0.229169
v -1.902662 -1.119192 -1.06975
v -2.243024 -0.758788 1.270545
v -0.464746 -1.930549 0.854462
v -1.539944 -1.14499 -1.05336
v -2.641805 -0.397291 0.957398
v -0.939457 -1.676864 1.460744
v -1.393458 -1.477814 -0.821242
v -3.077006 -0.434493 0.257862
v -1.603392 -1.614696 1.561719
v -1.258495 -1.978293 -0.764513
v -3.029986 -0.811313 -0.327384
v -1.946784 -1.602509 1.605264
v -0.836918 -2.355846 -0.380667
v -2.532479 -1.081053 -0.862967
v -2.073944 -1.283296 1.433081
v -0.466284 -2.27317 0.118626
v -1.939898 -1.092967 -1.18523
v -2.284796 -0.72937 1.141001
v -0.513304 -1.89635 0.703873
v -1.596507 -1.105154 -1.228776
v -2.706373 -0.351817 0.757156
v -1.010812 -1.62661 1.239456
v -1.469347 -1.424367 -1.056593
v -3.103434 -0.41588 0.0
v -1.629277 -1.596466 1.309156
v -1.282833 -1.961153 -1.001984
v -3.052009 -0.795803 -0.54227
v -1.966076 -1.588922 1.41702
v -0.85348 -2.344182 -0.54227
v -2.546726 -1.071019 -1.001984
v -2.086644 -1.274352 1.309156
v -0.478442 -2.264608 0.0
v -1.952599 -1.084022 -1.309156
v -2.299043 -0.719336 1.001984
v -0.529866 -1.884686 0.54227
v -1.615799 -1.091567 -1.41702
v -2.728396 -0.336307 0.54227
v -1.03515 -1.60947 1.001984
v -1.495231 -1.406137 -1.309156
v -3.077006 -0.434493 -0.257862
v -1.603392 -1.614696 1.056593
v -1.258495 -1.978293 -1.239456
v -3.029986 -0.811313 -0.757156
v -1.946784 -1.602509 1.228776
v -0.836918 -2.355846 -0.703873
v -2.532479 -1.081053 -1.141001
v -2.073944 -1.283296 1.18523
v -0.466284 -2.27317 -0.118626
v -1.939898 -1.092967 -1.433081
v -2.284796 -0.72937 0.862967
v -0.513304 -1.89635 0.380667
v -1.596507 -1.105154 -1.605264
v -2.706373 -0.351817 0.327384
v -1.010812 -1.62661 0.764513
v -1.469347 -1.424367 -1.561719
v -2.999525 -0.489061 -0.498151
v -1.527503 -1.668143 0.821242
v -1.18714 -2.028547 -1.460744
v -2.965418 -0.856787 -0.957398
v -1.890221 -1.642345 1.05336
v -0.78836 -2.390044 -0.854462
v -2.490707 -1.110471 -1.270545
v -2.036707 -1.309522 1.06975
v -0.43064 -2.298274 -0.229168
v -1.902662 -1.119192 -1.548562
v -2.243024 -0.758788 0.733424
v -0.464746 -1.930549 0.230078
v -1.539944 -1.14499 -1.78068
v -2.641805 -0.397291 0.127142
v -0.939457 -1.676864 0.543225
v -1.393458 -1.477814 -1.79707
v -2.876269 -0.575868 -0.704493
v -1.406781 -1.753166 0.619141
v -1.073631 -2.108489 -1.650769
v -2.862705 -0.929126 -1.129349
v -1.800242 -1.705715 0.902727
v -0.711116 -2.444446 -0.983777
v -2.424259 -1.15727 -1.381786
v -1.977472 -1.35124 0.970584
v -0.373938 -2.338208 -0.324093
v -1.843426 -1.16091 -1.647727
v -2.176576 -0.805587 0.622183
v -0.387502 -1.98495 0.100763
v -1.449965 -1.208361 -1.931313
v -2.539092 -0.46963 -0.044809
v -0.825948 -1.756806 0.3532
v -1.272735 -1.562836 -1.99917
v -2.71564 -0.688996 -0.862824
v -1.249452 -1.863969 0.464064
v -0.925704 -2.212671 -1.79658
v -2.728847 -1.023399 -1.261292
v -1.682979 -1.788301 0.787142
v -0.610449 -2.515344 -1.083003
v -2.337661 -1.218259 -1.467144
v -1.900275 -1.405608 0.894492
v -0.300042 -2.390251 -0.396931
v -1.76623 -1.215278 -1.723819
v -2.089978 -0.866576 0.536825
v -0.286835 -2.055848 0.001537
v -1.332703 -1.290946 -2.046898
v -2.405233 -0.563903 -0.176752
v -0.678021 -1.860988 0.207389
v -1.115407 -1.673639 -2.154248
v -2.528583 -0.820736 -0.962355
v -1.066239 -1.993002 0.366578
v -0.753438 -2.333994 -1.88824
v -2.572965 -1.133184 -1.344235
v -1.546424 -1.884474 0.714483
v -0.49322 -2.597906 -1.145379
v -2.236816 -1.289282 -1.520803
v -1.810377 -1.468921 0.846659
v -0.213989 -2.450857 -0.44272
v -1.676332 -1.278591 -1.771653
v -1.989133 -0.937599 0.483166
v -0.169606 -2.13841 -0.060839
v -1.196147 -1.387119 -2.119557
v -2.249352 -0.673688 -0.259695
v -0.505755 -1.982311 0.115728
v -0.932194 -1.802672 -2.251733
v -2.327846 -0.962111 -0.996303
v -0.869628 -2.131471 0.333328
v -0.568575 -2.46419 -1.919504
v -2.405684 -1.250996 -1.372525
v -1.399882 -1.98768 0.6897
v -0.367418 -2.686505 -1.166655
v -2.128596 -1.365499 -1.539105
v -1.713905 -1.536864 0.830344
v -0.121642 -2.515895 -0.458337
v -1.57986 -1.346535 -1.787968
v -1.880913 -1.013816 0.464864
v -0.043804 -2.227009 -0.082115
v -1.049606 -1.490325 -2.14434
v -2.08207 -0.7915 -0.287985
v -0.320892 -2.112507 0.084465
v -0.735583 -1.941142 -2.284984
v -2.127109 -1.103486 -0.962355
v -0.673016 -2.269941 0.366578
v -0.383711 -2.594386 -1.88824
v -2.238403 -1.368809 -1.344235
v -1.253341 -2.090887 0.714483
v -0.241615 -2.775105 -1.145379
v -2.020376 -1.441716 -1.520803
v -1.617433 -1.604807 0.846659
v -0.029296 -2.580933 -0.44272
v -1.483388 -1.414478 -1.771653
v -1.772693 -1.090033 0.483166
v 0.081998 -2.315609 -0.060839
v -0.903064 -1.593532 -2.119557
v -1.914789 -0.909313 -0.259695
v -0.136028 -2.242703 0.115728
v -0.538971 -2.079611 -2.251733
v -1.940052 -1.235226 -0.862824
v -0.489803 -2.398974 0.464064
v -0.211446 -2.715708 -1.79658
v -2.082521 -1.478593 -1.261292
v -1.116786 -2.18706 0.787142
v -0.124387 -2.857667 -1.083003
v -1.919531 -1.512739 -1.467144
v -1.527536 -1.66812 0.894492
v 0.056758 -2.641538 -0.396931
v -1.393491 -1.477791 -1.723819
v -1.671848 -1.161056 0.536825
v 0.199227 -2.398171 0.001537
v -0.766509 -1.689705 -2.046898
v -1.758908 -1.019097 -0.176752
v 0.036237 -2.364026 0.207389
v -0.355758 -2.208644 -2.154248
v -1.779422 -1.348354 -0.704493
v -0.332475 -2.509777 0.619141
v -0.063518 -2.819891 -1.650769
v -1.948663 -1.572867 -1.129349
v -0.999523 -2.269645 0.902727
v -0.02372 -2.928565 -0.983777
v -1.832934 -1.573728 -1.381786
v -1.450339 -1.722488 0.970584
v 0.130653 -2.693581 -0.324093
v -1.316294 -1.532159 -1.647727
v -1.585251 -1.222045 0.622183
v 0.299894 -2.469069 0.100763
v -0.649246 -1.77229 -1.931313
v -1.625049 -1.113371 -0.044809
v 0.184165 -2.468208 0.3532
v -0.19843 -2.319448 -1.99917
v -1.656167 -1.435161 -0.498152
v -0.211753 -2.594799 0.821242
v 0.049991 -2.899833 -1.460744
v -1.84595 -1.645206 -0.957398
v -0.909544 -2.333015 1.05336
v 0.053525 -2.982966 -0.854462
v -1.766485 -1.620526 -1.270545
v -1.391104 -1.764206 1.06975
v 0.187355 -2.733516 -0.229168
v -1.257059 -1.573877 -1.548562
v -1.518802 -1.268843 0.733424
v 0.377138 -2.52347 0.230078
v -0.559267 -1.835661 -1.78068
v -1.522336 -1.18571 0.127142
v 0.297674 -2.54815 0.543225
v -0.077708 -2.40447 -1.79707
v -1.578685 -1.489729 -0.257862
v -0.135863 -2.648246 1.056593
v 0.121345 -2.950086 -1.239456
v -1.781381 -1.69068 -0.757156
v -0.852981 -2.372852 1.228776
v 0.102082 -3.017165 -0.703873
v -1.724714 -1.649945 -1.141001
v -1.353867 -1.790431 1.18523
v 0.223 -2.758619 -0.118626
v -1.219822 -1.600102 -1.433081
v -1.477031 -1.298262 0.862967
v 0.425696 -2.557669 0.380667
v -0.502704 -1.875497 -1.605264
v -1.457768 -1.231184 0.327384
v 0.369028 -2.598404 0.764513
v -0.001818 -2.457917 -1.561719
v -1.552258 -1.508342 0.0
v -0.109979 -2.666476 1.309156
v 0.145683 -2.967227 -1.001984
v -1.759358 -1.70619 -0.54227
v -0.833689 -2.386439 1.41702
v 0.118645 -3.028829 -0.54227
v -1.710466 -1.659979 -1.001984
v -1.341166 -1.799376 1.309156
v 0.235157 -2.767182 0.0
v -1.207121 -1.609047 -1.309156
v -1.462783 -1.308296 1.001984
v 0.442258 -2.569333 0.54227
v -0.483412 -1.889084 -1.41702
v -1.435745 -1.246694 0.54227
v 0.393366 -2.615544 1.001984
v 0.024066 -2.476147 -1.309156
v -1.578685 -1.489729 0.257862
v -0.135863 -2.648246 1.561719
v 0.121345 -2.950086 -0.764513
v -1.781381 -1.69068 -0.327384
v -0.852981 -2.372852 1.605264
v 0.102082 -3.017165 -0.380667
v -1.724714 -1.649945 -0.862967
v -1.353867 -1.790431 1.433081
v 0.223 -2.758619 0.118626
v -1.219822 -1.600102 -1.18523
v -1.477031 -1.298262 1.141001
v 0.425696 -2.557669 0.703873
v -0.502704 -1.875497 -1.228776
v -1.457768 -1.231184 0.757156
v 0.369028 -2.598404 1.239456
v -0.001818 -2.457917 -1.056593
v -1.656167 -1.435161 0.498152
v -0.211753 -2.594799 1.79707
v 0.049991 -2.899833 -0.543225
v -1.84595 -1.645206 -0.127142
v -0.909544 -2.333015 1.78068
v 0.053525 -2.982966 -0.230078
v -1.766485 -1.620526 -0.733424
v -1.391104 -1.764206 1.548562
v 0.187355 -2.733516 0.229169
v -1.257059 -1.573877 -1.06975
v -1.518802 -1.268843 1.270545
v 0.377138 -2.52347 0.854462
v -0.559267 -1.835661 -1.05336
v -1.522336 -1.18571 0.957398
v 0.297674 -2.54815 1.460744
v -0.077708 -2.40447 -0.821242
v -1.779422 -1.348354 0.704493
v -0.332475 -2.509777 1.99917
v -0.063518 -2.819891 -0.3532
v -1.948663 -1.572867 0.044809
v -0.999523 -2.269645 1.931313
v -0.02372 -2.928565 -0.100763
v -1.832934 -1.573728 -0.622183
v -1.450339 -1.722488 1.647727
v 0.130653 -2.693581 0.324093
v -1.316294 -1.532159 -0.970584
v -1.585251 -1.222045 1.381786
v 0.299894 -2.469069 0.983777
v -0.649246 -1.77229 -0.902727
v -1.625049 -1.113371 1.129349
v 0.184165 -2.468208 1.650769
v -0.19843 -2.319448 -0.619141
v -1.940052 -1.235226 0.862824
v -0.489803 -2.398974 2.154248
v -0.211446 -2.715708 -0.207389
v -2.082521 -1.478593 0.176752
v -1.116786 -2.18706 2.046898
v -0.124387 -2.857667 -0.001537
v -1.919531 -1.512739 -0.536825
v -1.527536 -1.66812 1.723819
v 0.056758 -2.641538 0.396931
v -1.393491 -1.477791 -0.894492
v -1.671848 -1.161056 1.467144
v 0.199227 -2.398171 1.083003
v -0.766509 -1.689705 -0.787142
v -1.758908 -1.019097 1.261292
v 0.036237 -2.364026 1.79658
v -0.355758 -2.208644 -0.464064
v -2.127109 -1.103486 0.962355
v -0.673016 -2.269941 2.251733
v -0.383711 -2.594386 -0.115728
v -2.238403 -1.368809 0.259695
v -1.253341 -2.090887 2.119557
v -0.241615 -2.775105 0.060839
v -2.020376 -1.441716 -0.483166
v -1.617433 -1.604807 1.771653
v -0.029296 -2.580933 0.44272
v -1.483388 -1.414478 -0.846659
v -1.772693 -1.090033 1.520803
v 0.081998 -2.315609 1.145379
v -0.903064 -1.593532 -0.714483
v -1.914789 -0.909313 1.344235
v -0.136028 -2.242703 1.88824
v -0.538971 -2.079611 -0.366578

vt 0.1523 0.5
vt 0.1523 0.5
vt 0.1523 0.5
vt 0.1523 0.5
vt 0.1523 0.5
vt 0.1523 0.5
vt 0.1523 0.5
vt 0.1523 0.5
vt 0.1523 0.5
vt 0.1523 0.5
vt 0.1523 0.5
vt 0.1523 0.5
vt 0.1523 0.5
vt 0.1523 0.5
vt 0.1523 0.5
vt 0.1523 0.5
vt 0.1523 0.5
vt 0.1523 0.5
vt 0.1523 0.5
vt 0.1523 0.5
vt 0.1523 0.5
vt 0.1523 0.5
vt 0.1523 0.5
vt 0.1523 0.5
vt 0.1523 0.4446
vt 0.1454 0.4465
vt 0.139 0.452
vt 0.1336 0.4609
vt 0.1294 0.4724
vt 0.1268 0.4857
vt 0.1259 0.5
vt 0.1268 0.5143
vt 0.1294 0.5276
vt 0.1336 0.5391
vt 0.139 0.548
vt 0.1454 0.5535
vt 0.1523 0.5554
vt 0.1592 0.5535
vt 0.1656 0.548
vt 0.1711 0.5391
vt 0.1753 0.5276
vt 0.1779 0.5143
vt 0.1788 0.5
vt 0.1779 0.4857
vt 0.1753 0.4724
vt 0.1711 0.4609
vt 0.1656 0.452
vt 0.1592 0.4465
vt 0.1523 0.3882
vt 0.138 0.3922
vt 0.1249 0.4036
vt 0.1139 0.4216
vt 0.1057 0.4448
vt 0.1006 0.4715
vt 0.0989 0.5
vt 0.1006 0.5285
vt 0.1057 0.5552
vt 0.1139 0.5784
vt 0.1249 0.5964
vt 0.138 0.6078
vt 0.1523 0.6118
vt 0.1667 0.6078
vt 0.1798 0.5964
vt 0.1908 0.5784
vt 0.199 0.5552
vt 0.2041 0.5285
vt 0.2058 0.5
vt 0.2041 0.4715
vt 0.199 0.4448
vt 0.1908 0.4216
vt 0.1798 0.4036
vt 0.1667 0.3922
vt 0.1523 0.3301
vt 0.1293 0.3363
vt 0.1087 0.3543
vt 0.0921 0.3821
vt 0.0802 0.4174
vt 0.0731 0.4575
vt 0.0708 0.5
vt 0.0731 0.5425
vt 0.0802 0.5826
vt 0.0921 0.6179
vt 0.1087 0.6457
vt 0.1293 0.6637
vt 0.1523 0.6699
vt 0.1754 0.6637
vt 0.196 0.6457
vt 0.2126 0.6179
vt 0.2245 0.5826
vt 0.2316 0.5425
vt 0.2339 0.5
vt 0.2316 0.4575
vt 0.2245 0.4174
vt 0.2126 0.3821
vt 0.196 0.3543
vt 0.1754 0.3363
vt 0.1523 0.2695
vt 0.1182 0.2786
vt 0.0889 0.3044
vt 0.0669 0.3431
vt 0.0521 0.3908
vt 0.0437 0.4441
vt 0.041 0.5
vt 0.0437 0.5559
vt 0.0521 0.6092
vt 0.0669 0.6569
vt 0.0889 0.6956
vt 0.1182 0.7214
vt 0.1523 0.7305
vt 0.1865 0.7214
vt 0.2158 0.6956
vt 0.2378 0.6569
vt 0.2526 0.6092
vt 0.261 0.5559
vt 0.2637 0.5
vt 0.261 0.4441
vt 0.2526 0.3908
vt 0.2378 0.3431
vt 0.2158 0.3044
vt 0.1865 0.2786
vt 0.1523 0.206
vt 0.1022 0.2191
vt 0.0629 0.2549
vt 0.0365 0.3059
vt 0.0204 0.3662
vt 0.0118 0.4318
vt 0.0091 0.5
vt 0.0118 0.5682
vt 0.0204 0.6338
vt 0.0365 0.6941
vt 0.0629 0.7451
vt 0.1022 0.7809
vt 0.1523 0.794
vt 0.2025 0.7809
vt 0.2418 0.7451
vt 0.2682 0.6941
vt 0.2843 0.6338
vt 0.2929 0.5682
vt 0.2956 0.5
vt 0.2929 0.4318
vt 0.2843 0.3662
vt 0.2682 0.3059
vt 0.2418 0.2549
vt 0.2025 0.2191
vt 0.1523 0.1394
vt 0.0753 0.1596
vt 0.026 0.2091
vt 0.9991 0.2735
vt 0.9846 0.3456
vt 0.9773 0.4218
vt 0.9751 0.5
vt 0.9773 0.5782
vt 0.9846 0.6544
vt 0.9991 0.7265
vt 0.026 0.7909
vt 0.0753 0.8404
vt 0.1523 0.8606
vt 0.2294 0.8404
vt 0.2786 0.7909
vt 0.3056 0.7265
vt 0.3201 0.6544
vt 0.3274 0.5782
vt 0.3296 0.5
vt 0.3274 0.4218
vt 0.3201 0.3456
vt 0.3056 0.2735
vt 0.2786 0.2091
vt 0.2294 0.1596
vt 0.1523 0.0704
vt 0.0201 0.1059
vt 0.9726 0.1739
vt 0.9537 0.2506
vt 0.9447 0.3315
vt 0.9405 0.4151
vt 0.9393 0.5
vt 0.9405 0.5849
vt 0.9447 0.6685
vt 0.9537 0.7494
vt 0.9726 0.8261
vt 0.0201 0.8941
vt 0.1523 0.9296
vt 0.2846 0.8941
vt 0.3321 0.8261
vt 0.351 0.7494
vt 0.36 0.6685
vt 0.3642 0.5849
vt 0.3654 0.5
vt 0.3642 0.4151
vt 0.36 0.3315
vt 0.351 0.2506
vt 0.3321 0.1739
vt 0.2846 0.1059
vt 1.0 0.0
vt 0.9023 0.0795
vt 0.9023 0.16
vt 0.9023 0.2422
vt 0.9023 0.3265
vt 0.9023 0.4127
vt 0.9023 0.5
vt 0.9023 0.5873
vt 0.9023 0.6735
vt 0.9023 0.7578
vt 0.9023 0.84
vt 0.9023 0.9205
vt 0.0 1.0
vt 0.4023 0.9205
vt 0.4023 0.84
vt 0.4023 0.7578
vt 0.4023 0.6735
vt 0.4023 0.5873
vt 0.4023 0.5
vt 0.4023 0.4127
vt 0.4023 0.3265
vt 0.4023 0.2422
vt 0.4023 0.16
vt 0.4023 0.0795
vt 0.6523 0.0704
vt 0.7846 0.1059
vt 0.8321 0.1739
vt 0.851 0.2506
vt 0.86 0.3315
vt 0.8642 0.4151
vt 0.8654 0.5
vt 0.8642 0.5849
vt 0.86 0.6685
vt 0.851 0.7494
vt 0.8321 0.8261
vt 0.7846 0.8941
vt 0.6523 0.9296
vt 0.5201 0.8941
vt 0.4726 0.8261
vt 0.4537 0.7494
vt 0.4447 0.6685
vt 0.4405 0.5849
vt 0.4393 0.5
vt 0.4405 0.4151
vt 0.4447 0.3315
vt 0.4537 0.2506
vt 0.4726 0.1739
vt 0.5201 0.1059
vt 0.6523 0.1394
vt 0.7294 0.1596
vt 0.7786 0.2091
vt 0.8056 0.2735
vt 0.8201 0.3456
vt 0.8274 0.4218
vt 0.8296 0.5
vt 0.8274 0.5782
vt 0.8201 0.6544
vt 0.8056 0.7265
vt 0.7786 0.7909
vt 0.7294 0.8404
vt 0.6523 0.8606
vt 0.5753 0.8404
vt 0.526 0.7909
vt 0.4991 0.7265
vt 0.4846 0.6544
vt 0.4773 0.5782
vt 0.4751 0.5
vt 0.4773 0.4218
vt 0.4846 0.3456
vt 0.4991 0.2735
vt 0.526 0.2091
vt 0.5753 0.1596
vt 0.6523 0.206
vt 0.7025 0.2191
vt 0.7418 0.2549
vt 0.7682 0.3059
vt 0.7843 0.3662
vt 0.7929 0.4318
vt 0.7956 0.5
vt 0.7929 0.5682
vt 0.7843 0.6338
vt 0.7682 0.6941
vt 0.7418 0.7451
vt 0.7025 0.7809
vt 0.6523 0.794
vt 0.6022 0.7809
vt 0.5629 0.7451
vt 0.5365 0.6941
vt 0.5204 0.6338
vt 0.5118 0.5682
vt 0.5091 0.5
vt 0.5118 0.4318
vt 0.5204 0.3662
vt 0.5365 0.3059
vt 0.5629 0.2549
vt 0.6022 0.2191
vt 0.6523 0.2695
vt 0.6865 0.2786
vt 0.7158 0.3044
vt 0.7378 0.3431
vt 0.7526 0.3908
vt 0.761 0.4441
vt 0.7637 0.5
vt 0.761 0.5559
vt 0.7526 0.6092
vt 0.7378 0.6569
vt 0.7158 0.6956
vt 0.6865 0.7214
vt 0.6523 0.7305
vt 0.6182 0.7214
vt 0.5889 0.6956
vt 0.5669 0.6569
vt 0.5521 0.6092
vt 0.5437 0.5559
vt 0.541 0.5
vt 0.5437 0.4441
vt 0.5521 0.3908
vt 0.5669 0.3431
vt 0.5889 0.3044
vt 0.6182 0.2786
vt 0.6523 0.3301
vt 0.6754 0.3363
vt 0.696 0.3543
vt 0.7126 0.3821
vt 0.7245 0.4174
vt 0.7316 0.4575
vt 0.7339 0.5
vt 0.7316 0.5425
vt 0.7245 0.5826
vt 0.7126 0.6179
vt 0.696 0.6457
vt 0.6754 0.6637
vt 0.6523 0.6699
vt 0.6293 0.6637
vt 0.6087 0.6457
vt 0.5921 0.6179
vt 0.5802 0.5826
vt 0.5731 0.5425
vt 0.5708 0.5
vt 0.5731 0.4575
vt 0.5802 0.4174
vt 0.5921 0.3821
vt 0.6087 0.3543
vt 0.6293 0.3363
vt 0.6523 0.3882
vt 0.6667 0.3922
vt 0.6798 0.4036
vt 0.6908 0.4216
vt 0.699 0.4448
vt 0.7041 0.4715
vt 0.7058 0.5
vt 0.7041 0.5285
vt 0.699 0.5552
vt 0.6908 0.5784
vt 0.6798 0.5964
vt 0.6667 0.6078
vt 0.6523 0.6118
vt 0.638 0.6078
vt 0.6249 0.5964
vt 0.6139 0.5784
vt 0.6057 0.5552
vt 0.6006 0.5285
vt 0.5989 0.5
vt 0.6006 0.4715
vt 0.6057 0.4448
vt 0.6139 0.4216
vt 0.6249 0.4036
vt 0.638 0.3922
vt 0.6523 0.4446
vt 0.6592 0.4465
vt 0.6656 0.452
vt 0.6711 0.4609
vt 0.6753 0.4724
vt 0.6779 0.4857
vt 0.6788 0.5
vt 0.6779 0.5143
vt 0.6753 0.5276
vt 0.6711 0.5391
vt 0.6656 0.548
vt 0.6592 0.5535
vt 0.6523 0.5554
vt 0.6454 0.5535
vt 0.639 0.548
vt 0.6336 0.5391
vt 0.6294 0.5276
vt 0.6268 0.5143
vt 0.6259 0.5
vt 0.6268 0.4857
vt 0.6294 0.4724
vt 0.6336 0.4609
vt 0.639 0.452
vt 0.6454 0.4465
vt 0.6523 0.5
vt 0.6523 0.5
vt 0.6523 0.5
vt 0.6523 0.5
vt 0.6523 0.5
vt 0.6523 0.5
vt 0.6523 0.5
vt 0.6523 0.5
vt 0.6523 0.5
vt 0.6523 0.5
vt 0.6523 0.5
vt 0.6523 0.5
vt 0.6523 0.5
vt 0.6523 0.5
vt 0.6523 0.5
vt 0.6523 0.5
vt 0.6523 0.5
vt 0.6523 0.5
vt 0.6523 0.5
vt 0.6523 0.5
vt 0.6523 0.5
vt 0.6523 0.5
vt 0.6523 0.5
vt 0.6523 0.5
vt 0.0624 0.3801
vt 0.1883 0.2512
vt 0.2139 0.5106
vt 0.0763 0.4663
vt 0.1523 0.2699
vt 0.2284 0.4904
vt 0.0908 0.5579
vt 0.1163 0.2898
vt 0.2423 0.4427
vt 0.1123 0.6211
vt 0.0787 0.3013
vt 0.2469 0.3464
vt 0.1523 0.6151
vt 0.0578 0.3242
vt 0.226 0.267
vt 0.1924 0.5507
vt 0.05 0.3894
vt 0.1718 0.2506
vt 0.2003 0.515
vt 0.066 0.4707
vt 0.1406 0.2722
vt 0.2201 0.4927
vt 0.0832 0.5589
vt 0.1085 0.2932
vt 0.2361 0.4433
vt 0.1037 0.6216
vt 0.0701 0.3074
vt 0.2374 0.3439
vt 0.1367 0.6184
vt 0.0463 0.3345
vt 0.2102 0.2627
vt 0.174 0.5569
vt 0.0395 0.4049
vt 0.156 0.2565
vt 0.1869 0.5275
vt 0.0571 0.4807
vt 0.1298 0.2788
vt 0.2121 0.5002
vt 0.0765 0.5639
vt 0.1014 0.2994
vt 0.2301 0.448
vt 0.0959 0.6258
vt 0.0626 0.3169
vt 0.2279 0.3469
vt 0.1225 0.6277
vt 0.0367 0.3497
vt 0.1944 0.2655
vt 0.1564 0.5722
vt 0.0314 0.425
vt 0.1424 0.2686
vt 0.175 0.5472
vt 0.0499 0.4953
vt 0.1207 0.2894
vt 0.2049 0.5126
vt 0.0709 0.5724
vt 0.0954 0.3082
vt 0.2248 0.4567
vt 0.0894 0.6334
vt 0.0564 0.3291
vt 0.2193 0.3559
vt 0.1106 0.642
vt 0.0291 0.3688
vt 0.1801 0.2757
vt 0.1412 0.5949
vt 0.0257 0.4483
vt 0.132 0.2863
vt 0.1657 0.5723
vt 0.0448 0.5131
vt 0.1139 0.3032
vt 0.1993 0.529
vt 0.0667 0.5836
vt 0.0909 0.3189
vt 0.2205 0.4689
vt 0.0846 0.6436
vt 0.0519 0.3432
vt 0.2124 0.3707
vt 0.1018 0.6598
vt 0.0238 0.3905
vt 0.1687 0.2931
vt 0.1297 0.6223
vt 0.0223 0.4736
vt 0.1256 0.3085
vt 0.1598 0.6003
vt 0.0416 0.5331
vt 0.1096 0.3195
vt 0.1957 0.5481
vt 0.0642 0.5967
vt 0.0882 0.3309
vt 0.2178 0.4837
vt 0.0817 0.6557
vt 0.0492 0.3587
vt 0.2079 0.3905
vt 0.0964 0.6796
vt 0.0206 0.4139
vt 0.1615 0.3172
vt 0.1225 0.6517
vt 0.0212 0.5
vt 0.1234 0.3342
vt 0.1578 0.6286
vt 0.0406 0.5542
vt 0.1082 0.3374
vt 0.1944 0.5681
vt 0.0634 0.6107
vt 0.0873 0.3435
vt 0.2169 0.5
vt 0.0807 0.6688
vt 0.0483 0.3745
vt 0.2064 0.414
vt 0.0946 0.7
vt 0.0195 0.438
vt 0.159 0.3465
vt 0.1201 0.6807
vt 0.0223 0.5264
vt 0.1256 0.3616
vt 0.1598 0.6548
vt 0.0416 0.5754
vt 0.1096 0.3557
vt 0.1957 0.5874
vt 0.0642 0.625
vt 0.0882 0.356
vt 0.2178 0.5163
vt 0.0817 0.682
vt 0.0492 0.3901
vt 0.2079 0.4391
vt 0.0964 0.7199
vt 0.0206 0.462
vt 0.1615 0.3791
vt 0.1225 0.7075
vt 0.0257 0.5517
vt 0.132 0.3891
vt 0.1657 0.677
vt 0.0448 0.5957
vt 0.1139 0.3733
vt 0.1993 0.6042
vt 0.0667 0.6388
vt 0.0909 0.3676
vt 0.2205 0.5311
vt 0.0846 0.6947
vt 0.0519 0.4044
vt 0.2124 0.4633
vt 0.1018 0.7381
vt 0.0238 0.4849
vt 0.1687 0.4123
vt 0.1297 0.7306
vt 0.0314 0.575
vt 0.1424 0.4144
vt 0.175 0.6939
vt 0.0499 0.6143
vt 0.1207 0.3889
vt 0.2049 0.6174
vt 0.0709 0.6512
vt 0.0954 0.3774
vt 0.2248 0.5433
vt 0.0894 0.7061
vt 0.0564 0.4166
vt 0.2193 0.4842
vt 0.1106 0.7537
vt 0.0291 0.5055
vt 0.1801 0.4427
vt 0.1412 0.7487
vt 0.0395 0.5951
vt 0.156 0.4351
vt 0.1869 0.7046
vt 0.0571 0.63
vt 0.1298 0.4013
vt 0.2121 0.6261
vt 0.0765 0.6617
vt 0.1014 0.3848
vt 0.2301 0.552
vt 0.0959 0.7156
vt 0.0626 0.4258
vt 0.2279 0.4998
vt 0.1225 0.7656
vt 0.0367 0.5227
vt 0.1944 0.4668
vt 0.1564 0.7609
vt 0.05 0.6106
vt 0.1718 0.4488
vt 0.2003 0.7088
vt 0.066 0.642
vt 0.1406 0.4092
vt 0.2201 0.6301
vt 0.0832 0.6694
vt 0.1085 0.3891
vt 0.2361 0.5567
vt 0.1037 0.7225
vt 0.0701 0.4312
vt 0.2374 0.509
vt 0.1367 0.7732
vt 0.0463 0.5351
vt 0.2102 0.482
vt 0.174 0.7665
vt 0.0624 0.6199
vt 0.1883 0.4542
vt 0.2139 0.7067
vt 0.0763 0.6492
vt 0.1523 0.412
vt 0.2284 0.6293
vt 0.0908 0.674
vt 0.1163 0.3898
vt 0.2423 0.5573
vt 0.1123 0.7263
vt 0.0787 0.4318
vt 0.2469 0.5117
vt 0.1523 0.7757
vt 0.0578 0.5409
vt 0.226 0.4874
vt 0.1924 0.7653
vt 0.0762 0.6216
vt 0.2041 0.4511
vt 0.2266 0.6986
vt 0.0874 0.6507
vt 0.1641 0.4092
vt 0.2362 0.6242
vt 0.0986 0.675
vt 0.1244 0.3868
vt 0.2482 0.5541
vt 0.1212 0.7269
vt 0.0877 0.4274
vt 0.2556 0.5084
vt 0.1679 0.7732
vt 0.0706 0.5388
vt 0.2404 0.4836
vt 0.2096 0.7575
vt 0.0902 0.6142
vt 0.2179 0.4404
vt 0.2376 0.6856
vt 0.0983 0.646
vt 0.1749 0.4013
vt 0.2431 0.6152
vt 0.1062 0.6721
vt 0.132 0.3801
vt 0.2534 0.5475
vt 0.1297 0.724
vt 0.0966 0.4179
vt 0.2632 0.4998
vt 0.1822 0.7656
vt 0.0836 0.5276
vt 0.2524 0.4722
vt 0.2246 0.744
vt 0.1032 0.5973
vt 0.229 0.4237
vt 0.2464 0.6685
vt 0.1081 0.6349
vt 0.184 0.3889
vt 0.2487 0.6032
vt 0.1129 0.6654
vt 0.1386 0.3705
vt 0.2577 0.5381
vt 0.137 0.7178
vt 0.1045 0.4041
vt 0.2692 0.4871
vt 0.1941 0.7537
vt 0.0956 0.5072
vt 0.2619 0.4549
vt 0.2364 0.7259
vt 0.1136 0.5711
vt 0.237 0.4027
vt 0.2527 0.6485
vt 0.1159 0.6176
vt 0.1908 0.3733
vt 0.2529 0.5888
vt 0.1181 0.6551
vt 0.1437 0.3585
vt 0.2609 0.5266
vt 0.1427 0.7086
vt 0.1108 0.387
vt 0.2736 0.4714
vt 0.2029 0.7381
vt 0.1053 0.4791
vt 0.2685 0.4336
vt 0.2449 0.7042
vt 0.1204 0.5376
vt 0.2418 0.3793
vt 0.2565 0.6265
vt 0.1208 0.5952
vt 0.1951 0.3557
vt 0.2554 0.5729
vt 0.1215 0.6419
vt 0.147 0.3454
vt 0.2628 0.5136
vt 0.1463 0.697
vt 0.1148 0.3684
vt 0.2762 0.4536
vt 0.2083 0.7199
vt 0.1116 0.4459
vt 0.2725 0.4098
vt 0.2499 0.6802
vt 0.1227 0.5
vt 0.2434 0.3548
vt 0.2578 0.6035
vt 0.1226 0.5693
vt 0.1965 0.3374
vt 0.2562 0.5563
vt 0.1226 0.6267
vt 0.1481 0.3319
vt 0.2635 0.5
vt 0.1476 0.6837
vt 0.1161 0.3497
vt 0.2771 0.4347
vt 0.2101 0.7
vt 0.1138 0.4116
vt 0.2738 0.3847
vt 0.2515 0.6548
vt 0.1204 0.4624
vt 0.2418 0.3306
vt 0.2565 0.5806
vt 0.1208 0.5422
vt 0.1951 0.3195
vt 0.2554 0.5399
vt 0.1215 0.6104
vt 0.147 0.3191
vt 0.2628 0.4864
vt 0.1463 0.6695
vt 0.1148 0.3326
vt 0.2762 0.4156
vt 0.2083 0.6796
vt 0.1116 0.3798
vt 0.2725 0.3596
vt 0.2499 0.6292
vt 0.1136 0.4289
vt 0.237 0.3077
vt 0.2527 0.5589
vt 0.1159 0.5164
vt 0.1908 0.3032
vt 0.2529 0.5245
vt 0.1181 0.5945
vt 0.1437 0.3079
vt 0.2609 0.4734
vt 0.1427 0.6554
vt 0.1108 0.3183
vt 0.2736 0.3971
vt 0.2029 0.6598
vt 0.1053 0.3534
vt 0.2685 0.3352
vt 0.2449 0.6047
vt 0.1032 0.4027
vt 0.229 0.2872
vt 0.2464 0.5397
vt 0.1081 0.4943
vt 0.184 0.2894
vt 0.2487 0.5109
vt 0.1129 0.5802
vt 0.1386 0.2989
vt 0.2577 0.4619
vt 0.137 0.6426
vt 0.1045 0.3077
vt 0.2692 0.3801
vt 0.1941 0.642
vt 0.0956 0.3343
vt 0.2619 0.3128
vt 0.2364 0.5827
vt 0.0902 0.3858
vt 0.2179 0.2703
vt 0.2376 0.5242
vt 0.0983 0.478
vt 0.1749 0.2788
vt 0.2431 0.5002
vt 0.1062 0.5688
vt 0.132 0.2927
vt 0.2534 0.4525
vt 0.1297 0.632
vt 0.0966 0.3012
vt 0.2632 0.3654
vt 0.1822 0.6277
vt 0.0836 0.3232
vt 0.2524 0.2932
vt 0.2246 0.5651
vt 0.0762 0.3784
vt 0.2041 0.258
vt 0.2266 0.514
vt 0.0874 0.4686
vt 0.1641 0.2722
vt 0.2362 0.493
vt 0.0986 0.5612
vt 0.1244 0.2896
vt 0.2482 0.4459
vt 0.1212 0.6247
vt 0.0877 0.2991
vt 0.2556 0.3539
vt 0.1679 0.6184
vt 0.0706 0.3201
vt 0.2404 0.2775
vt 0.2096 0.5538

vn 0.463317 0.88619 0.002013
vn 0.678296 0.734786 0.002013
vn 0.801274 0.596258 0.049365
vn 0.818573 0.570516 0.066714
vn 0.765178 0.643416 -0.022751
vn 0.679175 0.706374 -0.199392
vn 0.632749 0.707003 -0.315873
vn 0.639653 0.714716 -0.282886
vn 0.623441 0.774168 -0.109476
vn 0.51588 0.849894 0.107461
vn 0.383227 0.893776 0.233026
vn 0.352122 0.902406 0.248341
vn 0.470404 0.853993 0.222296
vn 0.645592 0.730613 0.222296
vn 0.731037 0.635538 0.248346
vn 0.71242 0.661937 0.233019
vn 0.626424 0.772039 0.10747
vn 0.518881 0.847806 -0.109483
vn 0.457443 0.843042 -0.28289
vn 0.452508 0.833947 -0.315863
vn 0.436277 0.877443 -0.199392
vn 0.348024 0.93721 -0.022746
vn 0.261398 0.962922 0.066717
vn 0.291479 0.955303 0.049359
vn 0.531185 0.821843 -0.205953
vn 0.73014 0.65969 -0.178059
vn 0.825422 0.555349 -0.101318
vn 0.826611 0.558051 -0.072755
vn 0.775344 0.615104 -0.143142
vn 0.729052 0.637153 -0.25004
vn 0.736227 0.620026 -0.271179
vn 0.766306 0.624305 -0.15172
vn 0.73068 0.679045 0.070737
vn 0.597547 0.755509 0.268597
vn 0.467912 0.813496 0.345372
vn 0.448351 0.830536 0.330442
vn 0.54071 0.784613 0.30334
vn 0.635106 0.705461 0.314587
vn 0.638859 0.690977 0.338245
vn 0.553486 0.778084 0.297052
vn 0.425252 0.894963 0.134912
vn 0.331088 0.93931 -0.089874
vn 0.315407 0.917386 -0.242737
vn 0.338817 0.905148 -0.25673
vn 0.325928 0.931906 -0.159131
vn 0.261263 0.963159 -0.063772
vn 0.233388 0.970132 -0.066131
vn 0.325951 0.934306 -0.144321
vn 0.500851 0.72382 -0.474587
vn 0.685447 0.588059 -0.429358
vn 0.794781 0.516 -0.319479
vn 0.822431 0.518306 -0.234449
vn 0.81304 0.540369 -0.21672
vn 0.823631 0.522791 -0.219821
vn 0.868743 0.46996 -0.156282
vn 0.899998 0.435767 0.010528
vn 0.85518 0.464875 0.229256
vn 0.731727 0.55402 0.397036
vn 0.602975 0.656723 0.45292
vn 0.541687 0.723231 0.428383
vn 0.54375 0.736558 0.402266
vn 0.533905 0.734041 0.419678
vn 0.449714 0.77466 0.444588
vn 0.299906 0.867077 0.397787
vn 0.155557 0.957914 0.241254
vn 0.093276 0.995142 0.031488
vn 0.124141 0.983644 -0.130512
vn 0.189288 0.963174 -0.190962
vn 0.218106 0.9586 -0.183074
vn 0.203411 0.959062 -0.197038
vn 0.213956 0.934273 -0.285232
vn 0.315827 0.85634 -0.408578
vn 0.424053 0.598112 -0.68003
vn 0.586774 0.501819 -0.635511
vn 0.719446 0.454945 -0.524807
vn 0.805389 0.439087 -0.398184
vn 0.863998 0.414147 -0.286337
vn 0.91858 0.354629 -0.174498
vn 0.960959 0.275145 -0.02921
vn 0.962716 0.222917 0.153251
vn 0.910851 0.239722 0.335983
vn 0.817909 0.33075 0.470776
vn 0.709861 0.462041 0.531615
vn 0.607981 0.584721 0.537084
vn 0.508287 0.675254 0.534488
vn 0.38288 0.745556 0.545481
vn 0.216623 0.813501 0.539714
vn 0.0413 0.881002 0.471307
vn -0.082985 0.939546 0.332214
vn -0.117521 0.980518 0.157398
vn -0.069934 0.99753 -0.006526
vn 0.011731 0.990853 -0.134431
vn 0.077129 0.967109 -0.242385
vn 0.118838 0.923165 -0.365573
vn 0.172259 0.843201 -0.509254
vn 0.273948 0.725224 -0.631667
vn 0.35054 0.498602 -0.792791
vn 0.496081 0.417944 -0.76107
vn 0.64703 0.351133 -0.6768
vn 0.79124 0.281854 -0.542677
vn 0.908398 0.204203 -0.364849
vn 0.978934 0.12757 -0.159418
vn 0.996332 0.070748 0.04814
vn 0.970879 0.051766 0.233911
vn 0.918642 0.081018 0.386696
vn 0.846253 0.159265 0.50842
vn 0.746123 0.277688 0.605136
vn 0.605347 0.419585 0.67639
vn 0.420833 0.563406 0.710966
vn 0.210806 0.687528 0.694885
vn 0.011734 0.779539 0.626244
vn -0.141506 0.843224 0.518603
vn -0.232805 0.891982 0.387518
vn -0.265143 0.934313 0.238241
vn -0.25126 0.965573 0.067356
vn -0.203729 0.970824 -0.126468
vn -0.129388 0.93413 -0.332655
vn -0.031473 0.849675 -0.526366
vn 0.085033 0.730522 -0.677574
vn 0.213518 0.605001 -0.767062
vn 0.292319 0.430547 -0.85392
vn 0.443401 0.325835 -0.835001
vn 0.604327 0.199054 -0.77147
vn 0.76808 0.062067 -0.637338
vn 0.90183 -0.052111 -0.428936
vn 0.976893 -0.11359 -0.181045
vn 0.991597 -0.116461 0.056321
vn 0.964604 -0.078464 0.25176
vn 0.912612 -0.023707 0.408139
vn 0.833607 0.038833 0.550991
vn 0.708741 0.122101 0.694822
vn 0.522361 0.242882 0.817403
vn 0.287789 0.397068 0.871501
vn 0.053528 0.555733 0.829636
vn -0.130027 0.688445 0.713538
vn -0.248445 0.783821 0.569122
vn -0.322878 0.846802 0.422701
vn -0.380026 0.886228 0.264917
vn -0.422099 0.903788 0.070711
vn -0.423999 0.890232 -0.166472
vn -0.358008 0.834894 -0.418069
vn -0.221528 0.741207 -0.63367
vn -0.044306 0.630728 -0.774738
vn 0.133413 0.526349 -0.839737
vn 0.226119 0.345591 -0.910735
vn 0.408625 0.193945 -0.891858
vn 0.576123 0.012898 -0.817261
vn 0.724615 -0.158443 -0.670693
vn 0.843183 -0.274641 -0.462184
vn 0.923349 -0.312885 -0.222552
vn 0.959606 -0.280893 0.016013
vn 0.949262 -0.210764 0.23341
vn 0.892079 -0.139117 0.429933
vn 0.78313 -0.079425 0.616765
vn 0.613972 -0.014668 0.789192
vn 0.392241 0.082327 0.916171
vn 0.152716 0.222919 0.9628
vn -0.060217 0.393253 0.917456
vn -0.219674 0.562369 0.797173
vn -0.330677 0.698757 0.634343
vn -0.420762 0.785991 0.452965
vn -0.508653 0.82289 0.253227
vn -0.580545 0.813829 0.025489
vn -0.60039 0.767736 -0.223859
vn -0.540027 0.69961 -0.467885
vn -0.396873 0.623831 -0.673295
vn -0.195363 0.545806 -0.814818
vn 0.023027 0.458483 -0.888405
vn 0.12777 0.199791 -0.971472
vn 0.350447 0.013467 -0.936486
vn 0.532577 -0.175107 -0.82807
vn 0.669687 -0.327416 -0.666572
vn 0.773474 -0.419824 -0.474853
vn 0.853705 -0.449371 -0.263161
vn 0.903206 -0.427996 -0.032238
vn 0.902123 -0.374878 0.213636
vn 0.832973 -0.307003 0.460331
vn 0.691235 -0.231615 0.684506
vn 0.491908 -0.145974 0.858323
vn 0.268849 -0.041731 0.962278
vn 0.056649 0.089734 0.994353
vn -0.129196 0.249346 0.959758
vn -0.291129 0.420906 0.859117
vn -0.435427 0.572897 0.694401
vn -0.561787 0.675527 0.477556
vn -0.660484 0.715099 0.2289
vn -0.716019 0.69755 -0.027209
vn -0.715193 0.645258 -0.268593
vn -0.651913 0.5841 -0.483566
vn -0.525208 0.524691 -0.669968
vn -0.339877 0.454615 -0.823291
vn -0.112716 0.350567 -0.92973
vn 0.0 0.0 -1.0
vn 0.247598 -0.184198 -0.951192
vn 0.455142 -0.334403 -0.825239
vn 0.608666 -0.438452 -0.661275
vn 0.716464 -0.504591 -0.481735
vn 0.788714 -0.545867 -0.28277
vn 0.822768 -0.566062 -0.05124
vn 0.803396 -0.556403 0.212063
vn 0.716464 -0.504591 0.481734
vn 0.565862 -0.408162 0.716382
vn 0.378079 -0.280195 0.882353
vn 0.184975 -0.140298 0.972677
vn 0.0 0.0 1.0
vn -0.184975 0.140298 0.972677
vn -0.378079 0.280195 0.882353
vn -0.565862 0.408162 0.716382
vn -0.716464 0.504591 0.481734
vn -0.803396 0.556403 0.212063
vn -0.822768 0.566062 -0.05124
vn -0.788714 0.545867 -0.28277
vn -0.716464 0.504591 -0.481735
vn -0.608666 0.438452 -0.661275
vn -0.455142 0.334403 -0.825239
vn -0.247598 0.184198 -0.951192
vn -0.12777 -0.199791 -0.971472
vn 0.112716 -0.350567 -0.92973
vn 0.339877 -0.454615 -0.823291
vn 0.525208 -0.524691 -0.669968
vn 0.651913 -0.5841 -0.483566
vn 0.715193 -0.645258 -0.268593
vn 0.716019 -0.69755 -0.027209
vn 0.660484 -0.715099 0.2289
vn 0.561787 -0.675527 0.477556
vn 0.435427 -0.572897 0.694401
vn 0.291129 -0.420906 0.859117
vn 0.129196 -0.249346 0.959758
vn -0.056649 -0.089734 0.994353
vn -0.268849 0.041731 0.962278
vn -0.491908 0.145974 0.858323
vn -0.691235 0.231615 0.684506
vn -0.832973 0.307003 0.460331
vn -0.902123 0.374878 0.213636
vn -0.903206 0.427996 -0.032238
vn -0.853705 0.449371 -0.263161
vn -0.773474 0.419824 -0.474853
vn -0.669687 0.327416 -0.666572
vn -0.532577 0.175107 -0.82807
vn -0.350447 -0.013467 -0.936486
vn -0.226119 -0.345591 -0.910735
vn -0.023027 -0.458483 -0.888405
vn 0.195363 -0.545806 -0.814818
vn 0.396873 -0.623831 -0.673295
vn 0.540027 -0.69961 -0.467885
vn 0.60039 -0.767736 -0.223859
vn 0.580545 -0.813829 0.025489
vn 0.508653 -0.82289 0.253227
vn 0.420762 -0.785991 0.452965
vn 0.330677 -0.698757 0.634343
vn 0.219674 -0.562369 0.797173
vn 0.060217 -0.393253 0.917456
vn -0.152716 -0.222919 0.9628
vn -0.392241 -0.082327 0.916171
vn -0.613972 0.014668 0.789192
vn -0.78313 0.079425 0.616765
vn -0.892079 0.139117 0.429933
vn -0.949262 0.210764 0.23341
vn -0.959606 0.280893 0.016013
vn -0.923349 0.312885 -0.222552
vn -0.843183 0.274641 -0.462184
vn -0.724615 0.158443 -0.670693
vn -0.576123 -0.012898 -0.817261
vn -0.408625 -0.193945 -0.891858
vn -0.292319 -0.430547 -0.85392
vn -0.133413 -0.526349 -0.839737
vn 0.044306 -0.630728 -0.774738
vn 0.221528 -0.741207 -0.63367
vn 0.358008 -0.834894 -0.418069
vn 0.423999 -0.890232 -0.166472
vn 0.422099 -0.903788 0.070711
vn 0.380026 -0.886228 0.264917
vn 0.322878 -0.846802 0.422701
vn 0.248445 -0.783821 0.569122
vn 0.130027 -0.688445 0.713538
vn -0.053528 -0.555733 0.829636
vn -0.287789 -0.397068 0.871501
vn -0.522361 -0.242882 0.817403
vn -0.708741 -0.122101 0.694822
vn -0.833607 -0.038833 0.550991
vn -0.912612 0.023707 0.408139
vn -0.964604 0.078464 0.25176
vn -0.991597 0.116461 0.056321
vn -0.976893 0.11359 -0.181045
vn -0.90183 0.052111 -0.428936
vn -0.76808 -0.062067 -0.637338
vn -0.604327 -0.199054 -0.77147
vn -0.443401 -0.325835 -0.835001
vn -0.35054 -0.498602 -0.792791
vn -0.213518 -0.605001 -0.767062
vn -0.085033 -0.730522 -0.677574
vn 0.031473 -0.849675 -0.526366
vn 0.129388 -0.93413 -0.332655
vn 0.203729 -0.970824 -0.126468
vn 0.25126 -0.965573 0.067356
vn 0.265143 -0.934313 0.238241
vn 0.232805 -0.891982 0.387518
vn 0.141506 -0.843224 0.518603
vn -0.011734 -0.779539 0.626244
vn -0.210806 -0.687528 0.694885
vn -0.420833 -0.563406 0.710966
vn -0.605347 -0.419585 0.67639
vn -0.746123 -0.277688 0.605136
vn -0.846253 -0.159265 0.50842
vn -0.918642 -0.081018 0.386696
vn -0.970879 -0.051766 0.233911
vn -0.996332 -0.070748 0.04814
vn -0.978934 -0.12757 -0.159418
vn -0.908398 -0.204203 -0.364849
vn -0.79124 -0.281854 -0.542677
vn -0.64703 -0.351133 -0.6768
vn -0.496081 -0.417944 -0.76107
vn -0.424053 -0.598112 -0.68003
vn -0.273948 -0.725224 -0.631667
vn -0.172259 -0.843201 -0.509254
vn -0.118838 -0.923165 -0.365573
vn -0.077129 -0.967109 -0.242385
vn -0.011731 -0.990853 -0.134431
vn 0.069934 -0.99753 -0.006526
vn 0.117521 -0.980518 0.157398
vn 0.082985 -0.939546 0.332214
vn -0.0413 -0.881002 0.471307
vn -0.216623 -0.813501 0.539714
vn -0.38288 -0.745556 0.545481
vn -0.508287 -0.675254 0.534488
vn -0.607981 -0.584721 0.537084
vn -0.709861 -0.462041 0.531615
vn -0.817909 -0.33075 0.470776
vn -0.910851 -0.239722 0.335983
vn -0.962716 -0.222917 0.153251
vn -0.960959 -0.275145 -0.02921
vn -0.91858 -0.354629 -0.174498
vn -0.863998 -0.414147 -0.286337
vn -0.805389 -0.439087 -0.398184
vn -0.719446 -0.454945 -0.524807
vn -0.586774 -0.501819 -0.635511
vn -0.500851 -0.72382 -0.474587
vn -0.315827 -0.85634 -0.408578
vn -0.213956 -0.934273 -0.285232
vn -0.203411 -0.959062 -0.197038
vn -0.218106 -0.9586 -0.183074
vn -0.189288 -0.963174 -0.190962
vn -0.124141 -0.983644 -0.130512
vn -0.093276 -0.995142 0.031488
vn -0.155557 -0.957914 0.241254
vn -0.299906 -0.867077 0.397787
vn -0.449714 -0.77466 0.444588
vn -0.533905 -0.734041 0.419678
vn -0.54375 -0.736558 0.402266
vn -0.541687 -0.723231 0.428383
vn -0.602975 -0.656723 0.45292
vn -0.731727 -0.55402 0.397036
vn -0.85518 -0.464875 0.229256
vn -0.899998 -0.435767 0.010528
vn -0.868743 -0.46996 -0.156282
vn -0.823631 -0.522791 -0.219821
vn -0.81304 -0.540369 -0.21672
vn -0.822431 -0.518306 -0.234449
vn -0.794781 -0.516 -0.319479
vn -0.685447 -0.588059 -0.429358
vn -0.531185 -0.821843 -0.205953
vn -0.325951 -0.934306 -0.144321
vn -0.233388 -0.970132 -0.066131
vn -0.261263 -0.963159 -0.063772
vn -0.325928 -0.931906 -0.159131
vn -0.338817 -0.905148 -0.25673
vn -0.315407 -0.917386 -0.242737
vn -0.331088 -0.93931 -0.089874
vn -0.425252 -0.894963 0.134912
vn -0.553486 -0.778084 0.297052
vn -0.638859 -0.690977 0.338245
vn -0.635106 -0.705461 0.314587
vn -0.54071 -0.784613 0.30334
vn -0.448351 -0.830536 0.330442
vn -0.467912 -0.813496 0.345372
vn -0.597547 -0.755509 0.268597
vn -0.73068 -0.679045 0.070737
vn -0.766306 -0.624305 -0.15172
vn -0.736227 -0.620026 -0.271179
vn -0.729052 -0.637153 -0.25004
vn -0.775344 -0.615104 -0.143142
vn -0.826611 -0.558051 -0.072755
vn -0.825422 -0.555349 -0.101318
vn -0.73014 -0.65969 -0.178059
vn -0.463317 -0.88619 0.002013
vn -0.291479 -0.955303 0.049359
vn -0.261398 -0.962922 0.066717
vn -0.348024 -0.93721 -0.022746
vn -0.436277 -0.877443 -0.199392
vn -0.452508 -0.833947 -0.315863
vn -0.457443 -0.843042 -0.28289
vn -0.518881 -0.847806 -0.109483
vn -0.626424 -0.772039 0.10747
vn -0.71242 -0.661937 0.233019
vn -0.731037 -0.635538 0.248346
vn -0.645592 -0.730613 0.222296
vn -0.470404 -0.853993 0.222296
vn -0.352122 -0.902406 0.248341
vn -0.383227 -0.893776 0.233026
vn -0.51588 -0.849894 0.107461
vn -0.623441 -0.774168 -0.109476
vn -0.639653 -0.714716 -0.282886
vn -0.632749 -0.707003 -0.315873
vn -0.679175 -0.706374 -0.199392
vn -0.765178 -0.643416 -0.022751
vn -0.818573 -0.570516 0.066714
vn -0.801274 -0.596258 0.049365
vn -0.678296 -0.734786 0.002013
vn -0.573812 -0.814749 -0.083213
vn 0.565975 0.80175 -0.192012
vn 0.574946 0.814695 -0.075564
vn -0.574524 -0.817566 -0.038827
vn 0.620551 0.78199 -0.058386
vn 0.575929 0.816927 0.0306
vn -0.572975 -0.814084 0.094693
vn -0.564722 -0.801901 0.195051
vn 0.573822 0.814764 0.082993
vn -0.567379 -0.80557 0.170701
vn -0.574129 -0.814754 0.080943
vn 0.574994 0.817394 0.03535
vn -0.580457 -0.81427 -0.005837
vn -0.576218 -0.816613 -0.03341
vn 0.572721 0.815117 -0.087035
vn 0.560369 0.797828 -0.222389
vn -0.554513 -0.828006 -0.083189
vn 0.599286 0.791695 -0.11864
vn 0.596392 0.796719 -0.097757
vn -0.566815 -0.823143 -0.034005
vn 0.578636 0.815583 -0.002073
vn 0.568216 0.822198 0.033488
vn -0.590516 -0.80383 0.071742
vn -0.610189 -0.634999 0.473758
vn 0.554577 0.827986 0.082969
vn -0.597492 -0.79418 0.11082
vn -0.597859 -0.793835 0.111316
vn 0.567644 0.822646 0.03214
vn -0.576903 -0.816809 -0.002413
vn -0.567505 -0.822492 -0.038016
vn 0.589452 0.80485 -0.069014
vn 0.572098 0.50215 -0.648498
vn -0.531882 -0.842731 -0.083107
vn 0.614224 0.784876 -0.081848
vn 0.641744 0.752838 -0.146286
vn -0.559774 -0.828108 -0.029829
vn 0.577491 0.816397 -0.000602
vn 0.557414 0.829397 0.037298
vn -0.602265 -0.79631 0.056269
vn 0.264488 0.85172 0.452349
vn 0.532004 0.842675 0.082888
vn -0.612325 -0.786695 0.078545
vn -0.65694 -0.729055 0.192118
vn 0.560479 0.827653 0.029212
vn -0.576137 -0.817352 -0.001664
vn -0.554142 -0.831218 -0.044758
vn 0.601567 0.796859 -0.055964
vn -0.355393 -0.867259 -0.348652
vn -0.500452 -0.861787 -0.082896
vn 0.623492 0.779731 -0.057258
vn 0.816008 0.423509 -0.39341
vn -0.55225 -0.833285 -0.025606
vn 0.577051 0.816708 -5.2e-05
vn 0.538311 0.841615 0.043653
vn -0.611904 -0.789727 0.043633
vn 0.443438 0.885273 0.14019
vn 0.500659 0.861687 0.082679
vn -0.622029 -0.780987 0.056031
vn -0.546976 0.480817 0.685298
vn 0.552301 0.833236 0.02609
vn -0.575767 -0.817613 -0.001297
vn -0.526548 -0.848165 -0.058
vn 0.612097 0.789518 -0.044704
vn -0.458704 -0.879542 -0.126475
vn -0.444985 -0.891751 -0.082273
vn 0.630482 0.775298 -0.037491
vn -0.301997 -0.940224 -0.157404
vn -0.542766 -0.839632 -0.020563
vn 0.576792 0.816891 0.000263
vn 0.484928 0.872477 0.060244
vn -0.621196 -0.783019 0.03156
vn 0.478125 0.876069 0.06244
vn 0.445345 0.89159 0.082068
vn -0.629645 -0.775985 0.03735
vn 0.3989 0.91059 0.108187
vn 0.541141 0.840642 0.022094
vn -0.57553 -0.81778 -0.001055
vn -0.406589 -0.906896 -0.110564
vn 0.622782 0.781682 -0.033389
vn -0.484152 -0.872962 -0.05945
vn -0.292011 -0.953137 -0.079112
vn 0.636595 0.770961 -0.019112
vn -0.452867 -0.890904 -0.034662
vn -0.52804 -0.849118 -0.013115
vn 0.5766 0.817026 0.000488
vn -0.7514 0.606207 0.2606
vn -0.631625 -0.775063 0.018108
vn 0.493805 0.869222 0.024707
vn 0.29276 0.952924 0.078917
vn -0.636534 -0.771003 0.019499
vn 0.47469 0.879647 0.029845
vn 0.521626 0.853033 0.015527
vn -0.575346 -0.81791 -0.000858
vn 0.780971 0.619515 -0.079279
vn 0.635435 0.771893 -0.020079
vn -0.496592 -0.867641 -0.024388
vn 0.81758 -0.575816 1e-06
vn 0.642689 0.766127 0.000429
vn -0.492664 -0.870219 0.00113
vn -0.496006 -0.868316 0.002293
vn 0.576433 0.817144 0.000678
vn -0.675318 -0.737524 0.001814
vn -0.645455 -0.763798 0.000252
vn 0.503752 0.863848 1.1e-05
vn -0.817572 0.575826 9e-06
vn -0.643641 -0.765327 -1.3e-05
vn 0.501702 0.86504 -0.000253
vn 0.466904 0.884306 -0.001816
vn -0.575181 -0.818026 -0.000678
vn 0.65046 0.759537 -0.002297
vn 0.653376 0.757033 -0.001129
vn -0.504827 -0.863221 -0.00043
vn 0.799045 0.596044 0.079111
vn 0.649627 0.759862 0.024389
vn -0.512699 -0.858334 0.020077
vn -0.320203 -0.944026 0.07928
vn 0.57627 0.817259 0.000859
vn -0.627436 -0.778513 -0.015526
vn -0.668313 -0.743281 -0.029849
vn 0.511489 0.859069 -0.019498
vn -0.798591 -0.596677 -0.078927
vn -0.652052 -0.757771 -0.024703
vn 0.516967 0.855814 -0.018103
vn -0.823946 0.503235 -0.260513
vn -0.575016 -0.818142 -0.000489
vn 0.621589 0.783233 0.013118
vn 0.68626 0.72653 0.034664
vn -0.511431 -0.859112 0.019113
vn 0.689712 0.719395 0.082274
vn 0.658826 0.749943 0.059449
vn -0.52618 -0.849718 0.033389
vn 0.716911 0.688341 0.110568
vn 0.576086 0.817388 0.001055
vn -0.609197 -0.792711 -0.022098
vn -0.722972 -0.682353 -0.10819
vn 0.518506 0.854258 -0.037354
vn -0.689444 -0.719675 -0.082062
vn -0.663787 -0.745311 -0.06244
vn 0.527971 0.848676 -0.031561
vn -0.65811 -0.750507 -0.060256
vn -0.574824 -0.818277 -0.000262
vn 0.607699 0.793901 0.020562
vn 0.783524 0.601096 0.1574
vn -0.517574 -0.854817 0.03749
vn 0.642815 0.761523 0.082896
vn 0.673596 0.728199 0.126474
vn -0.537156 -0.842297 0.044705
vn 0.621195 0.781507 0.057999
vn 0.575847 0.817557 0.001298
vn -0.598466 -0.800724 -0.026086
vn -0.637013 0.353003 -0.685276
vn 0.525777 0.848775 -0.05603
vn -0.642646 -0.761689 -0.082681
vn -0.684125 -0.715764 -0.140194
vn 0.537421 0.842185 -0.043635
vn -0.611069 -0.790373 -0.043652
vn -0.574564 -0.818459 5.4e-05
vn 0.598526 0.800694 0.025606
vn -0.123852 -0.910977 0.393424
vn -0.524102 -0.849728 0.057258
vn 0.614282 0.784698 0.083107
vn 0.696831 0.626789 0.348657
vn -0.547616 -0.834856 0.055962
vn 0.595943 0.801778 0.044757
vn 0.57548 0.817814 0.001663
vn -0.590452 -0.806544 -0.029211
vn 0.465119 0.864149 -0.19212
vn 0.534422 0.841561 -0.078542
vn -0.614189 -0.784794 -0.082887
vn -0.712841 -0.535956 -0.452337
vn 0.546862 0.835329 -0.056269
vn -0.593128 -0.804244 -0.037298
vn -0.574126 -0.818767 0.000598
vn 0.591118 0.806033 0.029828
vn -0.49263 -0.857856 0.146283
vn -0.532067 -0.842737 0.081848
vn 0.592794 0.801046 0.08319
vn -0.280059 -0.707829 0.648495
vn -0.559222 -0.82614 0.069017
vn 0.583226 0.81142 0.038018
vn 0.574705 0.818357 0.002419
vn -0.583322 -0.811605 -0.03214
vn 0.546015 0.830346 -0.111322
vn 0.546464 0.830117 -0.110823
vn -0.592756 -0.801097 -0.08297
vn 0.392312 0.788443 -0.47376
vn 0.557903 0.826799 -0.071741
vn -0.582707 -0.811992 -0.033488
vn -0.57296 -0.819581 0.00207
vn 0.584071 0.81099 0.034005
vn -0.549228 -0.829935 0.097759
vn -0.543525 -0.830966 0.118641
vn 0.573811 0.81475 0.083212
vn -0.562411 -0.79639 0.222387
vn -0.574526 -0.813846 0.087035
vn 0.574754 0.817644 0.033409
vn 0.571138 0.820834 0.005829
vn -0.575902 -0.816754 -0.035353
vn 0.573708 0.81505 -0.080945
vn 0.567335 0.805601 -0.1707
vn -0.573823 -0.814763 -0.082991
vn 0.564773 0.801866 -0.195047
vn 0.573466 0.813739 -0.094688
vn -0.575145 -0.817479 -0.030599
vn -0.527323 -0.847653 0.058444
vn 0.576224 0.816369 0.038827
vn -0.57338 -0.815798 0.075562
vn -0.564212 -0.802992 0.192013
vn 0.554514 0.828006 0.083189
vn -0.601096 -0.788502 0.130184
vn -0.600017 -0.791129 0.11872
vn 0.568017 0.822484 0.029618
vn -0.581928 -0.813228 0.004473
vn -0.566788 -0.822918 -0.039473
vn 0.588953 0.805685 -0.063303
vn 0.616841 0.701833 -0.356283
vn -0.554575 -0.827987 -0.082971
vn 0.599111 0.791458 -0.121083
vn 0.602303 0.785862 -0.140184
vn -0.568727 -0.822049 -0.028027
vn 0.57757 0.816332 0.003886
vn 0.565783 0.823302 0.045433
vn -0.588087 -0.806465 0.061382
vn -0.609282 -0.643503 0.463336
vn 0.531882 0.842731 0.083107
vn -0.616842 -0.782166 0.087875
vn -0.663726 -0.718925 0.206432
vn 0.561858 0.826824 0.026029
vn -0.578153 -0.815928 0.00084
vn -0.553017 -0.831905 -0.045899
vn 0.599622 0.798695 -0.050394
vn -0.058175 -0.761823 -0.645167
vn -0.532003 -0.842676 -0.082887
vn 0.614765 0.784203 -0.084197
vn 0.69159 0.651668 -0.311499
vn -0.562512 -0.826398 -0.025414
vn 0.576236 0.81728 0.002176
vn 0.548032 0.834525 0.056835
vn -0.599081 -0.799106 0.050322
vn 0.252214 0.846247 0.469313
vn 0.500453 0.861786 0.082896
vn -0.626345 -0.777168 0.060845
vn -0.41261 0.634802 0.653283
vn 0.555464 0.831245 0.022167
vn -0.577361 -0.816489 6.7e-05
vn -0.524118 -0.849563 -0.059521
vn 0.608413 0.792647 -0.039292
vn -0.418786 -0.8932 -0.163745
vn -0.500663 -0.861685 -0.082679
vn 0.624787 0.778523 -0.059526
vn -0.221277 -0.918015 -0.329066
vn -0.555672 -0.8311 -0.022403
vn 0.575759 0.817618 0.00158
vn 0.500546 0.861337 0.086907
vn -0.608632 -0.792428 0.040306
vn 0.440047 0.886215 0.144853
vn 0.444983 0.891752 0.082274
vn -0.633545 -0.772688 0.039668
vn 0.405999 0.908154 0.102084
vn 0.547873 0.83638 0.01743
vn -0.576981 -0.816757 -0.000313
vn -0.381761 -0.916102 -0.12254
vn 0.616706 0.786683 -0.028358
vn -0.467679 -0.881219 -0.068766
vn -0.445343 -0.891591 -0.082062
vn 0.632693 0.773392 -0.039544
vn -0.451049 -0.889071 -0.078152
vn -0.546988 -0.836937 -0.018427
vn 0.57548 0.817815 0.001244
vn -0.433963 0.771369 0.465474
vn -0.61809 -0.785536 0.029965
vn 0.475201 0.877475 0.06497
vn 0.29201 0.953137 0.079114
vn -0.639995 -0.768113 0.020215
vn 0.477914 0.877964 0.027878
vn 0.537244 0.84336 0.01063
vn -0.576735 -0.816931 -0.000573
vn 0.745178 0.664037 -0.061357
vn 0.625605 0.779974 -0.016106
vn -0.487342 -0.872807 -0.026578
vn -0.292762 -0.952923 -0.078923
vn 0.640016 0.768084 -0.020652
vn -0.492766 -0.869812 -0.024695
vn -0.533654 -0.845616 -0.012141
vn 0.575271 0.817962 0.000998
vn -0.677817 -0.734302 0.036953
vn -0.628773 -0.777386 0.017775
vn 0.490711 0.870931 0.026134
vn -0.817584 0.575809 -7e-06
vn -0.646683 -0.762758 -0.000455
vn 0.504661 0.863317 -0.000972
vn 0.518268 0.855216 -0.00167
vn -0.576532 -0.817074 -0.000786
vn 0.641897 0.76679 -0.001188
vn 0.636614 0.771183 -0.000218
vn -0.49898 -0.866613 -1.5e-05
vn 0.817584 -0.575809 -2e-06
vn 0.647854 0.761765 1.1e-05
vn -0.511633 -0.859204 0.00022
vn -0.50572 -0.862697 0.001184
vn 0.575081 0.818096 0.000786
vn -0.630625 -0.776086 0.001671
vn -0.642836 -0.766003 0.000971
vn 0.50031 0.865846 0.000457
vn -0.799045 -0.596044 -0.079107
vn -0.654704 -0.755433 -0.026137
vn 0.520115 0.853911 -0.017775
vn 0.463031 0.885571 -0.036954
vn -0.576345 -0.817206 -0.000998
vn 0.616404 0.787336 0.012144
vn 0.65296 0.75699 0.02469
vn -0.50757 -0.861363 0.020654
vn 0.79859 0.596679 0.078921
vn 0.657606 0.752893 0.026584
vn -0.52362 -0.8518 0.016104
vn -0.374168 -0.925328 0.061371
vn 0.574883 0.818235 0.000571
vn -0.613067 -0.789959 -0.010632
vn -0.665635 -0.745756 -0.027879
vn 0.507604 0.861354 -0.020216
vn -0.689712 -0.719395 -0.082276
vn -0.666093 -0.743034 -0.06497
vn 0.531389 0.846598 -0.029965
vn -0.872492 0.148703 -0.465451
vn -0.576134 -0.817354 -0.001241
vn 0.60374 0.796968 0.018425
vn 0.685146 0.7242 0.078159
vn -0.515035 -0.856257 0.03954
vn 0.68944 0.719679 0.082064
vn 0.672151 0.737214 0.068762
vn -0.532934 -0.845681 0.02836
vn 0.733948 0.668063 0.122525
vn 0.574633 0.818411 0.000313
vn -0.602917 -0.797614 -0.017429
vn -0.718293 -0.688211 -0.10208
vn 0.514085 0.856821 -0.039665
vn -0.642814 -0.761524 -0.082897
vn -0.686162 -0.712882 -0.144852
vn 0.541064 0.840015 -0.040307
vn -0.642361 -0.761459 -0.086907
vn -0.575859 -0.817548 -0.001584
vn 0.595313 0.803181 0.022404
vn 0.78981 0.517609 0.329062
vn -0.522529 -0.850541 0.059529
vn 0.642651 0.761685 0.082679
vn 0.699909 0.695208 0.163746
vn -0.541344 -0.839883 0.03929
vn 0.62333 0.77969 0.059523
vn 0.574253 0.818678 -6.6e-05
vn -0.595523 -0.803033 -0.022165
vn -0.736706 0.174625 -0.653277
vn 0.520728 0.851552 -0.060848
vn -0.614282 -0.784698 -0.083106
vn -0.711809 -0.522565 -0.469313
vn 0.550568 0.833272 -0.050322
vn -0.601113 -0.797141 -0.056836
vn -0.575376 -0.817886 -0.002181
vn 0.588588 0.808033 0.025413
vn -0.380587 -0.870708 0.311483
vn -0.531253 -0.843019 0.084199
vn 0.614187 0.784795 0.082889
vn 0.697658 0.31145 0.645192
vn -0.550002 -0.833641 0.050396
vn 0.596968 0.800951 0.045902
vn 0.573459 0.819234 -0.000837
vn -0.589208 -0.807562 -0.026029
vn 0.4533 0.867124 -0.206436
vn 0.528637 0.844287 -0.087875
vn -0.592793 -0.801047 -0.083189
vn 0.400619 0.790455 -0.463341
vn 0.561201 0.8254 -0.061382
vn -0.584569 -0.810071 -0.045434
vn -0.574034 -0.818822 -0.00387
vn 0.582399 0.812419 0.028029
vn -0.537016 -0.831842 0.140187
vn -0.543361 -0.830722 0.121078
vn 0.592754 0.801098 0.082969
vn -0.452995 -0.81723 0.356275
vn -0.560174 -0.825953 0.063304
vn 0.583869 0.810888 0.039473
vn 0.569644 0.821879 -0.00449
vn -0.583047 -0.811898 -0.029619
vn 0.542742 0.831467 -0.118719
vn 0.539907 0.831597 -0.130182

f 1/1/1 2/2/2 25/25/25
f 2/2/2 26/26/26 25/25/25
f 2/2/2 3/3/3 26/26/26
f 3/3/3 27/27/27 26/26/26
f 3/3/3 4/4/4 27/27/27
f 4/4/4 28/28/28 27/27/27
f 4/4/4 5/5/5 28/28/28
f 5/5/5 29/29/29 28/28/28
f 5/5/5 6/6/6 29/29/29
f 6/6/6 30/30/30 29/29/29
f 6/6/6 7/7/7 30/30/30
f 7/7/7 31/31/31 30/30/30
f 7/7/7 8/8/8 31/31/31
f 8/8/8 32/32/32 31/31/31
f 8/8/8 9/9/9 32/32/32
f 9/9/9 33/33/33 32/32/32
f 9/9/9 10/10/10 33/33/33
f 10/10/10 34/34/34 33/33/33
f 10/10/10 11/11/11 34/34/34
f 11/11/11 35/35/35 34/34/34
f 11/11/11 12/12/12 35/35/35
f 12/12/12 36/36/36 35/35/35
f 12/12/12 13/13/13 36/36/36
f 13/13/13 37/37/37 36/36/36
f 13/13/13 14/14/14 37/37/37
f 14/14/14 38/38/38 37/37/37
f 14/14/14 15/15/15 38/38/38
f 15/15/15 39/39/39 38/38/38
f 15/15/15 16/16/16 39/39/39
f 16/16/16 40/40/40 39/39/39
f 16/16/16 17/17/17 40/40/40
f 17/17/17 41/41/41 40/40/40
f 17/17/17 18/18/18 41/41/41
f 18/18/18 42/42/42 41/41/41
f 18/18/18 19/19/19 42/42/42
f 19/19/19 43/43/43 42/42/42
f 19/19/19 20/20/20 43/43/43
f 20/20/20 44/44/44 43/43/43
f 20/20/20 21/21/21 44/44/44
f 21/21/21 45/45/45 44/44/44
f 21/21/21 22/22/22 45/45/45
f 22/22/22 46/46/46 45/45/45
f 22/22/22 23/23/23 46/46/46
f 23/23/23 47/47/47 46/46/46
f 23/23/23 24/24/24 47/47/47
f 24/24/24 48/48/48 47/47/47
f 24/24/24 1/1/1 48/48/48
f 1/1/1 25/25/25 48/48/48
f 25/25/25 26/26/26 49/49/49
f 26/26/26 50/50/50 49/49/49
f 26/26/26 27/27/27 50/50/50
f 27/27/27 51/51/51 50/50/50
f 27/27/27 28/28/28 51/51/51
f 28/28/28 52/52/52 51/51/51
f 28/28/28 29/29/29 52/52/52
f 29/29/29 53/53/53 52/52/52
f 29/29/29 30/30/30 53/53/53
f 30/30/30 54/54/54 53/53/53
f 30/30/30 31/31/31 54/54/54
f 31/31/31 55/55/55 54/54/54
f 31/31/31 32/32/32 55/55/55
f 32/32/32 56/56/56 55/55/55
f 32/32/32 33/33/33 56/56/56
f 33/33/33 57/57/57 56/56/56
f 33/33/33 34/34/34 57/57/57
f 34/34/34 58/58/58 57/57/57
f 34/34/34 35/35/35 58/58/58
f 35/35/35 59/59/59 58/58/58
f 35/35/35 36/36/36 59/59/59
f 36/36/36 60/60/60 59/59/59
f 36/36/36 37/37/37 60/60/60
f 37/37/37 61/61/61 60/60/60
f 37/37/37 38/38/38 61/61/61
f 38/38/38 62/62/62 61/61/61
f 38/38/38 39/39/39 62/62/62
f 39/39/39 63/63/63 62/62/62
f 39/39/39 40/40/40 63/63/63
f 40/40/40 64/64/64 63/63/63
f 40/40/40 41/41/41 64/64/64
f 41/41/41 65/65/65 64/64/64
f 41/41/41 42/42/42 65/65/65
f 42/42/42 66/66/66 65/65/65
f 42/42/42 43/43/43 66/66/66
f 43/43/43 67/67/67 66/66/66
f 43/43/43 44/44/44 67/67/67
f 44/44/44 68/68/68 67/67/67
f 44/44/44 45/45/45 68/68/68
f 45/45/45 69/69/69 68/68/68
f 45/45/45 46/46/46 69/69/69
f 46/46/46 70/70/70 69/69/69
f 46/46/46 47/47/47 70/70/70
f 47/47/47 71/71/71 70/70/70
f 47/47/47 48/48/48 71/71/71
f 48/48/48 72/72/72 71/71/71
f 48/48/48 25/25/25 72/72/72
f 25/25/25 49/49/49 72/72/72
f 49/49/49 50/50/50 73/73/73
f 50/50/50 74/74/74 73/73/73
f 50/50/50 51/51/51 74/74/74
f 51/51/51 75/75/75 74/74/74
f 51/51/51 52/52/52 75/75/75
f 52/52/52 76/76/76 75/75/75
f 52/52/52 53/53/53 76/76/76
f 53/53/53 77/77/77 76/76/76
f 53/53/53 54/54/54 77/77/77
f 54/54/54 78/78/78 77/77/77
f 54/54/54 55/55/55 78/78/78
f 55/55/55 79/79/79 78/78/78
f 55/55/55 56/56/56 79/79/79
f 56/56/56 80/80/80 79/79/79
f 56/56/56 57/57/57 80/80/80
f 57/57/57 81/81/81 80/80/80
f 57/57/57 58/58/58 81/81/81
f 58/58/58 82/82/82 81/81/81
f 58/58/58 59/59/59 82/82/82
f 59/59/59 83/83/83 82/82/82
f 59/59/59 60/60/60 83/83/83
f 60/60/60 84/84/84 83/83/83
f 60/60/60 61/61/61 84/84/84
f 61/61/61 85/85/85 84/84/84
f 61/61/61 62/62/62 85/85/85
f 62/62/62 86/86/86 85/85/85
f 62/62/62 63/63/63 86/86/86
f 63/63/63 87/87/87 86/86/86
f 63/63/63 64/64/64 87/87/87
f 64/64/64 88/88/88 87/87/87
f 64/64/64 65/65/65 88/88/88
f 65/65/65 89/89/89 88/88/88
f 65/65/65 66/66/66 89/89/89
f 66/66/66 90/90/90 89/89/89
f 66/66/66 67/67/67 90/90/90
f 67/67/67 91/91/91 90/90/90
f 67/67/67 68/68/68 91/91/91
f 68/68/68 92/92/92 91/91/91
f 68/68/68 69/69/69 92/92/92
f 69/69/69 93/93/93 92/92/92
f 69/69/69 70/70/70 93/93/93
f 70/70/70 94/94/94 93/93/93
f 70/70/70 71/71/71 94/94/94
f 71/71/71 95/95/95 94/94/94
f 71/71/71 72/72/72 95/95/95
f 72/72/72 96/96/96 95/95/95
f 72/72/72 49/49/49 96/96/96
f 49/49/49 73/73/73 96/96/96
f 73/73/73 74/74/74 97/97/97
f 74/74/74 98/98/98 97/97/97
f 74/74/74 75/75/75 98/98/98
f 75/75/75 99/99/99 98/98/98
f 75/75/75 76/76/76 99/99/99
f 76/76/76 100/100/100 99/99/99
f 76/76/76 77/77/77 100/100/100
f 77/77/77 101/101/101 100/100/100
f 77/77/77 78/78/78 101/101/101
f 78/78/78 102/102/102 101/101/101
f 78/78/78 79/79/79 102/102/102
f 79/79/79 103/103/103 102/102/102
f 79/79/79 80/80/80 103/103/103
f 80/80/80 104/104/104 103/103/103
f 80/80/80 81/81/81 104/104/104
f 81/81/81 105/105/105 104/104/104
f 81/81/81 82/82/82 105/105/105
f 82/82/82 106/106/106 105/105/105
f 82/82/82 83/83/83 106/106/106
f 83/83/83 107/107/107 106/106/106
f 83/83/83 84/84/84 107/107/107
f 84/84/84 108/108/108 107/107/107
f 84/84/84 85/85/85 108/108/108
f 85/85/85 109/109/109 108/108/108
f 85/85/85 86/86/86 109/109/109
f 86/86/86 110/110/110 109/109/109
f 86/86/86 87/87/87 110/110/110
f 87/87/87 111/111/111 110/110/110
f 87/87/87 88/88/88 111/111/111
f 88/88/88 112/112/112 111/111/111
f 88/88/88 89/89/89 112/112/112
f 89/89/89 113/113/113 112/112/112
f 89/89/89 90/90/90 113/113/113
f 90/90/90 114/114/114 113/113/113
f 90/90/90 91/91/91 114/114/114
f 91/91/91 115/115/115 114/114/114
f 91/91/91 92/92/92 115/115/115
f 92/92/92 116/116/116 115/115/115
f 92/92/92 93/93/93 116/116/116
f 93/93/93 117/117/117 116/116/116
f 93/93/93 94/94/94 117/117/117
f 94/94/94 118/118/118 117/117/117
f 94/94/94 95/95/95 118/118/118
f 95/95/95 119/119/119 118/118/118
f 95/95/95 96/96/96 119/119/119
f 96/96/96 120/120/120 119/119/119
f 96/96/96 73/73/73 120/120/120
f 73/73/73 97/97/97 120/120/120
f 97/97/97 98/98/98 121/121/121
f 98/98/98 122/122/122 121/121/121
f 98/98/98 99/99/99 122/122/122
f 99/99/99 123/123/123 122/122/122
f 99/99/99 100/100/100 123/123/123
f 100/100/100 124/124/124 123/123/123
f 100/100/100 101/101/101 124/124/124
f 101/101/101 125/125/125 124/124/124
f 101/101/101 102/102/102 125/125/125
f 102/102/102 126/126/126 125/125/125
f 102/102/102 103/103/103 126/126/126
f 103/103/103 127/127/127 126/126/126
f 103/103/103 104/104/104 127/127/127
f 104/104/104 128/128/128 127/127/127
f 104/104/104 105/105/105 128/128/128
f 105/105/105 129/129/129 128/128/128
f 105/105/105 106/106/106 129/129/129
f 106/106/106 130/130/130 129/129/129
f 106/106/106 107/107/107 130/130/130
f 107/107/107 131/131/131 130/130/130
f 107/107/107 108/108/108 131/131/131
f 108/108/108 132/132/132 131/131/131
f 108/108/108 109/109/109 132/132/132
f 109/109/109 133/133/133 132/132/132
f 109/109/109 110/110/110 133/133/133
f 110/110/110 134/134/134 133/133/133
f 110/110/110 111/111/111 134/134/134
f 111/111/111 135/135/135 134/134/134
f 111/111/111 112/112/112 135/135/135
f 112/112/112 136/136/136 135/135/135
f 112/112/112 113/113/113 136/136/136
f 113/113/113 137/137/137 136/136/136
f 113/113/113 114/114/114 137/137/137
f 114/114/114 138/138/138 137/137/137
f 114/114/114 115/115/115 138/138/138
f 115/115/115 139/139/139 138/138/138
f 115/115/115 116/116/116 139/139/139
f 116/116/116 140/140/140 139/139/139
f 116/116/116 117/117/117 140/140/140
f 117/117/117 141/141/141 140/140/140
f 117/117/117 118/118/118 141/141/141
f 118/118/118 142/142/142 141/141/141
f 118/118/118 119/119/119 142/142/142
f 119/119/119 143/143/143 142/142/142
f 119/119/119 120/120/120 143/143/143
f 120/120/120 144/144/144 143/143/143
f 120/120/120 97/97/97 144/144/144
f 97/97/97 121/121/121 144/144/144
f 121/121/121 122/122/122 145/145/145
f 122/122/122 146/146/146 145/145/145
f 122/122/122 123/123/123 146/146/146
f 123/123/123 147/147/147 146/146/146
f 123/123/123 124/124/124 147/147/147
f 124/124/124 148/148/148 147/147/147
f 124/124/124 125/125/125 148/148/148
f 125/125/125 149/149/149 148/148/148
f 125/125/125 126/126/126 149/149/149
f 126/126/126 150/150/150 149/149/149
f 126/126/126 127/127/127 150/150/150
f 127/127/127 151/151/151 150/150/150
f 127/127/127 128/128/128 151/151/151
f 128/128/128 152/152/152 151/151/151
f 128/128/128 129/129/129 152/152/152
f 129/129/129 153/153/153 152/152/152
f 129/129/129 130/130/130 153/153/153
f 130/130/130 154/154/154 153/153/153
f 130/130/130 131/131/131 154/154/154
f 131/131/131 155/155/155 154/154/154
f 131/131/131 132/132/132 155/155/155
f 132/132/132 156/156/156 155/155/155
f 132/132/132 133/133/133 156/156/156
f 133/133/133 157/157/157 156/156/156
f 133/133/133 134/134/134 157/157/157
f 134/134/134 158/158/158 157/157/157
f 134/134/134 135/135/135 158/158/158
f 135/135/135 159/159/159 158/158/158
f 135/135/135 136/136/136 159/159/159
f 136/136/136 160/160/160 159/159/159
f 136/136/136 137/137/137 160/160/160
f 137/137/137 161/161/161 160/160/160
f 137/137/137 138/138/138 161/161/161
f 138/138/138 162/162/162 161/161/161
f 138/138/138 139/139/139 162/162/162
f 139/139/139 163/163/163 162/162/162
f 139/139/139 140/140/140 163/163/163
f 140/140/140 164/164/164 163/163/163
f 140/140/140 141/141/141 164/164/164
f 141/141/141 165/165/165 164/164/164
f 141/141/141 142/142/142 165/165/165
f 142/142/142 166/166/166 165/165/165
f 142/142/142 143/143/143 166/166/166
f 143/143/143 167/167/167 166/166/166
f 143/143/143 144/144/144 167/167/167
f 144/144/144 168/168/168 167/167/167
f 144/144/144 121/121/121 168/168/168
f 121/121/121 145/145/145 168/168/168
f 145/145/145 146/146/146 169/169/169
f 146/146/146 170/170/170 169/169/169
f 146/146/146 147/147/147 170/170/170
f 147/147/147 171/171/171 170/170/170
f 147/147/147 148/148/148 171/171/171
f 148/148/148 172/172/172 171/171/171
f 148/148/148 149/149/149 172/172/172
f 149/149/149 173/173/173 172/172/172
f 149/149/149 150/150/150 173/173/173
f 150/150/150 174/174/174 173/173/173
f 150/150/150 151/151/151 174/174/174
f 151/151/151 175/175/175 174/174/174
f 151/151/151 152/152/152 175/175/175
f 152/152/152 176/176/176 175/175/175
f 152/152/152 153/153/153 176/176/176
f 153/153/153 177/177/177 176/176/176
f 153/153/153 154/154/154 177/177/177
f 154/154/154 178/178/178 177/177/177
f 154/154/154 155/155/155 178/178/178
f 155/155/155 179/179/179 178/178/178
f 155/155/155 156/156/156 179/179/179
f 156/156/156 180/180/180 179/179/179
f 156/156/156 157/157/157 180/180/180
f 157/157/157 181/181/181 180/180/180
f 157/157/157 158/158/158 181/181/181
f 158/158/158 182/182/182 181/181/181
f 158/158/158 159/159/159 182/182/182
f 159/159/159 183/183/183 182/182/182
f 159/159/159 160/160/160 183/183/183
f 160/160/160 184/184/184 183/183/183
f 160/160/160 161/161/161 184/184/184
f 161/161/161 185/185/185 184/184/184
f 161/161/161 162/162/162 185/185/185
f 162/162/162 186/186/186 185/185/185
f 162/162/162 163/163/163 186/186/186
f 163/163/163 187/187/187 186/186/186
f 163/163/163 164/164/164 187/187/187
f 164/164/164 188/188/188 187/187/187
f 164/164/164 165/165/165 188/188/188
f 165/165/165 189/189/189 188/188/188
f 165/165/165 166/166/166 189/189/189
f 166/166/166 190/190/190 189/189/189
f 166/166/166 167/167/167 190/190/190
f 167/167/167 191/191/191 190/190/190
f 167/167/167 168/168/168 191/191/191
f 168/168/168 192/192/192 191/191/191
f 168/168/168 145/145/145 192/192/192
f 145/145/145 169/169/169 192/192/192
f 169/169/169 170/170/170 193/193/193
f 170/170/170 194/194/194 193/193/193
f 170/170/170 171/171/171 194/194/194
f 171/171/171 195/195/195 194/194/194
f 171/171/171 172/172/172 195/195/195
f 172/172/172 196/196/196 195/195/195
f 172/172/172 173/173/173 196/196/196
f 173/173/173 197/197/197 196/196/196
f 173/173/173 174/174/174 197/197/197
f 174/174/174 198/198/198 197/197/197
f 174/174/174 175/175/175 198/198/198
f 175/175/175 199/199/199 198/198/198
f 175/175/175 176/176/176 199/199/199
f 176/176/176 200/200/200 199/199/199
f 176/176/176 177/177/177 200/200/200
f 177/177/177 201/201/201 200/200/200
f 177/177/177 178/178/178 201/201/201
f 178/178/178 202/202/202 201/201/201
f 178/178/178 179/179/179 202/202/202
f 179/179/179 203/203/203 202/202/202
f 179/179/179 180/180/180 203/203/203
f 180/180/180 204/204/204 203/203/203
f 180/180/180 181/181/181 204/204/204
f 181/181/181 205/205/205 204/204/204
f 181/181/181 182/182/182 205/205/205
f 182/182/182 206/206/206 205/205/205
f 182/182/182 183/183/183 206/206/206
f 183/183/183 207/207/207 206/206/206
f 183/183/183 184/184/184 207/207/207
f 184/184/184 208/208/208 207/207/207
f 184/184/184 185/185/185 208/208/208
f 185/185/185 209/209/209 208/208/208
f 185/185/185 186/186/186 209/209/209
f 186/186/186 210/210/210 209/209/209
f 186/186/186 187/187/187 210/210/210
f 187/187/187 211/211/211 210/210/210
f 187/187/187 188/188/188 211/211/211
f 188/188/188 212/212/212 211/211/211
f 188/188/188 189/189/189 212/212/212
f 189/189/189 213/213/213 212/212/212
f 189/189/189 190/190/190 213/213/213
f 190/190/190 214/214/214 213/213/213
f 190/190/190 191/191/191 214/214/214
f 191/191/191 215/215/215 214/214/214
f 191/191/191 192/192/192 215/215/215
f 192/192/192 216/216/216 215/215/215
f 192/192/192 169/169/169 216/216/216
f 169/169/169 193/193/193 216/216/216
f 193/193/193 194/194/194 217/217/217
f 194/194/194 218/218/218 217/217/217
f 194/194/194 195/195/195 218/218/218
f 195/195/195 219/219/219 218/218/218
f 195/195/195 196/196/196 219/219/219
f 196/196/196 220/220/220 219/219/219
f 196/196/196 197/197/197 220/220/220
f 197/197/197 221/221/221 220/220/220
f 197/197/197 198/198/198 221/221/221
f 198/198/198 222/222/222 221/221/221
f 198/198/198 199/199/199 222/222/222
f 199/199/199 223/223/223 222/222/222
f 199/199/199 200/200/200 223/223/223
f 200/200/200 224/224/224 223/223/223
f 200/200/200 201/201/201 224/224/224
f 201/201/201 225/225/225 224/224/224
f 201/201/201 202/202/202 225/225/225
f 202/202/202 226/226/226 225/225/225
f 202/202/202 203/203/203 226/226/226
f 203/203/203 227/227/227 226/226/226
f 203/203/203 204/204/204 227/227/227
f 204/204/204 228/228/228 227/227/227
f 204/204/204 205/205/205 228/228/228
f 205/205/205 229/229/229 228/228/228
f 205/205/205 206/206/206 229/229/229
f 206/206/206 230/230/230 229/229/229
f 206/206/206 207/207/207 230/230/230
f 207/207/207 231/231/231 230/230/230
f 207/207/207 208/208/208 231/231/231
f 208/208/208 232/232/232 231/231/231
f 208/208/208 209/209/209 232/232/232
f 209/209/209 233/233/233 232/232/232
f 209/209/209 210/210/210 233/233/233
f 210/210/210 234/234/234 233/233/233
f 210/210/210 211/211/211 234/234/234
f 211/211/211 235/235/235 234/234/234
f 211/211/211 212/212/212 235/235/235
f 212/212/212 236/236/236 235/235/235
f 212/212/212 213/213/213 236/236/236
f 213/213/213 237/237/237 236/236/236
f 213/213/213 214/214/214 237/237/237
f 214/214/214 238/238/238 237/237/237
f 214/214/214 215/215/215 238/238/238
f 215/215/215 239/239/239 238/238/238
f 215/215/215 216/216/216 239/239/239
f 216/216/216 240/240/240 239/239/239
f 216/216/216 193/193/193 240/240/240
f 193/193/193 217/217/217 240/240/240
f 217/217/217 218/218/218 241/241/241
f 218/218/218 242/242/242 241/241/241
f 218/218/218 219/219/219 242/242/242
f 219/219/219 243/243/243 242/242/242
f 219/219/219 220/220/220 243/243/243
f 220/220/220 244/244/244 243/243/243
f 220/220/220 221/221/221 244/244/244
f 221/221/221 245/245/245 244/244/244
f 221/221/221 222/222/222 245/245/245
f 222/222/222 246/246/246 245/245/245
f 222/222/222 223/223/223 246/246/246
f 223/223/223 247/247/247 246/246/246
f 223/223/223 224/224/224 247/247/247
f 224/224/224 248/248/248 247/247/247
f 224/224/224 225/225/225 248/248/248
f 225/225/225 249/249/249 248/248/248
f 225/225/225 226/226/226 249/249/249
f 226/226/226 250/250/250 249/249/249
f 226/226/226 227/227/227 250/250/250
f 227/227/227 251/251/251 250/250/250
f 227/227/227 228/228/228 251/251/251
f 228/228/228 252/252/252 251/251/251
f 228/228/228 229/229/229 252/252/252
f 229/229/229 253/253/253 252/252/252
f 229/229/229 230/230/230 253/253/253
f 230/230/230 254/254/254 253/253/253
f 230/230/230 231/231/231 254/254/254
f 231/231/231 255/255/255 254/254/254
f 231/231/231 232/232/232 255/255/255
f 232/232/232 256/256/256 255/255/255
f 232/232/232 233/233/233 256/256/256
f 233/233/233 257/257/257 256/256/256
f 233/233/233 234/234/234 257/257/257
f 234/234/234 258/258/258 257/257/257
f 234/234/234 235/235/235 258/258/258
f 235/235/235 259/259/259 258/258/258
f 235/235/235 236/236/236 259/259/259
f 236/236/236 260/260/260 259/259/259
f 236/236/236 237/237/237 260/260/260
f 237/237/237 261/261/261 260/260/260
f 237/237/237 238/238/238 261/261/261
f 238/238/238 262/262/262 261/261/261
f 238/238/238 239/239/239 262/262/262
f 239/239/239 263/263/263 262/262/262
f 239/239/239 240/240/240 263/263/263
f 240/240/240 264/264/264 263/263/263
f 240/240/240 217/217/217 264/264/264
f 217/217/217 241/241/241 264/264/264
f 241/241/241 242/242/242 265/265/265
f 242/242/242 266/266/266 265/265/265
f 242/242/242 243/243/243 266/266/266
f 243/243/243 267/267/267 266/266/266
f 243/243/243 244/244/244 267/267/267
f 244/244/244 268/268/268 267/267/267
f 244/244/244 245/245/245 268/268/268
f 245/245/245 269/269/269 268/268/268
f 245/245/245 246/246/246 269/269/269
f 246/246/246 270/270/270 269/269/269
f 246/246/246 247/247/247 270/270/270
f 247/247/247 271/271/271 270/270/270
f 247/247/247 248/248/248 271/271/271
f 248/248/248 272/272/272 271/271/271
f 248/248/248 249/249/249 272/272/272
f 249/249/249 273/273/273 272/272/272
f 249/249/249 250/250/250 273/273/273
f 250/250/250 274/274/274 273/273/273
f 250/250/250 251/251/251 274/274/274
f 251/251/251 275/275/275 274/274/274
f 251/251/251 252/252/252 275/275/275
f 252/252/252 276/276/276 275/275/275
f 252/252/252 253/253/253 276/276/276
f 253/253/253 277/277/277 276/276/276
f 253/253/253 254/254/254 277/277/277
f 254/254/254 278/278/278 277/277/277
f 254/254/254 255/255/255 278/278/278
f 255/255/255 279/279/279 278/278/278
f 255/255/255 256/256/256 279/279/279
f 256/256/256 280/280/280 279/279/279
f 256/256/256 257/257/257 280/280/280
f 257/257/257 281/281/281 280/280/280
f 257/257/257 258/258/258 281/281/281
f 258/258/258 282/282/282 281/281/281
f 258/258/258 259/259/259 282/282/282
f 259/259/259 283/283/283 282/282/282
f 259/259/259 260/260/260 283/283/283
f 260/260/260 284/284/284 283/283/283
f 260/260/260 261/261/261 284/284/284
f 261/261/261 285/285/285 284/284/284
f 261/261/261 262/262/262 285/285/285
f 262/262/262 286/286/286 285/285/285
f 262/262/262 263/263/263 286/286/286
f 263/263/263 287/287/287 286/286/286
f 263/263/263 264/264/264 287/287/287
f 264/264/264 288/288/288 287/287/287
f 264/264/264 241/241/241 288/288/288
f 241/241/241 265/265/265 288/288/288
f 265/265/265 266/266/266 289/289/289
f 266/266/266 290/290/290 289/289/289
f 266/266/266 267/267/267 290/290/290
f 267/267/267 291/291/291 290/290/290
f 267/267/267 268/268/268 291/291/291
f 268/268/268 292/292/292 291/291/291
f 268/268/268 269/269/269 292/292/292
f 269/269/269 293/293/293 292/292/292
f 269/269/269 270/270/270 293/293/293
f 270/270/270 294/294/294 293/293/293
f 270/270/270 271/271/271 294/294/294
f 271/271/271 295/295/295 294/294/294
f 271/271/271 272/272/272 295/295/295
f 272/272/272 296/296/296 295/295/295
f 272/272/272 273/273/273 296/296/296
f 273/273/273 297/297/297 296/296/296
f 273/273/273 274/274/274 297/297/297
f 274/274/274 298/298/298 297/297/297
f 274/274/274 275/275/275 298/298/298
f 275/275/275 299/299/299 298/298/298
f 275/275/275 276/276/276 299/299/299
f 276/276/276 300/300/300 299/299/299
f 276/276/276 277/277/277 300/300/300
f 277/277/277 301/301/301 300/300/300
f 277/277/277 278/278/278 301/301/301
f 278/278/278 302/302/302 301/301/301
f 278/278/278 279/279/279 302/302/302
f 279/279/279 303/303/303 302/302/302
f 279/279/279 280/280/280 303/303/303
f 280/280/280 304/304/304 303/303/303
f 280/280/280 281/281/281 304/304/304
f 281/281/281 305/305/305 304/304/304
f 281/281/281 282/282/282 305/305/305
f 282/282/282 306/306/306 305/305/305
f 282/282/282 283/283/283 306/306/306
f 283/283/283 307/307/307 306/306/306
f 283/283/283 284/284/284 307/307/307
f 284/284/284 308/308/308 307/307/307
f 284/284/284 285/285/285 308/308/308
f 285/285/285 309/309/309 308/308/308
f 285/285/285 286/286/286 309/309/309
f 286/286/286 310/310/310 309/309/309
f 286/286/286 287/287/287 310/310/310
f 287/287/287 311/311/311 310/310/310
f 287/287/287 288/288/288 311/311/311
f 288/288/288 312/312/312 311/311/311
f 288/288/288 265/265/265 312/312/312
f 265/265/265 289/289/289 312/312/312
f 289/289/289 290/290/290 313/313/313
f 290/290/290 314/314/314 313/313/313
f 290/290/290 291/291/291 314/314/314
f 291/291/291 315/315/315 314/314/314
f 291/291/291 292/292/292 315/315/315
f 292/292/292 316/316/316 315/315/315
f 292/292/292 293/293/293 316/316/316
f 293/293/293 317/317/317 316/316/316
f 293/293/293 294/294/294 317/317/317
f 294/294/294 318/318/318 317/317/317
f 294/294/294 295/295/295 318/318/318
f 295/295/295 319/319/319 318/318/318
f 295/295/295 296/296/296 319/319/319
f 296/296/296 320/320/320 319/319/319
f 296/296/296 297/297/297 320/320/320
f 297/297/297 321/321/321 320/320/320
f 297/297/297 298/298/298 321/321/321
f 298/298/298 322/322/322 321/321/321
f 298/298/298 299/299/299 322/322/322
f 299/299/299 323/323/323 322/322/322
f 299/299/299 300/300/300 323/323/323
f 300/300/300 324/324/324 323/323/323
f 300/300/300 301/301/301 324/324/324
f 301/301/301 325/325/325 324/324/324
f 301/301/301 302/302/302 325/325/325
f 302/302/302 326/326/326 325/325/325
f 302/302/302 303/303/303 326/326/326
f 303/303/303 327/327/327 326/326/326
f 303/303/303 304/304/304 327/327/327
f 304/304/304 328/328/328 327/327/327
f 304/304/304 305/305/305 328/328/328
f 305/305/305 329/329/329 328/328/328
f 305/305/305 306/306/306 329/329/329
f 306/306/306 330/330/330 329/329/329
f 306/306/306 307/307/307 330/330/330
f 307/307/307 331/331/331 330/330/330
f 307/307/307 308/308/308 331/331/331
f 308/308/308 332/332/332 331/331/331
f 308/308/308 309/309/309 332/332/332
f 309/309/309 333/333/333 332/332/332
f 309/309/309 310/310/310 333/333/333
f 310/310/310 334/334/334 333/333/333
f 310/310/310 311/311/311 334/334/334
f 311/311/311 335/335/335 334/334/334
f 311/311/311 312/312/312 335/335/335
f 312/312/312 336/336/336 335/335/335
f 312/312/312 289/289/289 336/336/336
f 289/289/289 313/313/313 336/336/336
f 313/313/313 314/314/314 337/337/337
f 314/314/314 338/338/338 337/337/337
f 314/314/314 315/315/315 338/338/338
f 315/315/315 339/339/339 338/338/338
f 315/315/315 316/316/316 339/339/339
f 316/316/316 340/340/340 339/339/339
f 316/316/316 317/317/317 340/340/340
f 317/317/317 341/341/341 340/340/340
f 317/317/317 318/318/318 341/341/341
f 318/318/318 342/342/342 341/341/341
f 318/318/318 319/319/319 342/342/342
f 319/319/319 343/343/343 342/342/342
f 319/319/319 320/320/320 343/343/343
f 320/320/320 344/344/344 343/343/343
f 320/320/320 321/321/321 344/344/344
f 321/321/321 345/345/345 344/344/344
f 321/321/321 322/322/322 345/345/345
f 322/322/322 346/346/346 345/345/345
f 322/322/322 323/323/323 346/346/346
f 323/323/323 347/347/347 346/346/346
f 323/323/323 324/324/324 347/347/347
f 324/324/324 348/348/348 347/347/347
f 324/324/324 325/325/325 348/348/348
f 325/325/325 349/349/349 348/348/348
f 325/325/325 326/326/326 349/349/349
f 326/326/326 350/350/350 349/349/349
f 326/326/326 327/327/327 350/350/350
f 327/327/327 351/351/351 350/350/350
f 327/327/327 328/328/328 351/351/351
f 328/328/328 352/352/352 351/351/351
f 328/328/328 329/329/329 352/352/352
f 329/329/329 353/353/353 352/352/352
f 329/329/329 330/330/330 353/353/353
f 330/330/330 354/354/354 353/353/353
f 330/330/330 331/331/331 354/354/354
f 331/331/331 355/355/355 354/354/354
f 331/331/331 332/332/332 355/355/355
f 332/332/332 356/356/356 355/355/355
f 332/332/332 333/333/333 356/356/356
f 333/333/333 357/357/357 356/356/356
f 333/333/333 334/334/334 357/357/357
f 334/334/334 358/358/358 357/357/357
f 334/334/334 335/335/335 358/358/358
f 335/335/335 359/359/359 358/358/358
f 335/335/335 336/336/336 359/359/359
f 336/336/336 360/360/360 359/359/359
f 336/336/336 313/313/313 360/360/360
f 313/313/313 337/337/337 360/360/360
f 337/337/337 338/338/338 361/361/361
f 338/338/338 362/362/362 361/361/361
f 338/338/338 339/339/339 362/362/362
f 339/339/339 363/363/363 362/362/362
f 339/339/339 340/340/340 363/363/363
f 340/340/340 364/364/364 363/363/363
f 340/340/340 341/341/341 364/364/364
f 341/341/341 365/365/365 364/364/364
f 341/341/341 342/342/342 365/365/365
f 342/342/342 366/366/366 365/365/365
f 342/342/342 343/343/343 366/366/366
f 343/343/343 367/367/367 366/366/366
f 343/343/343 344/344/344 367/367/367
f 344/344/344 368/368/368 367/367/367
f 344/344/344 345/345/345 368/368/368
f 345/345/345 369/369/369 368/368/368
f 345/345/345 346/346/346 369/369/369
f 346/346/346 370/370/370 369/369/369
f 346/346/346 347/347/347 370/370/370
f 347/347/347 371/371/371 370/370/370
f 347/347/347 348/348/348 371/371/371
f 348/348/348 372/372/372 371/371/371
f 348/348/348 349/349/349 372/372/372
f 349/349/349 373/373/373 372/372/372
f 349/349/349 350/350/350 373/373/373
f 350/350/350 374/374/374 373/373/373
f 350/350/350 351/351/351 374/374/374
f 351/351/351 375/375/375 374/374/374
f 351/351/351 352/352/352 375/375/375
f 352/352/352 376/376/376 375/375/375
f 352/352/352 353/353/353 376/376/376
f 353/353/353 377/377/377 376/376/376
f 353/353/353 354/354/354 377/377/377
f 354/354/354 378/378/378 377/377/377
f 354/354/354 355/355/355 378/378/378
f 355/355/355 379/379/379 378/378/378
f 355/355/355 356/356/356 379/379/379
f 356/356/356 380/380/380 379/379/379
f 356/356/356 357/357/357 380/380/380
f 357/357/357 381/381/381 380/380/380
f 357/357/357 358/358/358 381/381/381
f 358/358/358 382/382/382 381/381/381
f 358/358/358 359/359/359 382/382/382
f 359/359/359 383/383/383 382/382/382
f 359/359/359 360/360/360 383/383/383
f 360/360/360 384/384/384 383/383/383
f 360/360/360 337/337/337 384/384/384
f 337/337/337 361/361/361 384/384/384
f 361/361/361 362/362/362 385/385/385
f 362/362/362 386/386/386 385/385/385
f 362/362/362 363/363/363 386/386/386
f 363/363/363 387/387/387 386/386/386
f 363/363/363 364/364/364 387/387/387
f 364/364/364 388/388/388 387/387/387
f 364/364/364 365/365/365 388/388/388
f 365/365/365 389/389/389 388/388/388
f 365/365/365 366/366/366 389/389/389
f 366/366/366 390/390/390 389/389/389
f 366/366/366 367/367/367 390/390/390
f 367/367/367 391/391/391 390/390/390
f 367/367/367 368/368/368 391/391/391
f 368/368/368 392/392/392 391/391/391
f 368/368/368 369/369/369 392/392/392
f 369/369/369 393/393/393 392/392/392
f 369/369/369 370/370/370 393/393/393
f 370/370/370 394/394/394 393/393/393
f 370/370/370 371/371/371 394/394/394
f 371/371/371 395/395/395 394/394/394
f 371/371/371 372/372/372 395/395/395
f 372/372/372 396/396/396 395/395/395
f 372/372/372 373/373/373 396/396/396
f 373/373/373 397/397/397 396/396/396
f 373/373/373 374/374/374 397/397/397
f 374/374/374 398/398/398 397/397/397
f 374/374/374 375/375/375 398/398/398
f 375/375/375 399/399/399 398/398/398
f 375/375/375 376/376/376 399/399/399
f 376/376/376 400/400/400 399/399/399
f 376/376/376 377/377/377 400/400/400
f 377/377/377 401/401/401 400/400/400
f 377/377/377 378/378/378 401/401/401
f 378/378/378 402/402/402 401/401/401
f 378/378/378 379/379/379 402/402/402
f 379/379/379 403/403/403 402/402/402
f 379/379/379 380/380/380 403/403/403
f 380/380/380 404/404/404 403/403/403
f 380/380/380 381/381/381 404/404/404
f 381/381/381 405/405/405 404/404/404
f 381/381/381 382/382/382 405/405/405
f 382/382/382 406/406/406 405/405/405
f 382/382/382 383/383/383 406/406/406
f 383/383/383 407/407/407 406/406/406
f 383/383/383 384/384/384 407/407/407
f 384/384/384 408/408/408 407/407/407
f 384/384/384 361/361/361 408/408/408
f 361/361/361 385/385/385 408/408/408
f 409/409/409 410/410/410 425/425/425
f 410/410/410 426/426/426 425/425/425
f 410/410/410 411/411/411 426/426/426
f 411/411/411 427/427/427 426/426/426
f 411/411/411 412/412/412 427/427/427
f 412/412/412 428/428/428 427/427/427
f 412/412/412 413/413/413 428/428/428
f 413/413/413 429/429/429 428/428/428
f 413/413/413 414/414/414 429/429/429
f 414/414/414 430/430/430 429/429/429
f 414/414/414 415/415/415 430/430/430
f 415/415/415 431/431/431 430/430/430
f 415/415/415 416/416/416 431/431/431
f 416/416/416 432/432/432 431/431/431
f 416/416/416 417/417/417 432/432/432
f 417/417/417 433/433/433 432/432/432
f 417/417/417 418/418/418 433/433/433
f 418/418/418 434/434/434 433/433/433
f 418/418/418 419/419/419 434/434/434
f 419/419/419 435/435/435 434/434/434
f 419/419/419 420/420/420 435/435/435
f 420/420/420 436/436/436 435/435/435
f 420/420/420 421/421/421 436/436/436
f 421/421/421 437/437/437 436/436/436
f 421/421/421 422/422/422 437/437/437
f 422/422/422 438/438/438 437/437/437
f 422/422/422 423/423/423 438/438/438
f 423/423/423 439/439/439 438/438/438
f 423/423/423 424/424/424 439/439/439
f 424/424/424 440/440/440 439/439/439
f 424/424/424 409/409/409 440/440/440
f 409/409/409 425/425/425 440/440/440
f 425/425/425 426/426/426 441/441/441
f 426/426/426 442/442/442 441/441/441
f 426/426/426 427/427/427 442/442/442
f 427/427/427 443/443/443 442/442/442
f 427/427/427 428/428/428 443/443/443
f 428/428/428 444/444/444 443/443/443
f 428/428/428 429/429/429 444/444/444
f 429/429/429 445/445/445 444/444/444
f 429/429/429 430/430/430 445/445/445
f 430/430/430 446/446/446 445/445/445
f 430/430/430 431/431/431 446/446/446
f 431/431/431 447/447/447 446/446/446
f 431/431/431 432/432/432 447/447/447
f 432/432/432 448/448/448 447/447/447
f 432/432/432 433/433/433 448/448/448
f 433/433/433 449/449/449 448/448/448
f 433/433/433 434/434/434 449/449/449
f 434/434/434 450/450/450 449/449/449
f 434/434/434 435/435/435 450/450/450
f 435/435/435 451/451/451 450/450/450
f 435/435/435 436/436/436 451/451/451
f 436/436/436 452/452/452 451/451/451
f 436/436/436 437/437/437 452/452/452
f 437/437/437 453/453/453 452/452/452
f 437/437/437 438/438/438 453/453/453
f 438/438/438 454/454/454 453/453/453
f 438/438/438 439/439/439 454/454/454
f 439/439/439 455/455/455 454/454/454
f 439/439/439 440/440/440 455/455/455
f 440/440/440 456/456/456 455/455/455
f 440/440/440 425/425/425 456/456/456
f 425/425/425 441/441/441 456/456/456
f 441/441/441 442/442/442 457/457/457
f 442/442/442 458/458/458 457/457/457
f 442/442/442 443/443/443 458/458/458
f 443/443/443 459/459/459 458/458/458
f 443/443/443 444/444/444 459/459/459
f 444/444/444 460/460/460 459/459/459
f 444/444/444 445/445/445 460/460/460
f 445/445/445 461/461/461 460/460/460
f 445/445/445 446/446/446 461/461/461
f 446/446/446 462/462/462 461/461/461
f 446/446/446 447/447/447 462/462/462
f 447/447/447 463/463/463 462/462/462
f 447/447/447 448/448/448 463/463/463
f 448/448/448 464/464/464 463/463/463
f 448/448/448 449/449/449 464/464/464
f 449/449/449 465/465/465 464/464/464
f 449/449/449 450/450/450 465/465/465
f 450/450/450 466/466/466 465/465/465
f 450/450/450 451/451/451 466/466/466
f 451/451/451 467/467/467 466/466/466
f 451/451/451 452/452/452 467/467/467
f 452/452/452 468/468/468 467/467/467
f 452/452/452 453/453/453 468/468/468
f 453/453/453 469/469/469 468/468/468
f 453/453/453 454/454/454 469/469/469
f 454/454/454 470/470/470 469/469/469
f 454/454/454 455/455/455 470/470/470
f 455/455/455 471/471/471 470/470/470
f 455/455/455 456/456/456 471/471/471
f 456/456/456 472/472/472 471/471/471
f 456/456/456 441/441/441 472/472/472
f 441/441/441 457/457/457 472/472/472
f 457/457/457 458/458/458 473/473/473
f 458/458/458 474/474/474 473/473/473
f 458/458/458 459/459/459 474/474/474
f 459/459/459 475/475/475 474/474/474
f 459/459/459 460/460/460 475/475/475
f 460/460/460 476/476/476 475/475/475
f 460/460/460 461/461/461 476/476/476
f 461/461/461 477/477/477 476/476/476
f 461/461/461 462/462/462 477/477/477
f 462/462/462 478/478/478 477/477/477
f 462/462/462 463/463/463 478/478/478
f 463/463/463 479/479/479 478/478/478
f 463/463/463 464/464/464 479/479/479
f 464/464/464 480/480/480 479/479/479
f 464/464/464 465/465/465 480/480/480
f 465/465/465 481/481/481 480/480/480
f 465/465/465 466/466/466 481/481/481
f 466/466/466 482/482/482 481/481/481
f 466/466/466 467/467/467 482/482/482
f 467/467/467 483/483/483 482/482/482
f 467/467/467 468/468/468 483/483/483
f 468/468/468 484/484/484 483/483/483
f 468/468/468 469/469/469 484/484/484
f 469/469/469 485/485/485 484/484/484
f 469/469/469 470/470/470 485/485/485
f 470/470/470 486/486/486 485/485/485
f 470/470/470 471/471/471 486/486/486
f 471/471/471 487/487/487 486/486/486
f 471/471/471 472/472/472 487/487/487
f 472/472/472 488/488/488 487/487/487
f 472/472/472 457/457/457 488/488/488
f 457/457/457 473/473/473 488/488/488
f 473/473/473 474/474/474 489/489/489
f 474/474/474 490/490/490 489/489/489
f 474/474/474 475/475/475 490/490/490
f 475/475/475 491/491/491 490/490/490
f 475/475/475 476/476/476 491/491/491
f 476/476/476 492/492/492 491/491/491
f 476/476/476 477/477/477 492/492/492
f 477/477/477 493/493/493 492/492/492
f 477/477/477 478/478/478 493/493/493
f 478/478/478 494/494/494 493/493/493
f 478/478/478 479/479/479 494/494/494
f 479/479/479 495/495/495 494/494/494
f 479/479/479 480/480/480 495/495/495
f 480/480/480 496/496/496 495/495/495
f 480/480/480 481/481/481 496/496/496
f 481/481/481 497/497/497 496/496/496
f 481/481/481 482/482/482 497/497/497
f 482/482/482 498/498/498 497/497/497
f 482/482/482 483/483/483 498/498/498
f 483/483/483 499/499/499 498/498/498
f 483/483/483 484/484/484 499/499/499
f 484/484/484 500/500/500 499/499/499
f 484/484/484 485/485/485 500/500/500
f 485/485/485 501/501/501 500/500/500
f 485/485/485 486/486/486 501/501/501
f 486/486/486 502/502/502 501/501/501
f 486/486/486 487/487/487 502/502/502
f 487/487/487 503/503/503 502/502/502
f 487/487/487 488/488/488 503/503/503
f 488/488/488 504/504/504 503/503/503
f 488/488/488 473/473/473 504/504/504
f 473/473/473 489/489/489 504/504/504
f 489/489/489 490/490/490 505/505/505
f 490/490/490 506/506/506 505/505/505
f 490/490/490 491/491/491 506/506/506
f 491/491/491 507/507/507 506/506/506
f 491/491/491 492/492/492 507/507/507
f 492/492/492 508/508/508 507/507/507
f 492/492/492 493/493/493 508/508/508
f 493/493/493 509/509/509 508/508/508
f 493/493/493 494/494/494 509/509/509
f 494/494/494 510/510/510 509/509/509
f 494/494/494 495/495/495 510/510/510
f 495/495/495 511/511/511 510/510/510
f 495/495/495 496/496/496 511/511/511
f 496/496/496 512/512/512 511/511/511
f 496/496/496 497/497/497 512/512/512
f 497/497/497 513/513/513 512/512/512
f 497/497/497 498/498/498 513/513/513
f 498/498/498 514/514/514 513/513/513
f 498/498/498 499/499/499 514/514/514
f 499/499/499 515/515/515 514/514/514
f 499/499/499 500/500/500 515/515/515
f 500/500/500 516/516/516 515/515/515
f 500/500/500 501/501/501 516/516/516
f 501/501/501 517/517/517 516/516/516
f 501/501/501 502/502/502 517/517/517
f 502/502/502 518/518/518 517/517/517
f 502/502/502 503/503/503 518/518/518
f 503/503/503 519/519/519 518/518/518
f 503/503/503 504/504/504 519/519/519
f 504/504/504 520/520/520 519/519/519
f 504/504/504 489/489/489 520/520/520
f 489/489/489 505/505/505 520/520/520
f 505/505/505 506/506/506 521/521/521
f 506/506/506 522/522/522 521/521/521
f 506/506/506 507/507/507 522/522/522
f 507/507/507 523/523/523 522/522/522
f 507/507/507 508/508/508 523/523/523
f 508/508/508 524/524/524 523/523/523
f 508/508/508 509/509/509 524/524/524
f 509/509/509 525/525/525 524/524/524
f 509/509/509 510/510/510 525/525/525
f 510/510/510 526/526/526 525/525/525
f 510/510/510 511/511/511 526/526/526
f 511/511/511 527/527/527 526/526/526
f 511/511/511 512/512/512 527/527/527
f 512/512/512 528/528/528 527/527/527
f 512/512/512 513/513/513 528/528/528
f 513/513/513 529/529/529 528/528/528
f 513/513/513 514/514/514 529/529/529
f 514/514/514 530/530/530 529/529/529
f 514/514/514 515/515/515 530/530/530
f 515/515/515 531/531/531 530/530/530
f 515/515/515 516/516/516 531/531/531
f 516/516/516 532/532/532 531/531/531
f 516/516/516 517/517/517 532/532/532
f 517/517/517 533/533/533 532/532/532
f 517/517/517 518/518/518 533/533/533
f 518/518/518 534/534/534 533/533/533
f 518/518/518 519/519/519 534/534/534
f 519/519/519 535/535/535 534/534/534
f 519/519/519 520/520/520 535/535/535
f 520/520/520 536/536/536 535/535/535
f 520/520/520 505/505/505 536/536/536
f 505/505/505 521/521/521 536/536/536
f 521/521/521 522/522/522 537/537/537
f 522/522/522 538/538/538 537/537/537
f 522/522/522 523/523/523 538/538/538
f 523/523/523 539/539/539 538/538/538
f 523/523/523 524/524/524 539/539/539
f 524/524/524 540/540/540 539/539/539
f 524/524/524 525/525/525 540/540/540
f 525/525/525 541/541/541 540/540/540
f 525/525/525 526/526/526 541/541/541
f 526/526/526 542/542/542 541/541/541
f 526/526/526 527/527/527 542/542/542
f 527/527/527 543/543/543 542/542/542
f 527/527/527 528/528/528 543/543/543
f 528/528/528 544/544/544 543/543/543
f 528/528/528 529/529/529 544/544/544
f 529/529/529 545/545/545 544/544/544
f 529/529/529 530/530/530 545/545/545
f 530/530/530 546/546/546 545/545/545
f 530/530/530 531/531/531 546/546/546
f 531/531/531 547/547/547 546/546/546
f 531/531/531 532/532/532 547/547/547
f 532/532/532 548/548/548 547/547/547
f 532/532/532 533/533/533 548/548/548
f 533/533/533 549/549/549 548/548/548
f 533/533/533 534/534/534 549/549/549
f 534/534/534 550/550/550 549/549/549
f 534/534/534 535/535/535 550/550/550
f 535/535/535 551/551/551 550/550/550
f 535/535/535 536/536/536 551/551/551
f 536/536/536 552/552/552 551/551/551
f 536/536/536 521/521/521 552/552/552
f 521/521/521 537/537/537 552/552/552
f 537/537/537 538/538/538 553/553/553
f 538/538/538 554/554/554 553/553/553
f 538/538/538 539/539/539 554/554/554
f 539/539/539 555/555/555 554/554/554
f 539/539/539 540/540/540 555/555/555
f 540/540/540 556/556/556 555/555/555
f 540/540/540 541/541/541 556/556/556
f 541/541/541 557/557/557 556/556/556
f 541/541/541 542/542/542 557/557/557
f 542/542/542 558/558/558 557/557/557
f 542/542/542 543/543/543 558/558/558
f 543/543/543 559/559/559 558/558/558
f 543/543/543 544/544/544 559/559/559
f 544/544/544 560/560/560 559/559/559
f 544/544/544 545/545/545 560/560/560
f 545/545/545 561/561/561 560/560/560
f 545/545/545 546/546/546 561/561/561
f 546/546/546 562/562/562 561/561/561
f 546/546/546 547/547/547 562/562/562
f 547/547/547 563/563/563 562/562/562
f 547/547/547 548/548/548 563/563/563
f 548/548/548 564/564/564 563/563/563
f 548/548/548 549/549/549 564/564/564
f 549/549/549 565/565/565 564/564/564
f 549/549/549 550/550/550 565/565/565
f 550/550/550 566/566/566 565/565/565
f 550/550/550 551/551/551 566/566/566
f 551/551/551 567/567/567 566/566/566
f 551/551/551 552/552/552 567/567/567
f 552/552/552 568/568/568 567/567/567
f 552/552/552 537/537/537 568/568/568
f 537/537/537 553/553/553 568/568/568
f 553/553/553 554/554/554 569/569/569
f 554/554/554 570/570/570 569/569/569
f 554/554/554 555/555/555 570/570/570
f 555/555/555 571/571/571 570/570/570
f 555/555/555 556/556/556 571/571/571
f 556/556/556 572/572/572 571/571/571
f 556/556/556 557/557/557 572/572/572
f 557/557/557 573/573/573 572/572/572
f 557/557/557 558/558/558 573/573/573
f 558/558/558 574/574/574 573/573/573
f 558/558/558 559/559/559 574/574/574
f 559/559/559 575/575/575 574/574/574
f 559/559/559 560/560/560 575/575/575
f 560/560/560 576/576/576 575/575/575
f 560/560/560 561/561/561 576/576/576
f 561/561/561 577/577/577 576/576/576
f 561/561/561 562/562/562 577/577/577
f 562/562/562 578/578/578 577/577/577
f 562/562/562 563/563/563 578/578/578
f 563/563/563 579/579/579 578/578/578
f 563/563/563 564/564/564 579/579/579
f 564/564/564 580/580/580 579/579/579
f 564/564/564 565/565/565 580/580/580
f 565/565/565 581/581/581 580/580/580
f 565/565/565 566/566/566 581/581/581
f 566/566/566 582/582/582 581/581/581
f 566/566/566 567/567/567 582/582/582
f 567/567/567 583/583/583 582/582/582
f 567/567/567 568/568/568 583/583/583
f 568/568/568 584/584/584 583/583/583
f 568/568/568 553/553/553 584/584/584
f 553/553/553 569/569/569 584/584/584
f 569/569/569 570/570/570 585/585/585
f 570/570/570 586/586/586 585/585/585
f 570/570/570 571/571/571 586/586/586
f 571/571/571 587/587/587 586/586/586
f 571/571/571 572/572/572 587/587/587
f 572/572/572 588/588/588 587/587/587
f 572/572/572 573/573/573 588/588/588
f 573/573/573 589/589/589 588/588/588
f 573/573/573 574/574/574 589/589/589
f 574/574/574 590/590/590 589/589/589
f 574/574/574 575/575/575 590/590/590
f 575/575/575 591/591/591 590/590/590
f 575/575/575 576/576/576 591/591/591
f 576/576/576 592/592/592 591/591/591
f 576/576/576 577/577/577 592/592/592
f 577/577/577 593/593/593 592/592/592
f 577/577/577 578/578/578 593/593/593
f 578/578/578 594/594/594 593/593/593
f 578/578/578 579/579/579 594/594/594
f 579/579/579 595/595/595 594/594/594
f 579/579/579 580/580/580 595/595/595
f 580/580/580 596/596/596 595/595/595
f 580/580/580 581/581/581 596/596/596
f 581/581/581 597/597/597 596/596/596
f 581/581/581 582/582/582 597/597/597
f 582/582/582 598/598/598 597/597/597
f 582/582/582 583/583/583 598/598/598
f 583/583/583 599/599/599 598/598/598
f 583/583/583 584/584/584 599/599/599
f 584/584/584 600/600/600 599/599/599
f 584/584/584 569/569/569 600/600/600
f 569/569/569 585/585/585 600/600/600
f 585/585/585 586/586/586 601/601/601
f 586/586/586 602/602/602 601/601/601
f 586/586/586 587/587/587 602/602/602
f 587/587/587 603/603/603 602/602/602
f 587/587/587 588/588/588 603/603/603
f 588/588/588 604/604/604 603/603/603
f 588/588/588 589/589/589 604/604/604
f 589/589/589 605/605/605 604/604/604
f 589/589/589 590/590/590 605/605/605
f 590/590/590 606/606/606 605/605/605
f 590/590/590 591/591/591 606/606/606
f 591/591/591 607/607/607 606/606/606
f 591/591/591 592/592/592 607/607/607
f 592/592/592 608/608/608 607/607/607
f 592/592/592 593/593/593 608/608/608
f 593/593/593 609/609/609 608/608/608
f 593/593/593 594/594/594 609/609/609
f 594/594/594 610/610/610 609/609/609
f 594/594/594 595/595/595 610/610/610
f 595/595/595 611/611/611 610/610/610
f 595/595/595 596/596/596 611/611/611
f 596/596/596 612/612/612 611/611/611
f 596/596/596 597/597/597 612/612/612
f 597/597/597 613/613/613 612/612/612
f 597/597/597 598/598/598 613/613/613
f 598/598/598 614/614/614 613/613/613
f 598/598/598 599/599/599 614/614/614
f 599/599/599 615/615/615 614/614/614
f 599/599/599 600/600/600 615/615/615
f 600/600/600 616/616/616 615/615/615
f 600/600/600 585/585/585 616/616/616
f 585/585/585 601/601/601 616/616/616
f 601/601/601 602/602/602 617/617/617
f 602/602/602 618/618/618 617/617/617
f 602/602/602 603/603/603 618/618/618
f 603/603/603 619/619/619 618/618/618
f 603/603/603 604/604/604 619/619/619
f 604/604/604 620/620/620 619/619/619
f 604/604/604 605/605/605 620/620/620
f 605/605/605 621/621/621 620/620/620
f 605/605/605 606/606/606 621/621/621
f 606/606/606 622/622/622 621/621/621
f 606/606/606 607/607/607 622/622/622
f 607/607/607 623/623/623 622/622/622
f 607/607/607 608/608/608 623/623/623
f 608/608/608 624/624/624 623/623/623
f 608/608/608 609/609/609 624/624/624
f 609/609/609 625/625/625 624/624/624
f 609/609/609 610/610/610 625/625/625
f 610/610/610 626/626/626 625/625/625
f 610/610/610 611/611/611 626/626/626
f 611/611/611 627/627/627 626/626/626
f 611/611/611 612/612/612 627/627/627
f 612/612/612 628/628/628 627/627/627
f 612/612/612 613/613/613 628/628/628
f 613/613/613 629/629/629 628/628/628
f 613/613/613 614/614/614 629/629/629
f 614/614/614 630/630/630 629/629/629
f 614/614/614 615/615/615 630/630/630
f 615/615/615 631/631/631 630/630/630
f 615/615/615 616/616/616 631/631/631
f 616/616/616 632/632/632 631/631/631
f 616/616/616 601/601/601 632/632/632
f 601/601/601 617/617/617 632/632/632
f 617/617/617 618/618/618 633/633/633
f 618/618/618 634/634/634 633/633/633
f 618/618/618 619/619/619 634/634/634
f 619/619/619 635/635/635 634/634/634
f 619/619/619 620/620/620 635/635/635
f 620/620/620 636/636/636 635/635/635
f 620/620/620 621/621/621 636/636/636
f 621/621/621 637/637/637 636/636/636
f 621/621/621 622/622/622 637/637/637
f 622/622/622 638/638/638 637/637/637
f 622/622/622 623/623/623 638/638/638
f 623/623/623 639/639/639 638/638/638
f 623/623/623 624/624/624 639/639/639
f 624/624/624 640/640/640 639/639/639
f 624/624/624 625/625/625 640/640/640
f 625/625/625 641/641/641 640/640/640
f 625/625/625 626/626/626 641/641/641
f 626/626/626 642/642/642 641/641/641
f 626/626/626 627/627/627 642/642/642
f 627/627/627 643/643/643 642/642/642
f 627/627/627 628/628/628 643/643/643
f 628/628/628 644/644/644 643/643/643
f 628/628/628 629/629/629 644/644/644
f 629/629/629 645/645/645 644/644/644
f 629/629/629 630/630/630 645/645/645
f 630/630/630 646/646/646 645/645/645
f 630/630/630 631/631/631 646/646/646
f 631/631/631 647/647/647 646/646/646
f 631/631/631 632/632/632 647/647/647
f 632/632/632 648/648/648 647/647/647
f 632/632/632 617/617/617 648/648/648
f 617/617/617 633/633/633 648/648/648
f 633/633/633 634/634/634 649/649/649
f 634/634/634 650/650/650 649/649/649
f 634/634/634 635/635/635 650/650/650
f 635/635/635 651/651/651 650/650/650
f 635/635/635 636/636/636 651/651/651
f 636/636/636 652/652/652 651/651/651
f 636/636/636 637/637/637 652/652/652
f 637/637/637 653/653/653 652/652/652
f 637/637/637 638/638/638 653/653/653
f 638/638/638 654/654/654 653/653/653
f 638/638/638 639/639/639 654/654/654
f 639/639/639 655/655/655 654/654/654
f 639/639/639 640/640/640 655/655/655
f 640/640/640 656/656/656 655/655/655
f 640/640/640 641/641/641 656/656/656
f 641/641/641 657/657/657 656/656/656
f 641/641/641 642/642/642 657/657/657
f 642/642/642 658/658/658 657/657/657
f 642/642/642 643/643/643 658/658/658
f 643/643/643 659/659/659 658/658/658
f 643/643/643 644/644/644 659/659/659
f 644/644/644 660/660/660 659/659/659
f 644/644/644 645/645/645 660/660/660
f 645/645/645 661/661/661 660/660/660
f 645/645/645 646/646/646 661/661/661
f 646/646/646 662/662/662 661/661/661
f 646/646/646 647/647/647 662/662/662
f 647/647/647 663/663/663 662/662/662
f 647/647/647 648/648/648 663/663/663
f 648/648/648 664/664/664 663/663/663
f 648/648/648 633/633/633 664/664/664
f 633/633/633 649/649/649 664/664/664
f 649/649/649 650/650/650 665/665/665
f 650/650/650 666/666/666 665/665/665
f 650/650/650 651/651/651 666/666/666
f 651/651/651 667/667/667 666/666/666
f 651/651/651 652/652/652 667/667/667
f 652/652/652 668/668/668 667/667/667
f 652/652/652 653/653/653 668/668/668
f 653/653/653 669/669/669 668/668/668
f 653/653/653 654/654/654 669/669/669
f 654/654/654 670/670/670 669/669/669
f 654/654/654 655/655/655 670/670/670
f 655/655/655 671/671/671 670/670/670
f 655/655/655 656/656/656 671/671/671
f 656/656/656 672/672/672 671/671/671
f 656/656/656 657/657/657 672/672/672
f 657/657/657 673/673/673 672/672/672
f 657/657/657 658/658/658 673/673/673
f 658/658/658 674/674/674 673/673/673
f 658/658/658 659/659/659 674/674/674
f 659/659/659 675/675/675 674/674/674
f 659/659/659 660/660/660 675/675/675
f 660/660/660 676/676/676 675/675/675
f 660/660/660 661/661/661 676/676/676
f 661/661/661 677/677/677 676/676/676
f 661/661/661 662/662/662 677/677/677
f 662/662/662 678/678/678 677/677/677
f 662/662/662 663/663/663 678/678/678
f 663/663/663 679/679/679 678/678/678
f 663/663/663 664/664/664 679/679/679
f 664/664/664 680/680/680 679/679/679
f 664/664/664 649/649/649 680/680/680
f 649/649/649 665/665/665 680/680/680
f 665/665/665 666/666/666 681/681/681
f 666/666/666 682/682/682 681/681/681
f 666/666/666 667/667/667 682/682/682
f 667/667/667 683/683/683 682/682/682
f 667/667/667 668/668/668 683/683/683
f 668/668/668 684/684/684 683/683/683
f 668/668/668 669/669/669 684/684/684
f 669/669/669 685/685/685 684/684/684
f 669/669/669 670/670/670 685/685/685
f 670/670/670 686/686/686 685/685/685
f 670/670/670 671/671/671 686/686/686
f 671/671/671 687/687/687 686/686/686
f 671/671/671 672/672/672 687/687/687
f 672/672/672 688/688/688 687/687/687
f 672/672/672 673/673/673 688/688/688
f 673/673/673 689/689/689 688/688/688
f 673/673/673 674/674/674 689/689/689
f 674/674/674 690/690/690 689/689/689
f 674/674/674 675/675/675 690/690/690
f 675/675/675 691/691/691 690/690/690
f 675/675/675 676/676/676 691/691/691
f 676/676/676 692/692/692 691/691/691
f 676/676/676 677/677/677 692/692/692
f 677/677/677 693/693/693 692/692/692
f 677/677/677 678/678/678 693/693/693
f 678/678/678 694/694/694 693/693/693
f 678/678/678 679/679/679 694/694/694
f 679/679/679 695/695/695 694/694/694
f 679/679/679 680/680/680 695/695/695
f 680/680/680 696/696/696 695/695/695
f 680/680/680 665/665/665 696/696/696
f 665/665/665 681/681/681 696/696/696
f 681/681/681 682/682/682 697/697/697
f 682/682/682 698/698/698 697/697/697
f 682/682/682 683/683/683 698/698/698
f 683/683/683 699/699/699 698/698/698
f 683/683/683 684/684/684 699/699/699
f 684/684/684 700/700/700 699/699/699
f 684/684/684 685/685/685 700/700/700
f 685/685/685 701/701/701 700/700/700
f 685/685/685 686/686/686 701/701/701
f 686/686/686 702/702/702 701/701/701
f 686/686/686 687/687/687 702/702/702
f 687/687/687 703/703/703 702/702/702
f 687/687/687 688/688/688 703/703/703
f 688/688/688 704/704/704 703/703/703
f 688/688/688 689/689/689 704/704/704
f 689/689/689 705/705/705 704/704/704
f 689/689/689 690/690/690 705/705/705
f 690/690/690 706/706/706 705/705/705
f 690/690/690 691/691/691 706/706/706
f 691/691/691 707/707/707 706/706/706
f 691/691/691 692/692/692 707/707/707
f 692/692/692 708/708/708 707/707/707
f 692/692/692 693/693/693 708/708/708
f 693/693/693 709/709/709 708/708/708
f 693/693/693 694/694/694 709/709/709
f 694/694/694 710/710/710 709/709/709
f 694/694/694 695/695/695 710/710/710
f 695/695/695 711/711/711 710/710/710
f 695/695/695 696/696/696 711/711/711
f 696/696/696 712/712/712 711/711/711
f 696/696/696 681/681/681 712/712/712
f 681/681/681 697/697/697 712/712/712
f 697/697/697 698/698/698 713/713/713
f 698/698/698 714/714/714 713/713/713
f 698/698/698 699/699/699 714/714/714
f 699/699/699 715/715/715 714/714/714
f 699/699/699 700/700/700 715/715/715
f 700/700/700 716/716/716 715/715/715
f 700/700/700 701/701/701 716/716/716
f 701/701/701 717/717/717 716/716/716
f 701/701/701 702/702/702 717/717/717
f 702/702/702 718/718/718 717/717/717
f 702/702/702 703/703/703 718/718/718
f 703/703/703 719/719/719 718/718/718
f 703/703/703 704/704/704 719/719/719
f 704/704/704 720/720/720 719/719/719
f 704/704/704 705/705/705 720/720/720
f 705/705/705 721/721/721 720/720/720
f 705/705/705 706/706/706 721/721/721
f 706/706/706 722/722/722 721/721/721
f 706/706/706 707/707/707 722/722/722
f 707/707/707 723/723/723 722/722/722
f 707/707/707 708/708/708 723/723/723
f 708/708/708 724/724/724 723/723/723
f 708/708/708 709/709/709 724/724/724
f 709/709/709 725/725/725 724/724/724
f 709/709/709 710/710/710 725/725/725
f 710/710/710 726/726/726 725/725/725
f 710/710/710 711/711/711 726/726/726
f 711/711/711 727/727/727 726/726/726
f 711/711/711 712/712/712 727/727/727
f 712/712/712 728/728/728 727/727/727
f 712/712/712 697/697/697 728/728/728
f 697/697/697 713/713/713 728/728/728
f 713/713/713 714/714/714 729/729/729
f 714/714/714 730/730/730 729/729/729
f 714/714/714 715/715/715 730/730/730
f 715/715/715 731/731/731 730/730/730
f 715/715/715 716/716/716 731/731/731
f 716/716/716 732/732/732 731/731/731
f 716/716/716 717/717/717 732/732/732
f 717/717/717 733/733/733 732/732/732
f 717/717/717 718/718/718 733/733/733
f 718/718/718 734/734/734 733/733/733
f 718/718/718 719/719/719 734/734/734
f 719/719/719 735/735/735 734/734/734
f 719/719/719 720/720/720 735/735/735
f 720/720/720 736/736/736 735/735/735
f 720/720/720 721/721/721 736/736/736
f 721/721/721 737/737/737 736/736/736
f 721/721/721 722/722/722 737/737/737
f 722/722/722 738/738/738 737/737/737
f 722/722/722 723/723/723 738/738/738
f 723/723/723 739/739/739 738/738/738
f 723/723/723 724/724/724 739/739/739
f 724/724/724 740/740/740 739/739/739
f 724/724/724 725/725/725 740/740/740
f 725/725/725 741/741/741 740/740/740
f 725/725/725 726/726/726 741/741/741
f 726/726/726 742/742/742 741/741/741
f 726/726/726 727/727/727 742/742/742
f 727/727/727 743/743/743 742/742/742
f 727/727/727 728/728/728 743/743/743
f 728/728/728 744/744/744 743/743/743
f 728/728/728 713/713/713 744/744/744
f 713/713/713 729/729/729 744/744/744
f 729/729/729 730/730/730 745/745/745
f 730/730/730 746/746/746 745/745/745
f 730/730/730 731/731/731 746/746/746
f 731/731/731 747/747/747 746/746/746
f 731/731/731 732/732/732 747/747/747
f 732/732/732 748/748/748 747/747/747
f 732/732/732 733/733/733 748/748/748
f 733/733/733 749/749/749 748/748/748
f 733/733/733 734/734/734 749/749/749
f 734/734/734 750/750/750 749/749/749
f 734/734/734 735/735/735 750/750/750
f 735/735/735 751/751/751 750/750/750
f 735/735/735 736/736/736 751/751/751
f 736/736/736 752/752/752 751/751/751
f 736/736/736 737/737/737 752/752/752
f 737/737/737 753/753/753 752/752/752
f 737/737/737 738/738/738 753/753/753
f 738/738/738 754/754/754 753/753/753
f 738/738/738 739/739/739 754/754/754
f 739/739/739 755/755/755 754/754/754
f 739/739/739 740/740/740 755/755/755
f 740/740/740 756/756/756 755/755/755
f 740/740/740 741/741/741 756/756/756
f 741/741/741 757/757/757 756/756/756
f 741/741/741 742/742/742 757/757/757
f 742/742/742 758/758/758 757/757/757
f 742/742/742 743/743/743 758/758/758
f 743/743/743 759/759/759 758/758/758
f 743/743/743 744/744/744 759/759/759
f 744/744/744 760/760/760 759/759/759
f 744/744/744 729/729/729 760/760/760
f 729/729/729 745/745/745 760/760/760
f 745/745/745 746/746/746 761/761/761
f 746/746/746 762/762/762 761/761/761
f 746/746/746 747/747/747 762/762/762
f 747/747/747 763/763/763 762/762/762
f 747/747/747 748/748/748 763/763/763
f 748/748/748 764/764/764 763/763/763
f 748/748/748 749/749/749 764/764/764
f 749/749/749 765/765/765 764/764/764
f 749/749/749 750/750/750 765/765/765
f 750/750/750 766/766/766 765/765/765
f 750/750/750 751/751/751 766/766/766
f 751/751/751 767/767/767 766/766/766
f 751/751/751 752/752/752 767/767/767
f 752/752/752 768/768/768 767/767/767
f 752/752/752 753/753/753 768/768/768
f 753/753/753 769/769/769 768/768/768
f 753/753/753 754/754/754 769/769/769
f 754/754/754 770/770/770 769/769/769
f 754/754/754 755/755/755 770/770/770
f 755/755/755 771/771/771 770/770/770
f 755/755/755 756/756/756 771/771/771
f 756/756/756 772/772/772 771/771/771
f 756/756/756 757/757/757 772/772/772
f 757/757/757 773/773/773 772/772/772
f 757/757/757 758/758/758 773/773/773
f 758/758/758 774/774/774 773/773/773
f 758/758/758 759/759/759 774/774/774
f 759/759/759 775/775/775 774/774/774
f 759/759/759 760/760/760 775/775/775
f 760/760/760 776/776/776 775/775/775
f 760/760/760 745/745/745 776/776/776
f 745/745/745 761/761/761 776/776/776
f 761/761/761 762/762/762 777/777/777
f 762/762/762 778/778/778 777/777/777
f 762/762/762 763/763/763 778/778/778
f 763/763/763 779/779/779 778/778/778
f 763/763/763 764/764/764 779/779/779
f 764/764/764 780/780/780 779/779/779
f 764/764/764 765/765/765 780/780/780
f 765/765/765 781/781/781 780/780/780
f 765/765/765 766/766/766 781/781/781
f 766/766/766 782/782/782 781/781/781
f 766/766/766 767/767/767 782/782/782
f 767/767/767 783/783/783 782/782/782
f 767/767/767 768/768/768 783/783/783
f 768/768/768 784/784/784 783/783/783
f 768/768/768 769/769/769 784/784/784
f 769/769/769 785/785/785 784/784/784
f 769/769/769 770/770/770 785/785/785
f 770/770/770 786/786/786 785/785/785
f 770/770/770 771/771/771 786/786/786
f 771/771/771 787/787/787 786/786/786
f 771/771/771 772/772/772 787/787/787
f 772/772/772 788/788/788 787/787/787
f 772/772/772 773/773/773 788/788/788
f 773/773/773 789/789/789 788/788/788
f 773/773/773 774/774/774 789/789/789
f 774/774/774 790/790/790 789/789/789
f 774/774/774 775/775/775 790/790/790
f 775/775/775 791/791/791 790/790/790
f 775/775/775 776/776/776 791/791/791
f 776/776/776 792/792/792 791/791/791
f 776/776/776 761/761/761 792/792/792
f 761/761/761 777/777/777 792/792/792
f 777/777/777 778/778/778 409/409/409
f 778/778/778 410/410/410 409/409/409
f 778/778/778 779/779/779 410/410/410
f 779/779/779 411/411/411 410/410/410
f 779/779/779 780/780/780 411/411/411
f 780/780/780 412/412/412 411/411/411
f 780/780/780 781/781/781 412/412/412
f 781/781/781 413/413/413 412/412/412
f 781/781/781 782/782/782 413/413/413
f 782/782/782 414/414/414 413/413/413
f 782/782/782 783/783/783 414/414/414
f 783/783/783 415/415/415 414/414/414
f 783/783/783 784/784/784 415/415/415
f 784/784/784 416/416/416 415/415/415
f 784/784/784 785/785/785 416/416/416
f 785/785/785 417/417/417 416/416/416
f 785/785/785 786/786/786 417/417/417
f 786/786/786 418/418/418 417/417/417
f 786/786/786 787/787/787 418/418/418
f 787/787/787 419/419/419 418/418/418
f 787/787/787 788/788/788 419/419/419
f 788/788/788 420/420/420 419/419/419
f 788/788/788 789/789/789 420/420/420
f 789/789/789 421/421/421 420/420/420
f 789/789/789 790/790/790 421/421/421
f 790/790/790 422/422/422 421/421/421
f 790/790/790 791/791/791 422/422/422
f 791/791/791 423/423/423 422/422/422
f 791/791/791 792/792/792 423/423/423
f 792/792/792 424/424/424 423/423/423
f 792/792/792 777/777/777 424/424/424
f 777/777/777 409/409/409 424/424/424
