# Poly-Spinor Nexus 7D Avatar
# Vault: vault_00026
# Avatar ID: 957b6f36daac5b5f
# Type: hybrid_form
# Rarity: mythical (91.0)
# Generated: 2026-01-07T02:39:58.962322

v -1.197073 -0.061924 0.727176
v -1.197073 -0.061924 0.727176
v -1.197073 -0.061924 0.727176
v -1.197073 -0.061924 0.727176
v -1.197073 -0.061924 0.727176
v -1.197073 -0.061924 0.727176
v -1.197073 -0.061924 0.727176
v -1.197073 -0.061924 0.727176
v -1.197073 -0.061924 0.727176
v -1.197073 -0.061924 0.727176
v -1.197073 -0.061924 0.727176
v -1.197073 -0.061924 0.727176
v -1.197073 -0.061924 0.727176
v -1.197073 -0.061924 0.727176
v -1.197073 -0.061924 0.727176
v -1.197073 -0.061924 0.727176
v -1.197073 -0.061924 0.727176
v -1.197073 -0.061924 0.727176
v -1.197073 -0.061924 0.727176
v -1.197073 -0.061924 0.727176
v -1.197073 -0.061924 0.727176
v -1.197073 -0.061924 0.727176
v -1.197073 -0.061924 0.727176
v -1.197073 -0.061924 0.727176
v -1.394648 -0.230591 1.243812
v -1.283837 -0.144194 1.167585
v -1.037774 -0.056628 0.937926
v -0.796676 0.001926 0.697623
v -0.705609 0.037736 0.584586
v -0.835121 0.078963 0.640896
v -1.135786 0.139771 0.793304
v -1.456022 0.200836 0.913517
v -1.622563 0.226113 0.90751
v -1.543665 0.198195 0.769014
v -1.272084 0.135665 0.568582
v -0.981184 0.074563 0.400072
v -0.860812 0.03306 0.328693
v -0.996202 -0.004085 0.368652
v -1.31037 -0.06484 0.488481
v -1.610926 -0.154048 0.628294
v -1.711594 -0.24014 0.721244
v -1.547902 -0.280338 0.72129
v -1.212358 -0.261239 0.633102
v -0.891168 -0.214556 0.523636
v -0.749206 -0.190582 0.493374
v -0.837705 -0.212945 0.611783
v -1.07606 -0.257133 0.857825
v -1.308456 -0.273124 1.116078
v -1.160555 -0.379654 1.505048
v -1.053647 -0.210386 1.417038
v -0.838594 -0.049155 1.112632
v -0.632337 0.0489 0.788366
v -0.562525 0.108088 0.629915
v -0.705071 0.194646 0.681043
v -1.03085 0.336095 0.828947
v -1.398719 0.481082 0.907865
v -1.620305 0.54161 0.826661
v -1.574362 0.47579 0.618271
v -1.298208 0.32804 0.388138
v -0.981405 0.186321 0.225434
v -0.849337 0.099447 0.15703
v -1.009817 0.037528 0.165992
v -1.37331 -0.065265 0.231014
v -1.709158 -0.230135 0.336256
v -1.799898 -0.398915 0.450925
v -1.582853 -0.483229 0.522627
v -1.181053 -0.450515 0.514699
v -0.811105 -0.360657 0.459202
v -0.643091 -0.313836 0.461358
v -0.70996 -0.35761 0.625966
v -0.913695 -0.442461 0.955508
v -1.102985 -0.468772 1.313814
v -0.659127 -0.397197 1.309291
v -0.628814 -0.220974 1.321287
v -0.607187 -0.039794 1.24458
v -0.609122 0.12139 1.127382
v -0.651357 0.262024 1.016921
v -0.74539 0.394449 0.926311
v -0.8863 0.519503 0.832733
v -1.045974 0.614946 0.705745
v -1.181422 0.649398 0.538615
v -1.258311 0.608549 0.355651
v -1.274443 0.507809 0.192777
v -1.26311 0.378852 0.072715
v -1.269605 0.243398 -0.002422
v -1.31634 0.100084 -0.038652
v -1.383474 -0.063181 -0.035331
v -1.421267 -0.244849 0.014722
v -1.385447 -0.419079 0.111762
v -1.268575 -0.550817 0.240027
v -1.10436 -0.622478 0.376516
v -0.944049 -0.645927 0.510685
v -0.825024 -0.647469 0.653581
v -0.75455 -0.640218 0.823123
v -0.716217 -0.610785 1.016472
v -0.68846 -0.533339 1.196499
v -0.252387 -0.316196 0.912121
v -0.267523 -0.194035 1.060698
v -0.352446 -0.028904 1.3287
v -0.484362 0.22378 1.526798
v -0.621286 0.496368 1.487698
v -0.70613 0.668168 1.199566
v -0.70769 0.682947 0.804518
v -0.666422 0.605291 0.472101
v -0.688433 0.557569 0.268711
v -0.869463 0.599174 0.137334
v -1.201703 0.668063 -0.009991
v -1.54869 0.642784 -0.189613
v -1.726218 0.46308 -0.33407
v -1.635319 0.189105 -0.370856
v -1.340472 -0.05867 -0.300318
v -1.025285 -0.216865 -0.18867
v -0.858766 -0.334464 -0.087653
v -0.879278 -0.509438 0.026771
v -0.985228 -0.77052 0.223864
v -1.029436 -1.024985 0.523158
v -0.931664 -1.129077 0.838339
v -0.721038 -1.015694 1.031633
v -0.491215 -0.755637 1.038373
v -0.324558 -0.492726 0.941372
v -0.052741 -0.302468 0.782333
v -0.047083 -0.193047 0.978703
v -0.084161 -0.016902 1.361759
v -0.182562 0.3025 1.656063
v -0.330616 0.65862 1.620399
v -0.460574 0.859591 1.245841
v -0.501883 0.820145 0.745386
v -0.469037 0.652479 0.356086
v -0.483897 0.561496 0.14614
v -0.683814 0.646008 0.00197
v -1.082781 0.802644 -0.212376
v -1.516819 0.82777 -0.495654
v -1.743327 0.616059 -0.708823
v -1.625419 0.259031 -0.722863
v -1.245956 -0.051904 -0.553764
v -0.848642 -0.217196 -0.342877
v -0.652319 -0.320532 -0.206227
v -0.694196 -0.52668 -0.114984
v -0.828234 -0.888951 0.062609
v -0.865876 -1.262969 0.397886
v -0.727449 -1.419593 0.790161
v -0.479263 -1.251322 1.035317
v -0.247336 -0.87145 1.02037
v -0.107414 -0.509002 0.85248
v 0.153753 -0.462821 1.085021
v 0.184482 -0.25392 1.201165
v 0.187359 -0.004251 1.342486
v 0.136825 0.306718 1.401102
v 0.022268 0.620204 1.286983
v -0.130222 0.841836 1.00706
v -0.27679 0.925826 0.657609
v -0.398743 0.914766 0.340584
v -0.523424 0.89413 0.085809
v -0.695608 0.905822 -0.148875
v -0.922249 0.90638 -0.406599
v -1.144805 0.811269 -0.665746
v -1.271965 0.581213 -0.846897
v -1.249122 0.264964 -0.883993
v -1.103559 -0.043143 -0.785929
v -0.923433 -0.287299 -0.625522
v -0.78795 -0.491192 -0.467621
v -0.709958 -0.715068 -0.310528
v -0.639411 -0.97322 -0.101053
v -0.519537 -1.197005 0.192551
v -0.341284 -1.283718 0.526373
v -0.148173 -1.185817 0.80484
v 0.006048 -0.953774 0.963155
v 0.101092 -0.690633 1.0267
v 0.548768 -0.700737 1.491755
v 0.549786 -0.337295 1.489026
v 0.451678 0.008563 1.271622
v 0.321398 0.256495 0.992916
v 0.210665 0.448638 0.791637
v 0.107621 0.68487 0.677476
v -0.041059 0.995927 0.54456
v -0.259835 1.285052 0.294386
v -0.500028 1.400876 -0.055801
v -0.671937 1.272637 -0.385072
v -0.726275 0.975284 -0.585196
v -0.704578 0.660401 -0.661646
v -0.704504 0.421066 -0.717258
v -0.788086 0.22307 -0.836358
v -0.918753 -0.032724 -0.987892
v -0.9882 -0.38363 -1.046744
v -0.909719 -0.744677 -0.912942
v -0.691858 -0.97745 -0.609475
v -0.426016 -1.020089 -0.26083
v -0.204036 -0.947272 0.025441
v -0.046407 -0.897651 0.2538
v 0.09325 -0.938316 0.515594
v 0.2592 -0.999445 0.868926
v 0.434026 -0.94353 1.246837
v 0.979102 -0.803528 1.543368
v 0.930506 -0.366321 1.5006
v 0.69864 0.021048 1.15189
v 0.445817 0.22985 0.753475
v 0.303799 0.35605 0.530432
v 0.261522 0.599147 0.481538
v 0.196249 1.027756 0.410585
v 0.013033 1.472143 0.146818
v -0.249572 1.658533 -0.26961
v -0.453966 1.458074 -0.623152
v -0.502391 1.006708 -0.741305
v -0.438664 0.578052 -0.672902
v -0.407728 0.334614 -0.642706
v -0.510655 0.201034 -0.823519
v -0.69864 -0.021048 -1.15189
v -0.812359 -0.418828 -1.372967
v -0.72953 -0.855005 -1.273758
v -0.47654 -1.091753 -0.877448
v -0.196249 -1.027756 -0.410585
v -0.007153 -0.807902 -0.080573
v 0.103929 -0.690664 0.112274
v 0.249133 -0.800181 0.341981
v 0.502391 -1.006708 0.741305
v 0.799325 -1.053315 1.226149
v 1.122754 -0.671045 1.143081
v 1.092458 -0.309223 1.159374
v 0.918753 0.032724 0.987892
v 0.712875 0.276746 0.755109
v 0.570829 0.467269 0.572851
v 0.499098 0.705121 0.439668
v 0.426016 1.020089 0.26083
v 0.282838 1.313124 -0.035267
v 0.073958 1.430568 -0.404476
v -0.129264 1.300709 -0.714725
v -0.2592 0.999445 -0.868926
v -0.313101 0.680651 -0.899453
v -0.34434 0.439697 -0.936044
v -0.396609 0.24332 -1.074166
v -0.451678 -0.008563 -1.271622
v -0.445527 -0.355558 -1.376397
v -0.335733 -0.714985 -1.261616
v -0.149185 -0.949378 -0.939128
v 0.041059 -0.995927 -0.54456
v 0.187442 -0.927021 -0.212366
v 0.313757 -0.87902 0.035014
v 0.484727 -0.918065 0.277786
v 0.726275 -0.975284 0.585196
v 0.976698 -0.915458 0.917185
v 0.9255 -0.422899 0.616215
v 0.998538 -0.21181 0.706657
v 1.103559 0.043143 0.785929
v 1.155169 0.359396 0.782497
v 1.082922 0.675071 0.642677
v 0.888123 0.894514 0.388455
v 0.639411 0.97322 0.101053
v 0.415313 0.956876 -0.153924
v 0.248323 0.934052 -0.382997
v 0.118448 0.947933 -0.643383
v -0.006048 0.953774 -0.963155
v -0.126461 0.863948 -1.28435
v -0.211311 0.63608 -1.491203
v -0.230777 0.317642 -1.502598
v -0.187359 0.004251 -1.342486
v -0.109377 -0.245188 -1.12003
v -0.016203 -0.45127 -0.936428
v 0.104098 -0.672957 -0.805036
v 0.27679 -0.925826 -0.657609
v 0.498808 -1.144327 -0.426054
v 0.719369 -1.228851 -0.117933
v 0.870171 -1.133139 0.186235
v 0.922249 -0.90638 0.406599
v 0.915148 -0.648522 0.532192
v 0.739897 -0.261466 0.300836
v 0.902979 -0.143901 0.401577
v 1.245956 0.051904 0.553764
v 1.527609 0.390966 0.6172
v 1.536979 0.755229 0.485908
v 1.249597 0.948057 0.206978
v 0.828234 0.888951 -0.062609
v 0.481025 0.701625 -0.22104
v 0.308742 0.602499 -0.335358
v 0.266248 0.695155 -0.575156
v 0.247336 0.87145 -1.02037
v 0.193352 0.916236 -1.534517
v 0.124268 0.712668 -1.843315
v 0.084752 0.347497 -1.761726
v 0.084161 0.016902 -1.361759
v 0.10142 -0.16805 -0.920003
v 0.140319 -0.279529 -0.687724
v 0.255866 -0.477534 -0.69211
v 0.501883 -0.820145 -0.745386
v 0.844296 -1.174503 -0.640977
v 1.140146 -1.322984 -0.34433
v 1.230908 -1.162856 -0.003546
v 1.082781 -0.802644 0.212376
v 0.842648 -0.459856 0.275354
v 0.947337 -0.254135 0.183335
v 1.076653 -0.124502 0.244162
v 1.340472 0.05867 0.300318
v 1.557297 0.329394 0.286569
v 1.564826 0.609454 0.15972
v 1.335528 0.773782 -0.040662
v 0.985228 0.77052 -0.223864
v 0.677755 0.674824 -0.344434
v 0.511291 0.61963 -0.460075
v 0.474713 0.668707 -0.679201
v 0.491215 0.755637 -1.038373
v 0.492969 0.748398 -1.429842
v 0.459894 0.576166 -1.662048
v 0.406339 0.294719 -1.611085
v 0.352446 0.028904 -1.3287
v 0.318891 -0.147331 -1.005205
v 0.340958 -0.272403 -0.816439
v 0.464898 -0.439905 -0.789764
v 0.70769 -0.682947 -0.804518
v 1.012222 -0.919371 -0.717071
v 1.254448 -1.015991 -0.489639
v 1.32062 -0.91008 -0.208596
v 1.201703 -0.668063 0.009991
v 1.019618 -0.423193 0.124837
v 1.491537 -0.285945 0.002846
v 1.474986 -0.112146 0.04331
v 1.383474 0.063181 0.035331
v 1.268399 0.218513 -0.013139
v 1.1793 0.356722 -0.095133
v 1.132131 0.491572 -0.21421
v 1.10436 0.622478 -0.376516
v 1.057826 0.723774 -0.572233
v 0.969242 0.76065 -0.767831
v 0.845489 0.717377 -0.922326
v 0.716217 0.610785 -1.016472
v 0.614411 0.475975 -1.067806
v 0.561052 0.338096 -1.114475
v 0.56118 0.197207 -1.179173
v 0.607187 0.039794 -1.24458
v 0.682534 -0.13602 -1.263255
v 0.765217 -0.307827 -1.194683
v 0.835225 -0.441989 -1.03795
v 0.8863 -0.519503 -0.832733
v 0.933472 -0.548804 -0.629836
v 1.005633 -0.552771 -0.458472
v 1.12297 -0.543095 -0.317398
v 1.274443 -0.507809 -0.192777
v 1.41534 -0.424511 -0.081478
v 1.893283 -0.221681 -0.350041
v 1.753595 -0.065169 -0.288252
v 1.37331 0.065265 -0.231014
v 0.984228 0.132524 -0.193635
v 0.807444 0.178955 -0.202287
v 0.911495 0.27827 -0.300957
v 1.181053 0.450515 -0.514699
v 1.408523 0.626298 -0.797425
v 1.433533 0.699583 -1.028428
v 1.232879 0.621007 -1.08702
v 0.913695 0.442461 -0.955508
v 0.63516 0.269945 -0.756567
v 0.520631 0.170315 -0.675172
v 0.606748 0.121152 -0.816009
v 0.838594 0.049155 -1.112632
v 1.098083 -0.084918 -1.369034
v 1.253941 -0.240942 -1.404164
v 1.224388 -0.338013 -1.182664
v 1.03085 -0.336095 -0.828947
v 0.80546 -0.277034 -0.522799
v 0.726877 -0.242969 -0.370844
v 0.906605 -0.273986 -0.356035
v 1.298208 -0.32804 -0.388138
v 1.704256 -0.323556 -0.391477
v 1.757889 -0.067513 -0.671232
v 1.633099 0.006697 -0.604341
v 1.31037 0.06484 -0.488481
v 0.982676 0.093971 -0.383264
v 0.838142 0.117593 -0.353183
v 0.944231 0.171008 -0.439992
v 1.212358 0.261239 -0.633102
v 1.460914 0.351727 -0.858409
v 1.529974 0.389192 -1.007534
v 1.373271 0.349086 -1.002911
v 1.07606 0.257133 -0.857825
v 0.798168 0.166608 -0.680815
v 0.682939 0.112917 -0.609076
v 0.78315 0.087959 -0.712235
v 1.037774 0.056628 -0.937926
v 1.30601 -0.003157 -1.143631
v 1.440943 -0.077061 -1.1938
v 1.369034 -0.129447 -1.050636
v 1.135786 -0.139771 -0.793304
v 0.888184 -0.122511 -0.557252
v 0.794545 -0.110724 -0.444394
v 0.941647 -0.120901 -0.469104
v 1.272084 -0.135665 -0.568582
v 1.608479 -0.122233 -0.655848
v 1.197073 0.061924 -0.727176
v 1.197073 0.061924 -0.727176
v 1.197073 0.061924 -0.727176
v 1.197073 0.061924 -0.727176
v 1.197073 0.061924 -0.727176
v 1.197073 0.061924 -0.727176
v 1.197073 0.061924 -0.727176
v 1.197073 0.061924 -0.727176
v 1.197073 0.061924 -0.727176
v 1.197073 0.061924 -0.727176
v 1.197073 0.061924 -0.727176
v 1.197073 0.061924 -0.727176
v 1.197073 0.061924 -0.727176
v 1.197073 0.061924 -0.727176
v 1.197073 0.061924 -0.727176
v 1.197073 0.061924 -0.727176
v 1.197073 0.061924 -0.727176
v 1.197073 0.061924 -0.727176
v 1.197073 0.061924 -0.727176
v 1.197073 0.061924 -0.727176
v 1.197073 0.061924 -0.727176
v 1.197073 0.061924 -0.727176
v 1.197073 0.061924 -0.727176
v 1.197073 0.061924 -0.727176
v -1.038172 -0.07254 2.339387
v -0.942725 -1.119827 2.617833
v -1.697438 -0.777663 1.583021
v -1.501703 0.062659 2.09604
v -1.154417 -0.831622 2.633459
v -1.80552 -0.874192 1.51612
v -1.747127 0.170983 1.582007
v -1.122353 -0.481076 2.376525
v -1.532341 -0.950904 1.45109
v -1.627788 0.096383 1.172644
v -0.873075 -0.245781 2.207456
v -1.06881 -1.086103 1.694438
v -1.416096 -0.191822 1.157019
v -0.764994 -0.149253 2.274358
v -0.823386 -1.194427 2.208471
v -1.448161 -0.542369 1.413953
v -1.01265 0.195587 2.404234
v -0.917624 -0.85612 2.681611
v -1.673536 -0.526546 1.643754
v -1.479594 0.294934 2.152216
v -1.134423 -0.621572 2.68426
v -1.787641 -0.686367 1.561545
v -1.731043 0.339966 1.622875
v -1.107466 -0.324683 2.414348
v -1.517876 -0.798932 1.487845
v -1.612902 0.252776 1.210468
v -0.85699 -0.076799 2.248325
v -1.050932 -0.898279 1.739863
v -1.396103 0.018227 1.207819
v -0.742884 0.083022 2.330534
v -0.799483 -0.943311 2.269204
v -1.423059 -0.278662 1.477731
v -1.033264 0.481877 2.39468
v -0.937897 -0.574551 2.672214
v -1.692841 -0.258419 1.634806
v -1.497451 0.542943 2.143939
v -1.150572 -0.397294 2.676775
v -1.802081 -0.48582 1.554852
v -1.744034 0.520395 1.616854
v -1.11949 -0.157696 2.408775
v -1.529559 -0.636666 1.482429
v -1.624925 0.419762 1.204895
v -0.869981 0.103631 2.242304
v -1.065372 -0.697732 1.73317
v -1.412251 0.242506 1.200335
v -0.760741 0.331031 2.322257
v -0.818789 -0.675184 2.260255
v -1.443333 0.002907 1.468334
v -1.098608 0.766819 2.311375
v -1.002164 -0.294307 2.590283
v -1.75404 0.008445 1.556786
v -1.554058 0.789784 2.071773
v -1.201762 -0.174072 2.611514
v -1.847855 -0.286217 1.496497
v -1.785216 0.699975 1.564353
v -1.157603 0.008505 2.360186
v -1.566596 -0.475163 1.435213
v -1.663039 0.585963 1.156305
v -0.911163 0.283211 2.189802
v -1.111145 -0.498128 1.674815
v -1.463441 0.465728 1.135074
v -0.817348 0.577873 2.250091
v -0.879987 -0.408319 2.182236
v -1.5076 0.283151 1.386403
v -1.204229 1.030995 2.159998
v -1.106044 -0.034487 2.441401
v -1.852961 0.255862 1.415012
v -1.645556 1.018637 1.940637
v -1.284505 0.032882 2.492926
v -1.921843 -0.10116 1.390456
v -1.851782 0.866467 1.46895
v -1.21921 0.162593 2.27189
v -1.626461 -0.325431 1.349414
v -1.724646 0.740051 1.06801
v -0.97773 0.449703 2.094399
v -1.185134 -0.313072 1.568775
v -1.546185 0.672682 1.016486
v -0.908847 0.806725 2.118955
v -0.978908 -0.160903 2.040462
v -1.61148 0.542972 1.237521
v -1.342931 1.256403 1.950863
v -1.242459 0.187204 2.235715
v -1.982863 0.466969 1.219146
v -1.765712 1.213904 1.759466
v -1.393163 0.209465 2.329091
v -2.019004 0.056738 1.243957
v -1.939196 1.008526 1.337146
v -1.300112 0.294068 2.149906
v -1.705076 -0.197672 1.230878
v -1.805548 0.871527 0.946026
v -1.065144 0.591762 1.962596
v -1.282295 -0.155173 1.422275
v -1.654843 0.849265 0.85265
v -1.029002 1.001992 1.937785
v -1.10881 0.050204 1.844595
v -1.747894 0.764662 1.031835
v -1.50526 1.427679 1.698224
v -1.402111 0.355657 1.987241
v -2.134893 0.627379 0.982534
v -1.906335 1.362278 1.540608
v -1.520331 0.343643 2.131174
v -2.132716 0.176719 1.066982
v -2.041501 1.116471 1.177924
v -1.394795 0.393971 2.002547
v -1.797082 -0.100594 1.087684
v -1.900231 0.971429 0.798667
v -1.167449 0.699706 1.803374
v -1.396007 -0.035193 1.2453
v -1.782011 0.983443 0.654734
v -1.169625 1.150367 1.718926
v -1.26084 0.210615 1.607984
v -1.907547 0.933115 0.783361
v -1.680153 1.533154 1.419296
v -1.574121 0.459392 1.712913
v -2.298691 0.726162 0.721303
v -2.057843 1.453649 1.298977
v -1.657342 0.426271 1.912664
v -2.25523 0.250604 0.871592
v -2.151725 1.182944 1.002135
v -1.496807 0.455492 1.839855
v -1.89621 -0.040812 0.929591
v -2.002242 1.03295 0.635975
v -1.277672 0.76618 1.627585
v -1.518521 0.038692 1.04991
v -1.919021 1.066071 0.436223
v -1.321133 1.241738 1.477295
v -1.424638 0.309398 1.346752
v -2.079557 1.03685 0.509032
v -1.855693 1.565638 1.13309
v -1.746766 0.49134 1.431425
v -2.463094 0.756585 0.453253
v -2.20991 1.48179 1.05104
v -1.794859 0.451719 1.688451
v -2.378197 0.273359 0.671103
v -2.262356 1.203417 0.821758
v -1.599195 0.474439 1.672917
v -1.995705 -0.0224 0.767372
v -2.104631 1.051897 0.469036
v -1.388303 0.786652 1.447208
v -1.641487 0.061448 0.849421
v -2.056539 1.091519 0.21201
v -1.473201 1.269878 1.229359
v -1.589041 0.339821 1.078703
v -2.252202 1.068799 0.227545
v -2.019916 1.522918 0.859108
v -1.908282 0.449325 1.161961
v -2.616899 0.716575 0.196654
v -2.352175 1.444782 0.813694
v -1.923511 0.418252 1.473815
v -2.493236 0.243433 0.479177
v -2.365855 1.176493 0.649086
v -1.694983 0.449521 1.513109
v -2.088785 -0.046614 0.612081
v -2.200419 1.026979 0.309229
v -1.491802 0.759729 1.274536
v -1.756526 0.031522 0.657496
v -2.18519 1.058052 -0.002625
v -1.615465 1.232871 0.992012
v -1.742846 0.299811 0.822103
v -2.413718 1.026783 -0.041919
v -2.161632 1.407905 0.616023
v -2.047661 0.336208 0.922884
v -2.749623 0.608859 -0.031009
v -2.474941 1.345148 0.603113
v -2.03453 0.328152 1.283383
v -2.592508 0.162866 0.308895
v -2.455169 1.104008 0.495886
v -1.777643 0.382437 1.371322
v -2.169108 -0.111802 0.474303
v -2.283079 0.959895 0.167442
v -1.581116 0.687244 1.121335
v -1.855798 -0.049045 0.487213
v -2.296209 0.967951 -0.193057
v -1.738231 1.133237 0.781431
v -1.875571 0.192095 0.59444
v -2.553096 0.913666 -0.280997
v -2.271181 1.228437 0.4204
v -2.155404 0.1597 0.730486
v -2.852223 0.440777 -0.214222
v -2.569842 1.189678 0.433647
v -2.12035 0.187557 1.130133
v -2.669248 0.037149 0.171861
v -2.52421 0.990902 0.372598
v -1.841541 0.277757 1.25722
v -2.231199 -0.213523 0.363426
v -2.346977 0.855215 0.05334
v -1.650157 0.574137 0.998048
v -1.932538 -0.174763 0.350179
v -2.38203 0.827357 -0.346307
v -1.833133 0.977766 0.611965
v -1.97817 0.024013 0.411228
v -2.66084 0.737158 -0.473394
v -2.341099 0.996745 0.285571
v -2.224169 -0.068172 0.597881
v -2.917705 0.223784 -0.340497
v -2.630411 0.988966 0.316847
v -2.175124 0.006051 1.024509
v -2.718226 -0.125153 0.077412
v -2.568275 0.844882 0.287624
v -1.882322 0.142616 1.178577
v -2.270828 -0.344844 0.287006
v -2.387758 0.720074 -0.025303
v -1.694222 0.428117 0.913074
v -1.981516 -0.337064 0.25573
v -2.436804 0.645851 -0.451932
v -1.893702 0.777054 0.495165
v -2.043653 -0.19298 0.284953
v -2.729605 0.509286 -0.606
v -2.366621 0.728618 0.220724
v -2.24927 -0.331879 0.534103
v -2.941608 -0.027333 -0.40123
v -2.652521 0.756691 0.260671
v -2.195118 -0.203999 0.973708
v -2.736104 -0.312977 0.031987
v -2.58436 0.675899 0.246756
v -1.897209 -0.013777 1.140753
v -2.285294 -0.496816 0.250251
v -2.402645 0.563681 -0.063127
v -1.710307 0.259135 0.872205
v -1.999395 -0.524889 0.210305
v -2.456797 0.435801 -0.502732
v -1.915811 0.544779 0.438989
v -2.067555 -0.444097 0.22422
v -2.754706 0.245579 -0.669777
v -2.346008 0.442328 0.230279
v -2.228997 -0.613448 0.5435
v -2.922302 -0.295459 -0.392281
v -2.634663 0.508682 0.268948
v -2.178969 -0.428277 0.981193
v -2.721664 -0.513524 0.03868
v -2.571368 0.49547 0.252777
v -1.885185 -0.180764 1.146326
v -2.27361 -0.659082 0.255667
v -2.390621 0.396694 -0.057554
v -1.697316 0.078706 0.878227
v -1.984955 -0.725436 0.216998
v -2.440649 0.211523 -0.495247
v -1.897954 0.29677 0.447266
v -2.04825 -0.712224 0.233168
v -2.734433 -0.03599 -0.660381
v -2.280664 0.157386 0.313583
v -2.16473 -0.893692 0.625431
v -2.861104 -0.562324 -0.314262
v -2.578057 0.26184 0.341113
v -2.127779 -0.651499 1.046453
v -2.67589 -0.713128 0.097035
v -2.530186 0.31589 0.305278
v -1.847072 -0.346965 1.194916
v -2.236574 -0.820585 0.302883
v -2.352508 0.230493 -0.008965
v -1.656134 -0.100874 0.930728
v -1.939181 -0.925039 0.275353
v -2.389458 -0.011699 -0.429987
v -1.841347 0.049929 0.519431
v -1.987051 -0.979089 0.311188
v -2.670166 -0.316234 -0.57845
v -2.175042 -0.10679 0.464961
v -2.06085 -1.153513 0.774312
v -2.762183 -0.809741 -0.172488
v -2.486558 0.032988 0.47225
v -2.045035 -0.858454 1.165042
v -2.601902 -0.898184 0.203076
v -2.46362 0.149398 0.400682
v -1.785465 -0.501053 1.283211
v -2.176709 -0.970317 0.388682
v -2.290901 0.076405 0.079331
v -1.589567 -0.267367 1.026131
v -1.865192 -1.110096 0.381394
v -2.306715 -0.218654 -0.311398
v -1.749848 -0.178923 0.650568
v -1.88813 -1.226505 0.452962
v -2.566286 -0.576054 -0.429568
v -2.03634 -0.332197 0.674096
v -1.924435 -1.375203 0.979999
v -2.632281 -1.020847 0.023379
v -2.366403 -0.162279 0.65342
v -1.936377 -1.035037 1.328877
v -2.504741 -1.056083 0.349575
v -2.376206 0.007339 0.532485
v -1.704563 -0.632528 1.405195
v -2.098094 -1.098076 0.507218
v -2.209999 -0.05507 0.201315
v -1.502153 -0.409426 1.157935
v -1.768031 -1.267994 0.527893
v -2.198057 -0.395237 -0.147563
v -1.629693 -0.37419 0.831738
v -1.758228 -1.437612 0.648828
v -2.429871 -0.797745 -0.223881
v -1.874012 -0.503474 0.926735
v -1.764783 -1.543656 1.228473
v -2.480251 -1.181258 0.25999
v -2.22578 -0.310654 0.872278
v -1.80921 -1.169214 1.526793
v -2.391029 -1.176063 0.52655
v -2.273901 -0.100606 0.691707
v -1.60988 -0.732431 1.552554
v -2.006087 -1.195154 0.650412
v -2.115316 -0.154972 0.348674
v -1.399848 -0.51737 1.317156
v -1.654319 -1.387975 0.704869
v -2.070889 -0.529414 0.050353
v -1.48907 -0.522565 1.050596
v -1.606198 -1.598023 0.88544
v -2.270219 -0.966198 0.024592
v -1.699118 -0.608949 1.205662
v -1.592773 -1.647391 1.502801
v -2.316453 -1.280041 0.521222
v -2.074272 -0.402025 1.113909
v -1.672199 -1.251842 1.745304
v -2.268515 -1.249948 0.72194
v -2.163677 -0.167079 0.867496
v -1.507868 -0.793952 1.715247
v -1.906959 -1.254936 0.808505
v -2.013304 -0.216493 0.511366
v -1.289625 -0.583844 1.492946
v -1.531806 -1.46186 0.900258
v -1.933878 -0.612042 0.268864
v -1.337562 -0.613936 1.292227
v -1.4424 -1.696805 1.146671
v -2.098209 -1.069933 0.298921
v -1.523578 -0.641433 1.491869
v -1.420127 -1.67934 1.784289
v -2.15205 -1.310464 0.789271
v -1.922204 -0.430165 1.361846
v -1.534682 -1.27729 1.969517
v -2.145549 -1.272704 0.922429
v -2.053046 -0.187552 1.047873
v -1.40548 -0.812899 1.882185
v -1.807465 -1.273348 0.970724
v -1.910916 -0.235441 0.678305
v -1.178994 -0.604316 1.673322
v -1.408839 -1.484615 1.100747
v -1.796361 -0.63749 0.493077
v -1.185494 -0.642077 1.540164
v -1.277997 -1.727229 1.414721
v -1.925563 -1.101881 0.580408
v -1.359355 -0.598713 1.765851
v -1.258612 -1.637324 2.053753
v -1.998245 -1.270454 1.045871
v -1.779939 -0.393157 1.599193
v -1.40603 -1.243823 2.184153
v -2.03051 -1.242778 1.114355
v -1.949547 -0.160628 1.220545
v -1.309692 -0.787981 2.041993
v -1.714385 -1.249134 1.126015
v -1.815128 -0.210523 0.838112
v -1.075495 -0.577392 1.845995
v -1.2938 -1.454689 1.292673
v -1.66771 -0.604023 0.707712
v -1.04323 -0.605069 1.777511
v -1.124192 -1.687219 1.67132
v -1.764048 -1.059866 0.849873
v -1.21764 -0.4837 2.008936
v -1.119233 -1.524207 2.29283
v -1.86552 -1.162738 1.273534
v -1.657174 -0.293523 1.809774
v -1.295011 -1.153723 2.374584
v -1.931237 -1.162211 1.284637
v -1.860234 -0.088143 1.373745
v -1.227032 -0.720896 2.183779
v -1.634062 -1.183946 1.263793
v -1.732468 -0.143438 0.979899
v -0.986181 -0.504908 1.999195
v -1.194528 -1.374122 1.462955
v -1.55669 -0.513923 0.898144
v -0.920464 -0.505435 1.988092
v -0.991468 -1.579502 1.898983
v -1.624669 -0.946749 1.08895
v -1.10809 -0.304232 2.204558
v -1.01149 -1.347699 2.485227
v -1.762921 -0.994656 1.456746
v -1.562272 -0.138053 1.979239
v -1.20919 -1.013129 2.527834
v -1.854497 -1.036493 1.421671
v -1.791192 0.024963 1.497033
v -1.163134 -0.616217 2.297882
v -1.57197 -1.082225 1.37467
v -1.66857 -0.038759 1.094001
v -0.917139 -0.391801 2.122483
v -1.117788 -1.248404 1.599989
v -1.47087 -0.373329 1.051394
v -0.825563 -0.349964 2.157557
v -0.888868 -1.411421 2.082195
v -1.516926 -0.770241 1.281347

vt 0.0082 0.3264
vt 0.0082 0.3264
vt 0.0082 0.3264
vt 0.0082 0.3264
vt 0.0082 0.3264
vt 0.0082 0.3264
vt 0.0082 0.3264
vt 0.0082 0.3264
vt 0.0082 0.3264
vt 0.0082 0.3264
vt 0.0082 0.3264
vt 0.0082 0.3264
vt 0.0082 0.3264
vt 0.0082 0.3264
vt 0.0082 0.3264
vt 0.0082 0.3264
vt 0.0082 0.3264
vt 0.0082 0.3264
vt 0.0082 0.3264
vt 0.0082 0.3264
vt 0.0082 0.3264
vt 0.0082 0.3264
vt 0.0082 0.3264
vt 0.0082 0.3264
vt 0.0261 0.2703
vt 0.0178 0.2661
vt 0.0087 0.2663
vt 0.9996 0.2711
vt 0.9915 0.28
vt 0.985 0.2923
vt 0.9805 0.3071
vt 0.9782 0.323
vt 0.978 0.339
vt 0.9797 0.3539
vt 0.9831 0.3669
vt 0.9879 0.3771
vt 0.9939 0.384
vt 0.0007 0.3872
vt 0.0079 0.3865
vt 0.0152 0.3821
vt 0.0222 0.3742
vt 0.0285 0.3632
vt 0.0338 0.3498
vt 0.0376 0.3348
vt 0.0396 0.3192
vt 0.0396 0.3039
vt 0.0373 0.2901
vt 0.0328 0.2785
vt 0.0503 0.217
vt 0.0314 0.2065
vt 0.0093 0.2058
vt 0.9877 0.2156
vt 0.9698 0.2349
vt 0.9571 0.2614
vt 0.9498 0.2922
vt 0.9473 0.3248
vt 0.9487 0.3565
vt 0.9533 0.3855
vt 0.9606 0.4102
vt 0.9701 0.4293
vt 0.9814 0.4422
vt 0.9941 0.4482
vt 0.0076 0.447
vt 0.0213 0.4387
vt 0.0347 0.4236
vt 0.0472 0.4026
vt 0.058 0.3769
vt 0.0666 0.348
vt 0.0723 0.3177
vt 0.0743 0.2877
vt 0.0718 0.2596
vt 0.064 0.2354
vt 0.0863 0.1691
vt 0.0538 0.1487
vt 0.0104 0.1447
vt 0.9687 0.1603
vt 0.9391 0.1923
vt 0.9225 0.2351
vt 0.9156 0.2832
vt 0.9154 0.3323
vt 0.92 0.379
vt 0.9283 0.4207
vt 0.9397 0.4556
vt 0.9536 0.4825
vt 0.9699 0.5006
vt 0.9879 0.5093
vt 0.0073 0.5081
vt 0.0272 0.4968
vt 0.0467 0.4755
vt 0.0652 0.4453
vt 0.0817 0.4081
vt 0.0955 0.3663
vt 0.1059 0.3226
vt 0.112 0.2791
vt 0.1124 0.2378
vt 0.1049 0.2003
vt 0.1428 0.1329
vt 0.0999 0.0961
vt 0.013 0.0828
vt 0.9311 0.107
vt 0.8927 0.1563
vt 0.8794 0.2168
vt 0.8778 0.2818
vt 0.8826 0.3463
vt 0.8917 0.4063
vt 0.904 0.4588
vt 0.9192 0.5023
vt 0.9374 0.5358
vt 0.9583 0.5588
vt 0.9817 0.5705
vt 0.007 0.5701
vt 0.0332 0.5567
vt 0.0591 0.5302
vt 0.0836 0.4916
vt 0.1056 0.4436
vt 0.1247 0.39
vt 0.1402 0.3344
vt 0.1517 0.2798
vt 0.1583 0.2275
vt 0.1573 0.1782
vt 0.2225 0.119
vt 0.2119 0.0638
vt 0.0315 0.02
vt 0.8364 0.0669
vt 0.824 0.1359
vt 0.8283 0.2114
vt 0.8374 0.2901
vt 0.8492 0.3672
vt 0.8632 0.438
vt 0.8795 0.4993
vt 0.8985 0.5497
vt 0.9205 0.5889
vt 0.9459 0.6165
vt 0.9748 0.6317
vt 0.0066 0.633
vt 0.0399 0.6188
vt 0.0727 0.588
vt 0.1033 0.5418
vt 0.1306 0.4836
vt 0.1543 0.4191
vt 0.1746 0.3536
vt 0.1918 0.2906
vt 0.206 0.2311
vt 0.2169 0.1744
vt 0.301 0.1345
vt 0.35 0.0814
vt 0.4964 0.0441
vt 0.6832 0.0749
vt 0.7443 0.143
vt 0.7744 0.2235
vt 0.7962 0.3098
vt 0.8154 0.3953
vt 0.8343 0.4737
vt 0.8542 0.5413
vt 0.8764 0.597
vt 0.9019 0.641
vt 0.9318 0.6733
vt 0.9667 0.6927
vt 0.0062 0.6969
vt 0.048 0.6828
vt 0.0887 0.6485
vt 0.1256 0.5952
vt 0.1575 0.5276
vt 0.1848 0.4534
vt 0.2086 0.3799
vt 0.2302 0.3113
vt 0.251 0.2484
vt 0.2731 0.1901
vt 0.3557 0.1712
vt 0.4124 0.1301
vt 0.503 0.1087
vt 0.6072 0.125
vt 0.6801 0.1781
vt 0.7252 0.2537
vt 0.7566 0.3408
vt 0.7818 0.4297
vt 0.8046 0.5119
vt 0.8273 0.5832
vt 0.8519 0.6428
vt 0.8801 0.6912
vt 0.9143 0.7286
vt 0.9561 0.7533
vt 0.0057 0.7614
vt 0.0589 0.748
vt 0.1092 0.7102
vt 0.152 0.6499
vt 0.187 0.5738
vt 0.2162 0.4916
vt 0.2418 0.4124
vt 0.2658 0.3407
vt 0.2904 0.2773
vt 0.3186 0.2211
vt 0.3906 0.2187
vt 0.4403 0.1871
vt 0.5048 0.1736
vt 0.5758 0.187
vt 0.6376 0.2301
vt 0.6845 0.2979
vt 0.72 0.381
vt 0.7486 0.4684
vt 0.7738 0.5507
vt 0.798 0.6233
vt 0.8237 0.6854
vt 0.8533 0.738
vt 0.8906 0.7813
vt 0.9403 0.8129
vt 0.0048 0.8264
vt 0.0758 0.813
vt 0.1376 0.7699
vt 0.1845 0.7021
vt 0.22 0.619
vt 0.2486 0.5316
vt 0.2738 0.4493
vt 0.298 0.3767
vt 0.3237 0.3146
vt 0.3533 0.262
vt 0.4143 0.2714
vt 0.4561 0.2467
vt 0.5057 0.2386
vt 0.5589 0.252
vt 0.6092 0.2898
vt 0.652 0.3501
vt 0.687 0.4262
vt 0.7162 0.5084
vt 0.7418 0.5876
vt 0.7658 0.6593
vt 0.7904 0.7227
vt 0.8186 0.7789
vt 0.8557 0.8288
vt 0.9124 0.8699
vt 0.003 0.8913
vt 0.1072 0.875
vt 0.1801 0.8219
vt 0.2252 0.7463
vt 0.2566 0.6592
vt 0.2818 0.5703
vt 0.3046 0.4881
vt 0.3273 0.4168
vt 0.3519 0.3572
vt 0.3801 0.3088
vt 0.4318 0.3267
vt 0.4667 0.3073
vt 0.5062 0.3031
vt 0.548 0.3172
vt 0.5887 0.3515
vt 0.6256 0.4048
vt 0.6575 0.4724
vt 0.6848 0.5466
vt 0.7086 0.6201
vt 0.7302 0.6887
vt 0.751 0.7516
vt 0.7731 0.8099
vt 0.801 0.8655
vt 0.85 0.9186
vt 0.9964 0.9559
vt 0.1832 0.9251
vt 0.2443 0.857
vt 0.2744 0.7765
vt 0.2962 0.6902
vt 0.3154 0.6047
vt 0.3343 0.5263
vt 0.3542 0.4587
vt 0.3764 0.403
vt 0.4019 0.359
vt 0.4459 0.3835
vt 0.4748 0.3683
vt 0.5066 0.367
vt 0.5399 0.3812
vt 0.5727 0.412
vt 0.6033 0.4582
vt 0.6306 0.5164
vt 0.6543 0.5809
vt 0.6746 0.6464
vt 0.6918 0.7094
vt 0.706 0.7689
vt 0.7169 0.8256
vt 0.7225 0.881
vt 0.7119 0.9362
vt 0.5315 0.98
vt 0.3364 0.9331
vt 0.324 0.8641
vt 0.3283 0.7886
vt 0.3374 0.7099
vt 0.3492 0.6328
vt 0.3632 0.562
vt 0.3795 0.5007
vt 0.3985 0.4503
vt 0.4205 0.4111
vt 0.4583 0.4412
vt 0.4817 0.4295
vt 0.507 0.4299
vt 0.5332 0.4433
vt 0.5591 0.4698
vt 0.5836 0.5084
vt 0.6056 0.5564
vt 0.6247 0.61
vt 0.6402 0.6656
vt 0.6517 0.7202
vt 0.6583 0.7725
vt 0.6573 0.8218
vt 0.6428 0.8671
vt 0.5999 0.9039
vt 0.513 0.9172
vt 0.4311 0.893
vt 0.3927 0.8437
vt 0.3794 0.7832
vt 0.3778 0.7182
vt 0.3826 0.6537
vt 0.3917 0.5937
vt 0.404 0.5412
vt 0.4192 0.4977
vt 0.4374 0.4642
vt 0.4699 0.4994
vt 0.4879 0.4907
vt 0.5073 0.4919
vt 0.5272 0.5032
vt 0.5467 0.5245
vt 0.5652 0.5547
vt 0.5817 0.5919
vt 0.5955 0.6337
vt 0.6059 0.6774
vt 0.612 0.7209
vt 0.6124 0.7622
vt 0.6049 0.7997
vt 0.5863 0.8309
vt 0.5538 0.8513
vt 0.5104 0.8553
vt 0.4687 0.8397
vt 0.4391 0.8077
vt 0.4225 0.7649
vt 0.4156 0.7168
vt 0.4154 0.6677
vt 0.42 0.621
vt 0.4283 0.5793
vt 0.4397 0.5444
vt 0.4536 0.5175
vt 0.4814 0.5578
vt 0.4941 0.5518
vt 0.5076 0.553
vt 0.5213 0.5613
vt 0.5347 0.5764
vt 0.5472 0.5974
vt 0.558 0.6231
vt 0.5666 0.652
vt 0.5723 0.6823
vt 0.5743 0.7123
vt 0.5718 0.7404
vt 0.564 0.7646
vt 0.5503 0.783
vt 0.5314 0.7935
vt 0.5093 0.7942
vt 0.4877 0.7844
vt 0.4698 0.7651
vt 0.4571 0.7386
vt 0.4498 0.7078
vt 0.4473 0.6752
vt 0.4487 0.6435
vt 0.4533 0.6145
vt 0.4606 0.5898
vt 0.4701 0.5707
vt 0.4939 0.616
vt 0.5007 0.6128
vt 0.5079 0.6135
vt 0.5152 0.6179
vt 0.5222 0.6258
vt 0.5285 0.6368
vt 0.5338 0.6502
vt 0.5376 0.6652
vt 0.5396 0.6808
vt 0.5396 0.6961
vt 0.5373 0.7099
vt 0.5328 0.7215
vt 0.5261 0.7297
vt 0.5178 0.7339
vt 0.5087 0.7337
vt 0.4996 0.7289
vt 0.4915 0.72
vt 0.485 0.7077
vt 0.4805 0.6929
vt 0.4782 0.677
vt 0.478 0.661
vt 0.4797 0.6461
vt 0.4831 0.6331
vt 0.4879 0.6229
vt 0.5082 0.6736
vt 0.5082 0.6736
vt 0.5082 0.6736
vt 0.5082 0.6736
vt 0.5082 0.6736
vt 0.5082 0.6736
vt 0.5082 0.6736
vt 0.5082 0.6736
vt 0.5082 0.6736
vt 0.5082 0.6736
vt 0.5082 0.6736
vt 0.5082 0.6736
vt 0.5082 0.6736
vt 0.5082 0.6736
vt 0.5082 0.6736
vt 0.5082 0.6736
vt 0.5082 0.6736
vt 0.5082 0.6736
vt 0.5082 0.6736
vt 0.5082 0.6736
vt 0.5082 0.6736
vt 0.5082 0.6736
vt 0.5082 0.6736
vt 0.5082 0.6736
vt 0.0111 0.1332
vt 0.1386 0.1623
vt 0.0684 0.2762
vt 0.9934 0.198
vt 0.0994 0.1577
vt 0.0718 0.294
vt 0.9845 0.2665
vt 0.0644 0.1511
vt 0.0884 0.2843
vt 0.9906 0.3015
vt 0.0437 0.1241
vt 0.1263 0.2331
vt 0.0214 0.2834
vt 0.0307 0.1051
vt 0.1539 0.185
vt 0.057 0.2642
vt 0.9696 0.129
vt 0.1195 0.1393
vt 0.0485 0.2604
vt 0.9687 0.1946
vt 0.0798 0.1429
vt 0.0583 0.2822
vt 0.9691 0.2633
vt 0.0454 0.1419
vt 0.0771 0.2726
vt 0.9753 0.2969
vt 0.0142 0.1163
vt 0.1126 0.2137
vt 0.9979 0.273
vt 0.9823 0.0988
vt 0.1381 0.1588
vt 0.0308 0.247
vt 0.9305 0.1414
vt 0.0875 0.1243
vt 0.0241 0.2574
vt 0.9446 0.2034
vt 0.0529 0.1359
vt 0.0419 0.2789
vt 0.9538 0.2688
vt 0.0223 0.1397
vt 0.0628 0.2677
vt 0.9598 0.3018
vt 0.9811 0.1186
vt 0.0923 0.2017
vt 0.9729 0.278
vt 0.9347 0.1092
vt 0.1097 0.1397
vt 0.9997 0.2473
vt 0.903 0.1672
vt 0.0455 0.122
vt 0.9992 0.2689
vt 0.9252 0.2227
vt 0.0229 0.1385
vt 0.0245 0.2852
vt 0.9405 0.2822
vt 0.9988 0.1452
vt 0.0469 0.2709
vt 0.9461 0.3152
vt 0.952 0.1308
vt 0.0671 0.2001
vt 0.951 0.2974
vt 0.9021 0.1332
vt 0.0691 0.1332
vt 0.9705 0.2661
vt 0.8873 0.2015
vt 0.005 0.1355
vt 0.9782 0.2939
vt 0.9118 0.2496
vt 0.9959 0.1515
vt 0.0084 0.3008
vt 0.9303 0.3017
vt 0.9789 0.158
vt 0.0314 0.2826
vt 0.9355 0.3353
vt 0.9314 0.1511
vt 0.0411 0.2111
vt 0.9347 0.3273
vt 0.8845 0.1657
vt 0.0259 0.144
vt 0.9483 0.2998
vt 0.8803 0.2406
vt 0.9762 0.163
vt 0.9632 0.3283
vt 0.9041 0.2812
vt 0.9762 0.1732
vt 0.9955 0.3243
vt 0.9237 0.3252
vt 0.9646 0.1767
vt 0.0184 0.302
vt 0.9284 0.3597
vt 0.9193 0.1769
vt 0.0192 0.2347
vt 0.9245 0.3632
vt 0.8771 0.203
vt 0.9928 0.1724
vt 0.9344 0.3422
vt 0.8792 0.2817
vt 0.9605 0.2003
vt 0.9545 0.3676
vt 0.9013 0.3149
vt 0.9646 0.201
vt 0.9868 0.3528
vt 0.9204 0.3508
vt 0.9562 0.1994
vt 0.0089 0.327
vt 0.9248 0.386
vt 0.9141 0.2058
vt 0.004 0.2682
vt 0.9197 0.4009
vt 0.8763 0.2426
vt 0.9737 0.2138
vt 0.9276 0.3875
vt 0.8823 0.3224
vt 0.9548 0.2431
vt 0.9513 0.4075
vt 0.9021 0.3485
vt 0.9599 0.2323
vt 0.9824 0.3833
vt 0.92 0.3767
vt 0.953 0.2243
vt 0.0034 0.3549
vt 0.9242 0.4124
vt 0.914 0.2359
vt 0.9959 0.3075
vt 0.9193 0.4376
vt 0.8799 0.2824
vt 0.966 0.2626
vt 0.9264 0.4314
vt 0.8885 0.361
vt 0.9564 0.2874
vt 0.9526 0.4446
vt 0.906 0.3802
vt 0.9608 0.2646
vt 0.9818 0.413
vt 0.9222 0.4012
vt 0.9541 0.2495
vt 0.0018 0.3832
vt 0.9262 0.4374
vt 0.918 0.2655
vt 0.994 0.3481
vt 0.9223 0.4711
vt 0.8868 0.3206
vt 0.9665 0.3135
vt 0.9295 0.471
vt 0.8972 0.3958
vt 0.9632 0.3297
vt 0.9575 0.477
vt 0.9123 0.4088
vt 0.9659 0.2954
vt 0.9845 0.4398
vt 0.9266 0.4233
vt 0.9587 0.2734
vt 0.0036 0.4093
vt 0.9305 0.4597
vt 0.925 0.2929
vt 0.9971 0.386
vt 0.9282 0.5003
vt 0.8963 0.3554
vt 0.9729 0.3615
vt 0.936 0.5051
vt 0.9081 0.4254
vt 0.9741 0.3668
vt 0.9653 0.5035
vt 0.9208 0.4329
vt 0.9745 0.3227
vt 0.99 0.4623
vt 0.9327 0.442
vt 0.9663 0.2943
vt 0.0082 0.4316
vt 0.9367 0.4785
vt 0.9347 0.3164
vt 0.0042 0.4183
vt 0.9365 0.5246
vt 0.908 0.3854
vt 0.9838 0.4028
vt 0.9453 0.5329
vt 0.9211 0.4486
vt 0.9882 0.3963
vt 0.9756 0.5236
vt 0.931 0.4516
vt 0.986 0.3446
vt 0.9978 0.4795
vt 0.9405 0.4565
vt 0.9762 0.311
vt 0.0152 0.4488
vt 0.9444 0.4932
vt 0.9467 0.3348
vt 0.0144 0.4432
vt 0.9468 0.5434
vt 0.922 0.4088
vt 0.9981 0.4348
vt 0.957 0.554
vt 0.9359 0.4644
vt 0.0049 0.4164
vt 0.9878 0.5369
vt 0.9428 0.4643
vt 0.9996 0.3599
vt 0.0073 0.4909
vt 0.9494 0.4663
vt 0.988 0.3223
vt 0.024 0.4604
vt 0.9534 0.5032
vt 0.9606 0.3467
vt 0.0268 0.4597
vt 0.9588 0.5565
vt 0.938 0.4245
vt 0.015 0.4561
vt 0.9706 0.5684
vt 0.9525 0.4717
vt 0.0233 0.4266
vt 0.0015 0.5431
vt 0.9558 0.47
vt 0.0147 0.3676
vt 0.0181 0.4963
vt 0.9593 0.4707
vt 0.0012 0.3277
vt 0.0341 0.4661
vt 0.9633 0.5081
vt 0.9761 0.3513
vt 0.0409 0.4677
vt 0.9721 0.5633
vt 0.9559 0.4309
vt 0.0337 0.4664
vt 0.9858 0.5756
vt 0.9703 0.4694
vt 0.0427 0.4265
vt 0.016 0.5423
vt 0.9696 0.4682
vt 0.0309 0.3676
vt 0.0297 0.4956
vt 0.9697 0.4694
vt 0.0152 0.3267
vt 0.0449 0.4658
vt 0.9738 0.5076
vt 0.9926 0.3482
vt 0.0558 0.4674
vt 0.9862 0.5635
vt 0.9753 0.4272
vt 0.0533 0.4659
vt 0.0021 0.5754
vt 0.989 0.4566
vt 0.0623 0.4169
vt 0.0309 0.5342
vt 0.9839 0.4583
vt 0.0473 0.3601
vt 0.0415 0.4889
vt 0.9802 0.4621
vt 0.0296 0.3197
vt 0.056 0.4597
vt 0.9845 0.5012
vt 0.0097 0.3373
vt 0.0708 0.4594
vt 0.0008 0.5567
vt 0.9957 0.4125
vt 0.0729 0.4556
vt 0.0188 0.5675
vt 0.0078 0.433
vt 0.0812 0.3992
vt 0.0454 0.5191
vt 0.9979 0.4403
vt 0.0633 0.346
vt 0.0529 0.4766
vt 0.9904 0.4488
vt 0.0435 0.3073
vt 0.0667 0.4485
vt 0.9947 0.489
vt 0.0265 0.3196
vt 0.0854 0.4446
vt 0.015 0.5425
vt 0.0162 0.3872
vt 0.0917 0.4368
vt 0.0351 0.5515
vt 0.0257 0.3995
vt 0.0987 0.375
vt 0.0589 0.4974
vt 0.0109 0.4144
vt 0.0781 0.3268
vt 0.0635 0.4593
vt 0.9995 0.4298
vt 0.0566 0.2906
vt 0.0767 0.4328
vt 0.004 0.4711
vt 0.0424 0.2965
vt 0.099 0.4242
vt 0.0283 0.521
vt 0.0359 0.3531
vt 0.1091 0.4114
vt 0.0505 0.5278
vt 0.0418 0.3582
vt 0.1144 0.3464
vt 0.0707 0.47
vt 0.0221 0.3822
vt 0.0913 0.3037
vt 0.0728 0.4379
vt 0.007 0.4061
vt 0.068 0.2707
vt 0.0855 0.4135
vt 0.0116 0.4481
vt 0.0563 0.2698
vt 0.1111 0.3996
vt 0.0398 0.4925
vt 0.0537 0.313
vt 0.1246 0.3814
vt 0.064 0.4968
vt 0.0548 0.3125
vt 0.1277 0.3152
vt 0.0803 0.4381
vt 0.0305 0.3456
vt 0.1023 0.2784
vt 0.0802 0.4135
vt 0.0123 0.379
vt 0.0771 0.249
vt 0.0926 0.3917
vt 0.017 0.4213
vt 0.0677 0.2415
vt 0.1213 0.372
vt 0.0488 0.4581
vt 0.0685 0.2706
vt 0.1379 0.3486
vt 0.0751 0.4598
vt 0.0634 0.2663
vt 0.1383 0.283
vt 0.0871 0.4034
vt 0.035 0.3074
vt 0.1105 0.2522
vt 0.0852 0.3873
vt 0.0145 0.3503
vt 0.0835 0.2266
vt 0.0977 0.3683
vt 0.0195 0.3922
vt 0.0754 0.2132
vt 0.1292 0.3429
vt 0.0543 0.4194
vt 0.079 0.2289
vt 0.1486 0.3147
vt 0.0827 0.4186
vt 0.066 0.2226
vt 0.1457 0.2509
vt 0.0901 0.3676
vt 0.0346 0.2708
vt 0.1153 0.226
vt 0.0874 0.3606
vt 0.0131 0.3224
vt 0.0862 0.2045
vt 0.1002 0.3447
vt 0.0184 0.3631
vt 0.0784 0.186
vt 0.1343 0.3134
vt 0.0553 0.3792
vt 0.0836 0.1898
vt 0.1565 0.2806
vt 0.0861 0.3753
vt 0.0602 0.184
vt 0.1492 0.2195
vt 0.0887 0.3329
vt 0.0279 0.2384
vt 0.1158 0.2008
vt 0.0862 0.3351
vt 0.0075 0.2977
vt 0.0845 0.1838
vt 0.0998 0.3219
vt 0.0131 0.3366
vt 0.0753 0.1611
vt 0.1361 0.2845
vt 0.0508 0.3405
vt 0.0799 0.1547
vt 0.1608 0.2471
vt 0.084 0.3329
vt 0.0426 0.1529
vt 0.1475 0.1897
vt 0.0818 0.3014
vt 0.014 0.2133
vt 0.111 0.1776
vt 0.0811 0.3123
vt 0.9978 0.2784
vt 0.0775 0.1656
vt 0.096 0.3013
vt 0.0037 0.3153
vt 0.0643 0.1398
vt 0.1338 0.2574
vt 0.0396 0.3071
vt 0.0638 0.1254
vt 0.1606 0.215
vt 0.0748 0.2945

vn 0.823545 0.365098 0.434139
vn 0.601382 -0.798373 -0.030662
vn 0.215025 -0.966776 -0.138236
vn 0.150445 -0.984607 -0.088974
vn 0.140465 -0.970815 -0.194389
vn -0.316627 0.253712 -0.91399
vn -0.353549 0.386685 -0.85175
vn -0.263257 0.371849 -0.890182
vn 0.126111 0.653542 -0.746311
vn 0.603974 0.774528 0.187941
vn 0.54597 0.64063 0.539917
vn 0.477617 0.653047 0.587717
vn 0.555408 0.570798 0.604741
vn 0.262152 -0.964986 -0.0088
vn 0.165013 -0.98406 -0.066302
vn 0.239261 -0.965607 -0.101769
vn 0.295872 -0.839001 -0.456659
vn 0.004946 0.018998 -0.999807
vn -0.252387 0.428775 -0.86744
vn -0.346814 0.421959 -0.837657
vn -0.261742 0.541132 -0.799167
vn 0.466675 0.737553 0.488089
vn 0.467003 0.673212 0.573319
vn 0.528238 0.673514 0.517053
vn 0.975499 0.189808 -0.111236
vn 0.278887 -0.893397 -0.352227
vn 0.165898 -0.966401 -0.196332
vn 0.196172 -0.974947 -0.104854
vn 0.155593 -0.749707 -0.643219
vn -0.269593 0.449643 -0.851552
vn -0.291569 0.381812 -0.877045
vn -0.162139 0.246668 -0.95544
vn 0.62774 0.367191 -0.686377
vn 0.740014 0.476031 0.475157
vn 0.569098 0.579064 0.583791
vn 0.511411 0.657997 0.55272
vn 0.877091 0.043306 0.478368
vn 0.190863 -0.971403 -0.141235
vn 0.213552 -0.972446 -0.093517
vn 0.37559 -0.923212 -0.081314
vn 0.686705 -0.422351 -0.591655
vn 0.004223 0.586327 -0.810064
vn -0.239873 0.525085 -0.816545
vn -0.296478 0.406738 -0.864097
vn 0.217869 0.845676 -0.487201
vn 0.537388 0.630455 0.560125
vn 0.51047 0.671244 0.537449
vn 0.567569 0.719846 0.399609
vn 0.14108 0.26141 -0.954862
vn 0.00658 -0.742582 -0.669723
vn 0.16669 -0.925904 -0.338992
vn 0.519695 -0.847548 -0.107605
vn 0.888372 0.321442 -0.327827
vn 0.121444 0.680695 -0.722431
vn -0.125904 0.269465 -0.954744
vn -0.0404 -0.342321 -0.938714
vn 0.553141 -0.795896 -0.246138
vn 0.806192 -0.092707 0.584345
vn 0.68149 0.448556 0.578247
vn 0.636925 0.722892 0.26787
vn 0.674284 0.046472 -0.737009
vn 0.272486 -0.839471 -0.470148
vn 0.38776 -0.914871 -0.112487
vn 0.734547 -0.628334 0.256196
vn 0.750644 0.622164 0.222363
vn 0.146623 0.927701 -0.343325
vn -0.098837 0.658524 -0.746041
vn -0.010815 0.158908 -0.987234
vn 0.873894 -0.244832 -0.41996
vn 0.824103 0.340824 0.45243
vn 0.595968 0.701912 0.390053
vn 0.430604 0.902388 0.016604
vn -0.505316 0.257134 -0.823734
vn -0.398723 -0.188078 -0.897578
vn 0.334292 -0.401148 -0.852836
vn 0.946052 0.13669 -0.293771
vn 0.877604 0.425362 -0.221083
vn 0.775636 0.398328 -0.489616
vn 0.419451 -0.410096 -0.809865
vn 0.052615 -0.950508 -0.306211
vn 0.107965 -0.990805 0.081536
vn 0.38376 -0.860594 0.334822
vn 0.957833 -0.276922 0.076617
vn 0.740275 0.228399 -0.632318
vn 0.573804 0.06392 -0.816494
vn 0.66874 -0.205933 -0.714408
vn 0.98378 -0.176468 0.032175
vn 0.598437 0.42841 0.677006
vn 0.326847 0.738589 0.589625
vn 0.264614 0.909108 0.321718
vn 0.588976 0.742531 -0.318991
vn 0.784305 -0.233975 -0.574562
vn 0.847505 -0.377415 -0.373221
vn 0.965014 -0.069691 -0.252768
vn 0.613315 0.678321 -0.40463
vn -0.217257 0.705766 -0.67431
vn -0.612174 0.272274 -0.742368
vn -0.319919 0.653932 -0.685584
vn 0.221464 0.746908 -0.626962
vn 0.583193 0.517337 -0.626297
vn 0.796733 0.093182 -0.597104
vn 0.802443 -0.470232 -0.367378
vn 0.521035 -0.853517 0.005665
vn 0.196921 -0.958466 0.206314
vn 0.001427 -0.992155 0.125003
vn 0.019188 -0.973562 -0.227614
vn 0.262263 -0.777239 -0.571942
vn 0.570703 -0.488752 -0.659864
vn 0.849826 -0.086722 -0.519879
vn 0.876296 0.462699 -0.134217
vn 0.552576 0.790546 0.264002
vn 0.278064 0.823212 0.494976
vn 0.238203 0.718771 0.653168
vn 0.51827 0.486468 0.703381
vn 0.885466 0.200445 0.419251
vn 0.994237 0.107198 0.001127
vn 0.895352 0.125191 -0.427402
vn 0.509647 0.115211 -0.852635
vn -0.096515 0.046196 -0.994259
vn -0.502664 0.059114 -0.862458
vn 0.436175 0.290116 -0.851812
vn 0.354947 0.79452 -0.492698
vn 0.112152 0.748923 -0.653097
vn -0.108838 0.233518 -0.966242
vn -0.10777 -0.630103 -0.768997
vn 0.112187 -0.962103 -0.248539
vn 0.37736 -0.91797 0.122191
vn 0.663443 -0.724068 0.188594
vn 0.676978 -0.59929 -0.427262
vn 0.258907 -0.666451 -0.69915
vn 0.210612 -0.835799 -0.507034
vn 0.417903 -0.902902 -0.100619
vn 0.746075 -0.355704 0.562891
vn 0.584201 0.512436 0.62938
vn 0.415609 0.82872 0.374824
vn 0.461575 0.880653 0.106763
vn 0.901105 0.433109 0.020651
vn 0.941578 -0.002081 0.336788
vn 0.824052 0.269673 0.498211
vn 0.597746 0.714936 0.362719
vn 0.19098 0.971211 -0.142395
vn -0.231633 0.614326 -0.754287
vn -0.302616 0.031395 -0.952595
vn -0.076933 -0.231245 -0.969849
vn 0.758952 0.209084 -0.616665
vn 0.613726 0.356665 -0.704365
vn -0.105516 0.223707 -0.968928
vn -0.695358 -0.356413 -0.624057
vn -0.667203 -0.669514 -0.326484
vn -0.445823 -0.877636 -0.176058
vn 0.171525 -0.958619 -0.227218
vn 0.797425 -0.397253 -0.454207
vn 0.794792 -0.198459 -0.573515
vn 0.69081 -0.43715 -0.575918
vn 0.425215 -0.899916 -0.096665
vn 0.085009 -0.746656 0.659757
vn 0.01194 -0.276549 0.960926
vn 0.139784 0.177297 0.97418
vn 0.596095 0.555506 0.579727
vn 0.919123 0.348039 -0.18461
vn 0.938513 0.120526 -0.323522
vn 0.971124 0.215291 -0.102798
vn 0.597311 0.718658 0.35602
vn -0.104181 0.911905 0.396958
vn -0.456064 0.872689 0.174412
vn -0.594076 0.783353 -0.182843
vn -0.206263 0.552045 -0.8079
vn 0.599884 0.17202 -0.781376
vn 0.503586 0.328542 -0.799038
vn 0.233545 -0.142263 -0.961882
vn -0.325934 -0.618696 -0.71483
vn -0.682547 -0.675307 -0.279446
vn -0.785425 -0.601277 -0.146877
vn -0.708829 -0.608009 -0.357612
vn -0.146905 -0.623499 -0.767899
vn 0.412017 -0.546306 -0.729241
vn 0.67814 -0.547803 -0.489936
vn 0.814372 -0.578115 -0.050802
vn 0.540372 -0.464899 0.701332
vn -0.031961 -0.235723 0.971295
vn -0.22507 -0.225037 0.947999
vn -0.018552 -0.37665 0.92617
vn 0.713783 -0.387122 0.583653
vn 0.99 -0.014875 0.140283
vn 0.93597 0.351692 -0.016533
vn 0.668684 0.741199 -0.059043
vn 0.035456 0.999162 0.020444
vn -0.504824 0.845476 0.174135
vn -0.618321 0.737723 0.271006
vn -0.41795 0.874696 0.245408
vn 0.169951 0.97955 -0.107693
vn 0.512974 0.683015 -0.51995
vn -0.490393 0.402455 -0.77301
vn -0.533143 -0.453864 -0.713979
vn -0.399512 -0.786521 -0.47093
vn -0.32057 -0.869606 -0.375527
vn -0.363234 -0.663165 -0.654426
vn -0.357518 -0.329365 -0.873899
vn -0.303851 -0.493323 -0.81505
vn -0.184394 -0.809902 -0.556828
vn 0.045863 -0.998902 -0.009564
vn 0.300836 -0.687796 0.660632
vn 0.375901 -0.150904 0.91429
vn 0.389707 0.067223 0.918482
vn 0.490393 -0.402455 0.77301
vn 0.467549 -0.770756 0.43282
vn 0.557637 -0.615231 0.557254
vn 0.616208 -0.064802 0.784913
vn 0.363233 0.663166 0.654426
vn -0.006771 0.966787 0.255492
vn -0.265504 0.96058 -0.082428
vn -0.346983 0.907534 -0.236612
vn -0.045863 0.998902 0.009564
vn 0.224929 0.948096 0.224767
vn 0.160777 0.982446 0.09461
vn -0.085441 0.961523 -0.261101
vn -0.996855 0.076274 0.021492
vn -0.930054 -0.340726 -0.137497
vn -0.556508 -0.662312 -0.501639
vn 0.057724 -0.579068 -0.813233
vn 0.235196 -0.423302 -0.874928
vn 0.060312 -0.480674 -0.874823
vn -0.397294 -0.702209 -0.590813
vn -0.684398 -0.728302 0.034273
vn -0.637152 -0.596925 0.487563
vn -0.401611 -0.468003 0.787199
vn 0.224832 -0.383178 0.895893
vn 0.860483 -0.314306 0.400974
vn 0.924378 -0.348869 0.154325
vn 0.846028 -0.432364 0.311926
vn 0.434756 -0.335368 0.835772
vn -0.233005 0.100999 0.967216
vn -0.507195 0.407511 0.7594
vn -0.55109 0.66044 0.510019
vn -0.259832 0.957299 0.126756
vn 0.336773 0.913348 -0.228865
vn 0.533642 0.807911 -0.250013
vn 0.408957 0.899836 -0.151817
vn -0.128571 0.991699 -0.001611
vn -0.794322 0.602479 0.077926
vn -0.943978 -0.057236 0.325007
vn -0.971664 0.13309 0.195336
vn -0.723363 0.210878 -0.657477
vn -0.139487 -0.181335 -0.973479
vn 0.024474 -0.518491 -0.854733
vn -0.004919 -0.822368 -0.568934
vn -0.323774 -0.943145 0.075161
vn -0.66696 -0.464912 0.582255
vn -0.779971 -0.250639 0.573433
vn -0.754395 -0.483229 0.444272
vn -0.089137 -0.971556 0.219396
vn 0.596046 -0.781178 0.185716
vn 0.831496 -0.41564 0.36859
vn 0.750798 0.060726 0.657734
vn 0.06123 0.500701 0.863452
vn -0.622635 0.381201 0.683383
vn -0.768999 0.177291 0.614172
vn -0.601443 0.236415 0.763134
vn 0.117095 0.721756 0.682171
vn 0.444339 0.878854 0.173718
vn 0.363044 0.919131 -0.152963
vn 0.028462 0.90372 -0.427178
vn -0.768136 0.49328 -0.408217
vn -0.993345 -0.045119 0.105968
vn -0.986711 0.161696 -0.016001
vn -0.604091 0.790146 -0.103654
vn -0.577542 0.690933 -0.434807
vn -0.694131 0.145431 -0.705005
vn -0.59044 -0.643381 -0.487279
vn -0.317451 -0.944969 0.079112
vn -0.156431 -0.817576 0.554165
vn -0.232548 -0.579805 0.780863
vn -0.623001 -0.661344 0.417724
vn -0.506242 -0.843997 -0.17717
vn -0.258653 -0.957531 -0.127411
vn -0.028318 -0.968637 0.246863
vn 0.179929 -0.404247 0.896777
vn 0.063205 0.508066 0.858996
vn -0.163818 0.797395 0.580796
vn -0.401385 0.783378 0.474561
vn -0.438752 0.403781 0.802781
vn 0.084442 0.110294 0.990305
vn 0.259121 0.395623 0.881101
vn 0.133103 0.760798 0.635192
vn -0.278369 0.946999 0.160323
vn -0.768248 0.486287 -0.416317
vn -0.848977 -0.144226 -0.508366
vn -0.871385 -0.37069 -0.321369
vn -0.352567 0.519468 -0.778364
vn -0.416315 0.695072 -0.586137
vn -0.721945 0.625497 -0.295886
vn -0.95643 0.251454 0.148367
vn -0.838168 -0.172122 0.517541
vn -0.557498 -0.465621 0.687308
vn -0.220846 -0.745885 0.628397
vn 0.072256 -0.971101 0.22747
vn 0.087854 -0.98636 -0.139199
vn -0.093994 -0.974275 -0.204823
vn -0.398694 -0.916833 -0.021438
vn -0.739219 -0.575197 0.350293
vn -0.801005 0.046657 0.596837
vn -0.603573 0.515725 0.608052
vn -0.262953 0.777803 0.570857
vn 0.201758 0.792236 0.575895
vn 0.485656 0.592415 0.642792
vn 0.432537 0.441882 0.785909
vn 0.070764 0.367839 0.927193
vn -0.509411 0.229747 0.829287
vn -0.903009 -0.005966 0.429581
vn -0.981731 -0.190265 -0.001921
vn -0.885104 -0.202274 -0.419138
vn -0.611853 0.110754 -0.783179
vn -0.463743 0.538149 -0.703803
vn -0.677051 0.028174 -0.735397
vn -0.89285 -0.448913 -0.036004
vn -0.665 -0.176524 0.725682
vn -0.573867 0.152845 0.804559
vn -0.750331 0.206093 0.628115
vn -0.840634 -0.536001 -0.0777
vn -0.252274 -0.919235 -0.302267
vn -0.014151 -0.995211 -0.09672
vn 0.033567 -0.947083 0.319228
vn -0.416563 -0.289038 0.861935
vn -0.807443 0.319766 0.495768
vn -0.942083 0.238321 0.235973
vn -0.953776 -0.053186 0.295776
vn -0.329749 -0.238533 0.913437
vn 0.394361 0.222009 0.891735
vn 0.396872 0.576496 0.714244
vn 0.115722 0.812358 0.571562
vn -0.669839 0.615584 0.415177
vn -0.931013 -0.270814 0.244693
vn -0.791019 -0.496422 0.357567
vn -0.767708 -0.283051 0.574897
vn -0.66175 0.669885 0.336662
vn -0.399316 0.843014 -0.36038
vn -0.900344 0.361703 -0.241974
vn -0.567101 -0.790368 -0.231765
vn -0.290663 -0.952469 0.0912
vn -0.21925 -0.837214 0.501001
vn -0.675332 0.081877 0.732955
vn -0.80559 0.511099 -0.299671
vn -0.774251 0.058 -0.630215
vn -0.70258 -0.471439 -0.533036
vn -0.466602 -0.855271 0.225375
vn 0.061002 -0.024555 0.997836
vn 0.074578 0.53544 0.841274
vn -0.166517 0.752505 0.637187
vn -0.927085 0.160997 0.338516
vn -0.412838 -0.906796 0.085362
vn -0.092366 -0.932037 0.350393
vn 0.061181 -0.619128 0.782903
vn -0.15955 0.472885 0.866558
vn -0.555603 0.831448 -0.00077
vn -0.764862 0.461568 -0.449378
vn -0.879434 -0.058629 -0.472396
vn -0.836517 -0.363998 0.409567
vn -0.016773 0.43481 0.900366
vn 0.021949 0.771094 0.636343
vn -0.218058 0.916137 0.336369
vn -0.665571 -0.444156 0.599784
vn -0.275758 -0.959329 0.060376
vn -0.122433 -0.989698 0.074216
vn -0.10311 -0.986857 0.124428
vn -0.816264 -0.35459 -0.456048
vn -0.661789 0.379694 -0.646427
vn -0.701831 0.247753 -0.667871
vn -0.847784 0.105967 -0.519648
vn -0.63828 0.382606 0.667991
vn 0.107821 0.526487 0.843318
vn 0.202105 0.631324 0.748721
vn 0.177293 0.669266 0.721561
vn -0.109651 -0.673128 0.731351
vn -0.106114 -0.990615 0.086153
vn -0.081342 -0.979354 0.185063
vn -0.211745 -0.90957 0.357557
vn -0.991136 -0.068959 0.113553
vn -0.737584 0.491715 -0.462802
vn -0.664315 0.40266 -0.629723
vn -0.683168 0.332263 -0.650294
vn -0.27249 0.845644 0.458951
vn 0.203519 0.64693 0.734889
vn 0.146504 0.71002 0.688773
vn -0.059152 0.713063 0.6986
vn -0.242412 -0.842019 0.481913
vn -0.148014 -0.985555 0.082295
vn -0.073456 -0.996189 0.047036
vn -0.163287 -0.986529 -0.009866
vn -0.683639 0.234722 -0.691045
vn -0.621624 0.372823 -0.688902
vn -0.695907 0.349473 -0.627361
vn -0.768077 0.607286 -0.203128
vn -0.168611 0.734562 0.657259
vn 0.179805 0.621687 0.762349
vn 0.252519 0.641403 0.724456
vn 0.238166 0.55438 0.797458
vn -0.055089 -0.981396 0.183921
vn -0.060085 -0.995705 0.070438
vn -0.126904 -0.984549 0.120663
vn -0.476712 -0.878969 0.012661
vn -0.889242 -0.027252 -0.456624
vn -0.68504 0.406389 -0.604622
vn -0.61489 0.408086 -0.674816
vn -0.628756 0.52215 -0.576217
vn 0.162924 0.721831 0.672618
vn 0.243105 0.66163 0.709328
vn 0.165198 0.654734 0.737586
vn -0.020249 0.321446 0.946711
vn -0.915485 0.014173 0.402102
vn 0.666262 0.161545 -0.72801
vn 0.786445 0.091905 -0.610785
vn -0.88758 -0.016874 0.460344
vn 0.845997 0.033834 -0.532113
vn 0.877369 0.022773 -0.479276
vn -0.755268 -0.114734 0.645296
vn -0.620593 -0.186424 0.76165
vn 0.915389 -0.014066 -0.402324
vn -0.682922 -0.154332 0.714002
vn -0.783238 -0.095044 0.614414
vn 0.885266 0.018171 -0.464731
vn -0.854945 -0.034421 0.517575
vn -0.878735 -0.020889 0.476852
vn 0.762624 0.111479 -0.637164
vn 0.592528 0.201177 -0.780024
vn -0.922866 -0.030121 0.383941
vn 0.728802 0.060324 -0.682062
vn 0.755682 0.056096 -0.652531
vn -0.887069 -0.040021 0.459899
vn 0.852027 0.040161 -0.521956
vn 0.88252 0.037756 -0.468758
vn -0.773442 -0.056924 0.631306
vn -0.069934 -0.099667 0.99256
vn 0.922758 0.030148 -0.384198
vn -0.735413 -0.060487 0.674915
vn -0.746497 -0.058444 0.662818
vn 0.885674 0.039606 -0.462616
vn -0.854789 -0.040528 0.517391
vn -0.884972 -0.03657 0.464206
vn 0.776373 0.057577 -0.627638
vn -0.127837 0.105044 -0.986217
vn -0.92867 -0.080902 0.361975
vn 0.757409 0.006889 -0.652905
vn 0.684507 -0.018962 -0.728759
vn -0.886536 -0.060773 0.458651
vn 0.853046 0.041288 -0.520199
vn 0.888777 0.05844 -0.454599
vn -0.783389 -0.017576 0.621284
vn 0.971862 0.171511 0.161457
vn 0.92856 0.080836 -0.362273
vn -0.760634 -0.008695 0.649122
vn -0.650296 0.027282 0.759191
vn 0.886006 0.059868 -0.459793
vn -0.854727 -0.04229 0.517352
vn -0.893008 -0.059539 0.446084
vn 0.784079 0.018748 -0.620378
vn -0.985284 -0.15625 -0.069297
vn -0.931944 -0.148846 0.330643
vn 0.775236 -0.029162 -0.630999
vn 0.339164 -0.285825 -0.896254
vn -0.885897 -0.082905 0.456414
vn 0.853504 0.041818 -0.519406
vn 0.897545 0.093243 -0.430952
vn -0.790001 0.015304 0.612914
vn 0.953558 0.200216 -0.225036
vn 0.931847 0.148665 -0.330999
vn -0.7768 0.027256 0.629157
vn -0.031066 0.388523 0.920915
vn 0.88629 0.082668 -0.455692
vn -0.854682 -0.043204 0.51735
vn -0.905166 -0.101905 0.412662
vn 0.789137 -0.015106 -0.614032
vn -0.950782 -0.189471 0.24518
vn -0.925805 -0.259908 0.274467
vn 0.78874 -0.057926 -0.611992
vn -0.865681 -0.495194 -0.073342
vn -0.884843 -0.111275 0.452405
vn 0.853786 0.042166 -0.518914
vn 0.911181 0.176599 -0.37224
vn -0.794966 0.047824 0.604766
vn 0.916252 0.202239 -0.345807
vn 0.925769 0.259555 -0.274923
vn -0.789286 0.056568 0.611415
vn 0.91469 0.394358 -0.088454
vn 0.886337 0.113845 -0.448828
vn -0.854646 -0.04382 0.517359
vn -0.923986 -0.225505 0.308865
vn 0.792701 -0.049893 -0.607565
vn -0.915147 -0.195903 0.352319
vn -0.85642 -0.499948 0.128824
vn 0.800577 -0.084198 -0.593285
vn -0.894848 -0.306839 0.324187
vn -0.882112 -0.157236 0.444022
vn 0.853998 0.042446 -0.518543
vn 0.737809 0.666399 0.10747
vn -0.798904 0.085675 0.595325
vn 0.890765 0.201314 -0.407445
vn 0.856654 0.499384 -0.129458
vn -0.800399 0.083862 0.593573
vn 0.89567 0.272186 -0.351695
vn 0.884732 0.16958 -0.434157
vn -0.854609 -0.044307 0.517378
vn 0.109825 -0.703291 -0.702367
vn 0.794974 -0.092055 -0.599619
vn -0.890588 -0.197709 0.409589
vn -0.174598 -0.914374 -0.365289
vn 0.812322 -0.111415 -0.572468
vn -0.870419 -0.24199 0.428732
vn -0.868314 -0.267338 0.417805
vn 0.854179 0.042701 -0.518224
vn -0.751438 0.248127 0.61137
vn -0.801533 0.138643 0.581656
vn 0.871194 0.199578 -0.448542
vn 0.1746 0.914374 0.365287
vn -0.811568 0.112684 0.573289
vn 0.871128 0.225824 -0.436051
vn 0.862837 0.335255 -0.378308
vn -0.854569 -0.044744 0.517406
vn 0.78331 -0.177834 -0.595651
vn 0.794772 -0.154176 -0.586999
vn -0.871392 -0.197939 0.448884
vn 0.661008 -0.523437 -0.537664
vn 0.825408 -0.143641 -0.545957
vn -0.852384 -0.208602 0.479507
vn -0.417301 -0.906843 0.059132
vn 0.854353 0.042965 -0.517914
vn -0.832023 0.106453 0.544432
vn -0.799014 0.233996 0.553915
vn 0.854091 0.197324 -0.48124
vn -0.661482 0.522715 0.537782
vn -0.824148 0.147555 0.546815
vn 0.85349 0.200189 -0.481123
vn -0.466348 0.755301 0.460478
vn -0.854522 -0.045188 0.517446
vn 0.834763 -0.09073 -0.543082
vn 0.783668 -0.275407 -0.55679
vn -0.85433 -0.197299 0.480826
vn 0.821383 -0.286957 -0.492937
vn 0.84174 -0.188525 -0.505897
vn -0.837802 -0.186293 0.513209
vn 0.835046 -0.240274 -0.494941
vn 0.85454 0.043266 -0.51758
vn -0.853199 0.059698 0.518157
vn -0.744289 0.498043 0.444958
vn 0.837217 0.194445 -0.511135
vn -0.821519 0.286402 0.493031
vn -0.839925 0.197487 0.505494
vn 0.838911 0.182308 -0.512828
vn -0.84672 0.160978 0.507101
vn -0.854458 -0.045692 0.517507
vn 0.853073 -0.055106 -0.518873
vn 0.645431 -0.65825 -0.387459
vn -0.837211 -0.195917 0.510583
vn 0.869773 -0.17674 -0.460714
vn 0.86359 -0.267149 -0.427602
vn -0.824171 -0.16837 0.540734
vn 0.870079 -0.081847 -0.486069
vn 0.85477 0.043661 -0.517167
vn -0.863986 0.034145 0.502357
vn 0.270721 0.866412 -0.419573
vn 0.818396 0.190579 -0.542133
vn -0.869786 0.176348 0.460841
vn -0.860196 0.288713 0.420365
vn 0.824903 0.167482 -0.539893
vn -0.868021 0.061373 0.49272
vn -0.854368 -0.046345 0.517598
vn 0.863632 -0.033696 -0.502996
vn -0.524076 -0.682536 0.509401
vn -0.817771 -0.193591 0.542009
vn 0.892391 -0.109096 -0.437877
vn 0.866484 -0.465912 -0.179253
vn -0.809422 -0.15147 0.567356
vn 0.876453 -0.027161 -0.480721
vn 0.855104 0.044266 -0.516563
vn -0.87152 0.015988 0.4901
vn 0.7162 0.317856 -0.621309
vn 0.794283 0.184915 -0.578724
vn -0.892346 0.108816 0.438038
vn -0.83725 0.53345 0.120182
vn 0.809264 0.153083 -0.567148
vn -0.873916 0.019382 0.48569
vn -0.854208 -0.047377 0.517769
vn 0.871584 -0.017529 -0.489933
vn -0.741789 -0.281012 0.608918
vn -0.792313 -0.189686 0.579879
vn 0.905957 -0.058432 -0.419318
vn 0.027785 -0.629025 0.776889
vn -0.790714 -0.132679 0.597635
vn 0.878552 0.002949 -0.477637
vn 0.855729 0.045454 -0.515423
vn -0.878039 0.000378 0.478589
vn 0.766868 0.165139 -0.620195
vn 0.757352 0.175386 -0.629013
vn -0.90588 0.058243 0.419511
vn 0.160463 0.57372 -0.803179
vn 0.788638 0.136506 -0.599514
vn -0.876451 -0.005975 0.481454
vn -0.853833 -0.049634 0.518175
vn 0.87887 -0.002917 -0.477053
vn -0.774933 -0.156909 0.612257
vn -0.752109 -0.182379 0.633301
vn 0.915485 -0.014173 -0.402102
vn -0.591664 -0.196657 0.781831
vn -0.761808 -0.107205 0.638871
vn 0.879316 0.023927 -0.475638
vn 0.857848 0.049631 -0.511501
vn -0.88477 -0.015573 0.465768
vn 0.783511 0.096472 -0.613843
vn 0.683086 0.155174 -0.713663
vn -0.915389 0.014066 0.402324
vn 0.620386 0.185338 -0.762083
vn 0.754898 0.112799 -0.64607
vn -0.87774 -0.024717 0.4785
vn -0.851496 -0.062595 0.520612
vn 0.886798 0.012778 -0.461981
vn -0.787061 -0.095134 0.609495
vn -0.666924 -0.165006 0.726626
vn 0.922866 0.03012 -0.383942
vn -0.700134 -0.063241 0.711205
vn -0.701552 -0.061236 0.709982
vn 0.879447 0.041035 -0.474225
vn -0.844035 -0.023077 0.535791
vn -0.893016 -0.035195 0.448646
vn 0.792227 0.05424 -0.607811
vn 0.432164 0.086574 -0.89763
vn -0.922758 -0.030147 0.3842
vn 0.709346 0.06336 -0.702007
vn 0.676695 0.065532 -0.733341
vn -0.878395 -0.040711 0.476199
vn 0.856549 0.033695 -0.514964
vn 0.897093 0.033309 -0.440584
vn -0.79371 -0.054864 0.605818
vn -0.345586 -0.093836 0.933684
vn 0.92867 0.080901 -0.361976
vn -0.741053 -0.001274 0.671445
vn -0.469927 0.078846 0.879177
vn 0.879139 0.056842 -0.473164
vn -0.852304 -0.038606 0.52162
vn -0.905266 -0.065855 0.41971
vn 0.798157 0.022798 -0.602019
vn -0.758073 -0.21289 -0.616444
vn -0.928561 -0.080835 0.362271
vn 0.745125 0.003434 -0.666916
vn 0.282018 -0.116076 -0.952361
vn -0.878614 -0.0561 0.474226
vn 0.855389 0.040889 -0.516371
vn 0.9136 0.068612 -0.400784
vn -0.798349 -0.023622 0.601732
vn 0.87357 0.198869 0.444214
vn 0.931944 0.148847 -0.330642
vn -0.763881 0.038451 0.644211
vn 0.833037 0.422477 0.357159
vn 0.878378 0.073226 -0.472325
vn -0.853318 -0.040517 0.519814
vn -0.928103 -0.137179 0.34613
vn 0.802969 -0.004169 -0.596006
vn -0.961425 -0.246653 0.121756
vn -0.931846 -0.148663 0.331001
vn 0.765725 -0.036282 -0.642144
vn -0.940982 -0.32945 -0.077557
vn -0.878406 -0.072711 0.472351
vn 0.855102 0.042729 -0.516696
vn 0.946592 0.169763 -0.274125
vn -0.802178 0.004097 0.597071
vn 0.960446 0.229156 -0.158214
vn 0.925805 0.259909 -0.274467
vn -0.779862 0.06986 0.622041
vn 0.925486 0.273438 -0.262122
vn 0.876949 0.092386 -0.47162
vn -0.853765 -0.041325 0.519016
vn -0.766211 -0.575806 -0.285252
vn 0.807436 -0.030272 -0.589179
vn -0.922353 -0.232814 0.308321
vn -0.925769 -0.259555 0.274924
vn 0.780424 -0.068441 -0.621494
vn -0.922209 -0.236691 0.305792
vn -0.877575 -0.093036 0.470325
vn 0.854967 0.043681 -0.516841
vn -0.137406 0.52532 0.839737
vn -0.805767 0.031817 0.591378
vn 0.921182 0.223571 -0.318497
vn 0.856422 0.499946 -0.128826
vn -0.793033 0.099106 0.601063
vn 0.891744 0.21939 -0.395803
vn 0.874203 0.118277 -0.470936
vn -0.854057 -0.041821 0.518496
vn 0.734036 -0.193773 -0.650879
vn 0.812069 -0.058759 -0.580596
vn -0.893389 -0.224567 0.389135
vn -0.856652 -0.499388 0.129456
vn 0.792694 -0.099001 -0.601527
vn -0.890304 -0.201653 0.408284
vn -0.87543 -0.122179 0.467647
vn 0.854882 0.044356 -0.516923
vn -0.76867 0.136443 0.624923
vn -0.809485 0.063122 0.583738
vn 0.893214 0.219517 -0.392404
vn 0.174605 0.914374 0.365286
vn -0.805462 0.130706 0.578054
vn 0.870117 0.192177 -0.453834
vn 0.867893 0.161201 -0.469867
vn -0.854297 -0.042197 0.518069
vn 0.819165 -0.086251 -0.567035
vn 0.81735 -0.094309 -0.56837
vn -0.871572 -0.219216 0.438529
vn -0.174599 -0.914373 -0.365291
vn 0.804375 -0.132691 -0.579115
vn -0.870131 -0.182096 0.457945
vn -0.869093 -0.175205 0.46258
vn 0.854821 0.044943 -0.516973
vn -0.823443 0.071588 0.562865
vn -0.813594 0.103829 0.572087
vn 0.871824 0.216824 -0.439216
vn -0.661007 0.523438 0.537663
vn -0.818719 0.170617 0.548261
vn 0.854746 0.173911 -0.489044
vn 0.845085 0.263737 -0.465053
vn -0.854536 -0.042539 0.517648
vn 0.842697 -0.049248 -0.536131
vn 0.823716 -0.147072 -0.547597
vn -0.852705 -0.215271 0.475975
vn 0.661483 -0.522712 -0.537785
vn 0.816853 -0.176254 -0.549259
vn -0.855379 -0.168056 0.489983
vn -0.834177 -0.330676 0.441365
vn 0.85477 0.045557 -0.517003
vn -0.843209 0.044037 0.53578
vn -0.817812 0.167794 0.55048
vn 0.852996 0.214926 -0.475609
vn -0.821382 0.286955 0.492939
vn -0.834259 0.231644 0.500353
vn 0.842234 0.15916 -0.515083
vn 0.403871 0.87019 -0.282237
vn -0.854819 -0.04291 0.517149
vn 0.854359 -0.028555 -0.518899
vn 0.829413 -0.24928 -0.499933
vn -0.833972 -0.211986 0.509463
vn 0.821522 -0.286399 -0.493029
vn 0.831112 -0.245028 -0.499214
vn -0.843026 -0.15612 0.514717
vn 0.49926 -0.822236 -0.273255
vn 0.854722 0.046331 -0.517015
vn -0.854143 0.027053 0.519334
vn -0.815188 0.304196 0.492882
vn 0.833967 0.213484 -0.508846
vn -0.869774 0.176739 0.460712
vn -0.848901 0.355008 0.391583
vn 0.830738 0.145477 -0.537318
vn -0.86964 0.233227 0.435122
vn -0.855233 -0.043411 0.516422
vn 0.861886 -0.013805 -0.506914
vn 0.768522 -0.573711 -0.283248
vn -0.812534 -0.208859 0.544212
vn 0.869786 -0.176348 -0.46084
vn 0.839581 -0.391436 -0.376672
vn -0.831368 -0.144559 0.53659
vn 0.871869 -0.157324 -0.463782
vn 0.854661 0.047551 -0.517004
vn -0.861691 0.014161 0.507236
vn -0.601791 0.788547 0.126653
vn 0.811759 0.212287 -0.544041
vn -0.892391 0.109095 0.437878
vn -0.700148 0.709345 -0.081378
vn 0.818887 0.131181 -0.558762
vn -0.887114 0.070096 0.456196
vn -0.856046 -0.04434 0.514995
vn 0.867624 -0.001456 -0.497219
vn -0.423368 -0.624166 0.65664
vn -0.783669 -0.205289 0.586277
vn 0.892345 -0.108818 -0.438039
vn 0.565259 -0.796938 0.213006
vn -0.819007 -0.131988 0.558396
vn 0.882581 -0.052939 -0.46717
vn 0.854549 0.050366 -0.516922
vn -0.867745 0.00283 0.497002
vn 0.578599 0.490254 -0.651824
vn 0.781112 0.211066 -0.587635
vn -0.905956 0.058433 0.419319
vn 0.413649 0.450305 -0.791278
vn 0.805076 0.114393 -0.582037
vn -0.887962 0.01451 0.459689
vn -0.859257 -0.047868 0.509299
vn 0.872583 0.010279 -0.488358
vn -0.708057 -0.229773 0.667727
vn -0.735415 -0.199876 0.647468
vn 0.905879 -0.058245 -0.419512
vn -0.492677 -0.403456 0.771033
vn -0.804138 -0.116616 0.582892
vn 0.884561 -0.009089 -0.466336
vn 0.853556 0.072899 -0.515876
vn -0.873216 -0.008406 0.487261
vn 0.72979 0.209119 -0.650904
vn 0.727974 0.209044 -0.652958

f 1/1/1 2/2/2 25/25/25
f 2/2/2 26/26/26 25/25/25
f 2/2/2 3/3/3 26/26/26
f 3/3/3 27/27/27 26/26/26
f 3/3/3 4/4/4 27/27/27
f 4/4/4 28/28/28 27/27/27
f 4/4/4 5/5/5 28/28/28
f 5/5/5 29/29/29 28/28/28
f 5/5/5 6/6/6 29/29/29
f 6/6/6 30/30/30 29/29/29
f 6/6/6 7/7/7 30/30/30
f 7/7/7 31/31/31 30/30/30
f 7/7/7 8/8/8 31/31/31
f 8/8/8 32/32/32 31/31/31
f 8/8/8 9/9/9 32/32/32
f 9/9/9 33/33/33 32/32/32
f 9/9/9 10/10/10 33/33/33
f 10/10/10 34/34/34 33/33/33
f 10/10/10 11/11/11 34/34/34
f 11/11/11 35/35/35 34/34/34
f 11/11/11 12/12/12 35/35/35
f 12/12/12 36/36/36 35/35/35
f 12/12/12 13/13/13 36/36/36
f 13/13/13 37/37/37 36/36/36
f 13/13/13 14/14/14 37/37/37
f 14/14/14 38/38/38 37/37/37
f 14/14/14 15/15/15 38/38/38
f 15/15/15 39/39/39 38/38/38
f 15/15/15 16/16/16 39/39/39
f 16/16/16 40/40/40 39/39/39
f 16/16/16 17/17/17 40/40/40
f 17/17/17 41/41/41 40/40/40
f 17/17/17 18/18/18 41/41/41
f 18/18/18 42/42/42 41/41/41
f 18/18/18 19/19/19 42/42/42
f 19/19/19 43/43/43 42/42/42
f 19/19/19 20/20/20 43/43/43
f 20/20/20 44/44/44 43/43/43
f 20/20/20 21/21/21 44/44/44
f 21/21/21 45/45/45 44/44/44
f 21/21/21 22/22/22 45/45/45
f 22/22/22 46/46/46 45/45/45
f 22/22/22 23/23/23 46/46/46
f 23/23/23 47/47/47 46/46/46
f 23/23/23 24/24/24 47/47/47
f 24/24/24 48/48/48 47/47/47
f 24/24/24 1/1/1 48/48/48
f 1/1/1 25/25/25 48/48/48
f 25/25/25 26/26/26 49/49/49
f 26/26/26 50/50/50 49/49/49
f 26/26/26 27/27/27 50/50/50
f 27/27/27 51/51/51 50/50/50
f 27/27/27 28/28/28 51/51/51
f 28/28/28 52/52/52 51/51/51
f 28/28/28 29/29/29 52/52/52
f 29/29/29 53/53/53 52/52/52
f 29/29/29 30/30/30 53/53/53
f 30/30/30 54/54/54 53/53/53
f 30/30/30 31/31/31 54/54/54
f 31/31/31 55/55/55 54/54/54
f 31/31/31 32/32/32 55/55/55
f 32/32/32 56/56/56 55/55/55
f 32/32/32 33/33/33 56/56/56
f 33/33/33 57/57/57 56/56/56
f 33/33/33 34/34/34 57/57/57
f 34/34/34 58/58/58 57/57/57
f 34/34/34 35/35/35 58/58/58
f 35/35/35 59/59/59 58/58/58
f 35/35/35 36/36/36 59/59/59
f 36/36/36 60/60/60 59/59/59
f 36/36/36 37/37/37 60/60/60
f 37/37/37 61/61/61 60/60/60
f 37/37/37 38/38/38 61/61/61
f 38/38/38 62/62/62 61/61/61
f 38/38/38 39/39/39 62/62/62
f 39/39/39 63/63/63 62/62/62
f 39/39/39 40/40/40 63/63/63
f 40/40/40 64/64/64 63/63/63
f 40/40/40 41/41/41 64/64/64
f 41/41/41 65/65/65 64/64/64
f 41/41/41 42/42/42 65/65/65
f 42/42/42 66/66/66 65/65/65
f 42/42/42 43/43/43 66/66/66
f 43/43/43 67/67/67 66/66/66
f 43/43/43 44/44/44 67/67/67
f 44/44/44 68/68/68 67/67/67
f 44/44/44 45/45/45 68/68/68
f 45/45/45 69/69/69 68/68/68
f 45/45/45 46/46/46 69/69/69
f 46/46/46 70/70/70 69/69/69
f 46/46/46 47/47/47 70/70/70
f 47/47/47 71/71/71 70/70/70
f 47/47/47 48/48/48 71/71/71
f 48/48/48 72/72/72 71/71/71
f 48/48/48 25/25/25 72/72/72
f 25/25/25 49/49/49 72/72/72
f 49/49/49 50/50/50 73/73/73
f 50/50/50 74/74/74 73/73/73
f 50/50/50 51/51/51 74/74/74
f 51/51/51 75/75/75 74/74/74
f 51/51/51 52/52/52 75/75/75
f 52/52/52 76/76/76 75/75/75
f 52/52/52 53/53/53 76/76/76
f 53/53/53 77/77/77 76/76/76
f 53/53/53 54/54/54 77/77/77
f 54/54/54 78/78/78 77/77/77
f 54/54/54 55/55/55 78/78/78
f 55/55/55 79/79/79 78/78/78
f 55/55/55 56/56/56 79/79/79
f 56/56/56 80/80/80 79/79/79
f 56/56/56 57/57/57 80/80/80
f 57/57/57 81/81/81 80/80/80
f 57/57/57 58/58/58 81/81/81
f 58/58/58 82/82/82 81/81/81
f 58/58/58 59/59/59 82/82/82
f 59/59/59 83/83/83 82/82/82
f 59/59/59 60/60/60 83/83/83
f 60/60/60 84/84/84 83/83/83
f 60/60/60 61/61/61 84/84/84
f 61/61/61 85/85/85 84/84/84
f 61/61/61 62/62/62 85/85/85
f 62/62/62 86/86/86 85/85/85
f 62/62/62 63/63/63 86/86/86
f 63/63/63 87/87/87 86/86/86
f 63/63/63 64/64/64 87/87/87
f 64/64/64 88/88/88 87/87/87
f 64/64/64 65/65/65 88/88/88
f 65/65/65 89/89/89 88/88/88
f 65/65/65 66/66/66 89/89/89
f 66/66/66 90/90/90 89/89/89
f 66/66/66 67/67/67 90/90/90
f 67/67/67 91/91/91 90/90/90
f 67/67/67 68/68/68 91/91/91
f 68/68/68 92/92/92 91/91/91
f 68/68/68 69/69/69 92/92/92
f 69/69/69 93/93/93 92/92/92
f 69/69/69 70/70/70 93/93/93
f 70/70/70 94/94/94 93/93/93
f 70/70/70 71/71/71 94/94/94
f 71/71/71 95/95/95 94/94/94
f 71/71/71 72/72/72 95/95/95
f 72/72/72 96/96/96 95/95/95
f 72/72/72 49/49/49 96/96/96
f 49/49/49 73/73/73 96/96/96
f 73/73/73 74/74/74 97/97/97
f 74/74/74 98/98/98 97/97/97
f 74/74/74 75/75/75 98/98/98
f 75/75/75 99/99/99 98/98/98
f 75/75/75 76/76/76 99/99/99
f 76/76/76 100/100/100 99/99/99
f 76/76/76 77/77/77 100/100/100
f 77/77/77 101/101/101 100/100/100
f 77/77/77 78/78/78 101/101/101
f 78/78/78 102/102/102 101/101/101
f 78/78/78 79/79/79 102/102/102
f 79/79/79 103/103/103 102/102/102
f 79/79/79 80/80/80 103/103/103
f 80/80/80 104/104/104 103/103/103
f 80/80/80 81/81/81 104/104/104
f 81/81/81 105/105/105 104/104/104
f 81/81/81 82/82/82 105/105/105
f 82/82/82 106/106/106 105/105/105
f 82/82/82 83/83/83 106/106/106
f 83/83/83 107/107/107 106/106/106
f 83/83/83 84/84/84 107/107/107
f 84/84/84 108/108/108 107/107/107
f 84/84/84 85/85/85 108/108/108
f 85/85/85 109/109/109 108/108/108
f 85/85/85 86/86/86 109/109/109
f 86/86/86 110/110/110 109/109/109
f 86/86/86 87/87/87 110/110/110
f 87/87/87 111/111/111 110/110/110
f 87/87/87 88/88/88 111/111/111
f 88/88/88 112/112/112 111/111/111
f 88/88/88 89/89/89 112/112/112
f 89/89/89 113/113/113 112/112/112
f 89/89/89 90/90/90 113/113/113
f 90/90/90 114/114/114 113/113/113
f 90/90/90 91/91/91 114/114/114
f 91/91/91 115/115/115 114/114/114
f 91/91/91 92/92/92 115/115/115
f 92/92/92 116/116/116 115/115/115
f 92/92/92 93/93/93 116/116/116
f 93/93/93 117/117/117 116/116/116
f 93/93/93 94/94/94 117/117/117
f 94/94/94 118/118/118 117/117/117
f 94/94/94 95/95/95 118/118/118
f 95/95/95 119/119/119 118/118/118
f 95/95/95 96/96/96 119/119/119
f 96/96/96 120/120/120 119/119/119
f 96/96/96 73/73/73 120/120/120
f 73/73/73 97/97/97 120/120/120
f 97/97/97 98/98/98 121/121/121
f 98/98/98 122/122/122 121/121/121
f 98/98/98 99/99/99 122/122/122
f 99/99/99 123/123/123 122/122/122
f 99/99/99 100/100/100 123/123/123
f 100/100/100 124/124/124 123/123/123
f 100/100/100 101/101/101 124/124/124
f 101/101/101 125/125/125 124/124/124
f 101/101/101 102/102/102 125/125/125
f 102/102/102 126/126/126 125/125/125
f 102/102/102 103/103/103 126/126/126
f 103/103/103 127/127/127 126/126/126
f 103/103/103 104/104/104 127/127/127
f 104/104/104 128/128/128 127/127/127
f 104/104/104 105/105/105 128/128/128
f 105/105/105 129/129/129 128/128/128
f 105/105/105 106/106/106 129/129/129
f 106/106/106 130/130/130 129/129/129
f 106/106/106 107/107/107 130/130/130
f 107/107/107 131/131/131 130/130/130
f 107/107/107 108/108/108 131/131/131
f 108/108/108 132/132/132 131/131/131
f 108/108/108 109/109/109 132/132/132
f 109/109/109 133/133/133 132/132/132
f 109/109/109 110/110/110 133/133/133
f 110/110/110 134/134/134 133/133/133
f 110/110/110 111/111/111 134/134/134
f 111/111/111 135/135/135 134/134/134
f 111/111/111 112/112/112 135/135/135
f 112/112/112 136/136/136 135/135/135
f 112/112/112 113/113/113 136/136/136
f 113/113/113 137/137/137 136/136/136
f 113/113/113 114/114/114 137/137/137
f 114/114/114 138/138/138 137/137/137
f 114/114/114 115/115/115 138/138/138
f 115/115/115 139/139/139 138/138/138
f 115/115/115 116/116/116 139/139/139
f 116/116/116 140/140/140 139/139/139
f 116/116/116 117/117/117 140/140/140
f 117/117/117 141/141/141 140/140/140
f 117/117/117 118/118/118 141/141/141
f 118/118/118 142/142/142 141/141/141
f 118/118/118 119/119/119 142/142/142
f 119/119/119 143/143/143 142/142/142
f 119/119/119 120/120/120 143/143/143
f 120/120/120 144/144/144 143/143/143
f 120/120/120 97/97/97 144/144/144
f 97/97/97 121/121/121 144/144/144
f 121/121/121 122/122/122 145/145/145
f 122/122/122 146/146/146 145/145/145
f 122/122/122 123/123/123 146/146/146
f 123/123/123 147/147/147 146/146/146
f 123/123/123 124/124/124 147/147/147
f 124/124/124 148/148/148 147/147/147
f 124/124/124 125/125/125 148/148/148
f 125/125/125 149/149/149 148/148/148
f 125/125/125 126/126/126 149/149/149
f 126/126/126 150/150/150 149/149/149
f 126/126/126 127/127/127 150/150/150
f 127/127/127 151/151/151 150/150/150
f 127/127/127 128/128/128 151/151/151
f 128/128/128 152/152/152 151/151/151
f 128/128/128 129/129/129 152/152/152
f 129/129/129 153/153/153 152/152/152
f 129/129/129 130/130/130 153/153/153
f 130/130/130 154/154/154 153/153/153
f 130/130/130 131/131/131 154/154/154
f 131/131/131 155/155/155 154/154/154
f 131/131/131 132/132/132 155/155/155
f 132/132/132 156/156/156 155/155/155
f 132/132/132 133/133/133 156/156/156
f 133/133/133 157/157/157 156/156/156
f 133/133/133 134/134/134 157/157/157
f 134/134/134 158/158/158 157/157/157
f 134/134/134 135/135/135 158/158/158
f 135/135/135 159/159/159 158/158/158
f 135/135/135 136/136/136 159/159/159
f 136/136/136 160/160/160 159/159/159
f 136/136/136 137/137/137 160/160/160
f 137/137/137 161/161/161 160/160/160
f 137/137/137 138/138/138 161/161/161
f 138/138/138 162/162/162 161/161/161
f 138/138/138 139/139/139 162/162/162
f 139/139/139 163/163/163 162/162/162
f 139/139/139 140/140/140 163/163/163
f 140/140/140 164/164/164 163/163/163
f 140/140/140 141/141/141 164/164/164
f 141/141/141 165/165/165 164/164/164
f 141/141/141 142/142/142 165/165/165
f 142/142/142 166/166/166 165/165/165
f 142/142/142 143/143/143 166/166/166
f 143/143/143 167/167/167 166/166/166
f 143/143/143 144/144/144 167/167/167
f 144/144/144 168/168/168 167/167/167
f 144/144/144 121/121/121 168/168/168
f 121/121/121 145/145/145 168/168/168
f 145/145/145 146/146/146 169/169/169
f 146/146/146 170/170/170 169/169/169
f 146/146/146 147/147/147 170/170/170
f 147/147/147 171/171/171 170/170/170
f 147/147/147 148/148/148 171/171/171
f 148/148/148 172/172/172 171/171/171
f 148/148/148 149/149/149 172/172/172
f 149/149/149 173/173/173 172/172/172
f 149/149/149 150/150/150 173/173/173
f 150/150/150 174/174/174 173/173/173
f 150/150/150 151/151/151 174/174/174
f 151/151/151 175/175/175 174/174/174
f 151/151/151 152/152/152 175/175/175
f 152/152/152 176/176/176 175/175/175
f 152/152/152 153/153/153 176/176/176
f 153/153/153 177/177/177 176/176/176
f 153/153/153 154/154/154 177/177/177
f 154/154/154 178/178/178 177/177/177
f 154/154/154 155/155/155 178/178/178
f 155/155/155 179/179/179 178/178/178
f 155/155/155 156/156/156 179/179/179
f 156/156/156 180/180/180 179/179/179
f 156/156/156 157/157/157 180/180/180
f 157/157/157 181/181/181 180/180/180
f 157/157/157 158/158/158 181/181/181
f 158/158/158 182/182/182 181/181/181
f 158/158/158 159/159/159 182/182/182
f 159/159/159 183/183/183 182/182/182
f 159/159/159 160/160/160 183/183/183
f 160/160/160 184/184/184 183/183/183
f 160/160/160 161/161/161 184/184/184
f 161/161/161 185/185/185 184/184/184
f 161/161/161 162/162/162 185/185/185
f 162/162/162 186/186/186 185/185/185
f 162/162/162 163/163/163 186/186/186
f 163/163/163 187/187/187 186/186/186
f 163/163/163 164/164/164 187/187/187
f 164/164/164 188/188/188 187/187/187
f 164/164/164 165/165/165 188/188/188
f 165/165/165 189/189/189 188/188/188
f 165/165/165 166/166/166 189/189/189
f 166/166/166 190/190/190 189/189/189
f 166/166/166 167/167/167 190/190/190
f 167/167/167 191/191/191 190/190/190
f 167/167/167 168/168/168 191/191/191
f 168/168/168 192/192/192 191/191/191
f 168/168/168 145/145/145 192/192/192
f 145/145/145 169/169/169 192/192/192
f 169/169/169 170/170/170 193/193/193
f 170/170/170 194/194/194 193/193/193
f 170/170/170 171/171/171 194/194/194
f 171/171/171 195/195/195 194/194/194
f 171/171/171 172/172/172 195/195/195
f 172/172/172 196/196/196 195/195/195
f 172/172/172 173/173/173 196/196/196
f 173/173/173 197/197/197 196/196/196
f 173/173/173 174/174/174 197/197/197
f 174/174/174 198/198/198 197/197/197
f 174/174/174 175/175/175 198/198/198
f 175/175/175 199/199/199 198/198/198
f 175/175/175 176/176/176 199/199/199
f 176/176/176 200/200/200 199/199/199
f 176/176/176 177/177/177 200/200/200
f 177/177/177 201/201/201 200/200/200
f 177/177/177 178/178/178 201/201/201
f 178/178/178 202/202/202 201/201/201
f 178/178/178 179/179/179 202/202/202
f 179/179/179 203/203/203 202/202/202
f 179/179/179 180/180/180 203/203/203
f 180/180/180 204/204/204 203/203/203
f 180/180/180 181/181/181 204/204/204
f 181/181/181 205/205/205 204/204/204
f 181/181/181 182/182/182 205/205/205
f 182/182/182 206/206/206 205/205/205
f 182/182/182 183/183/183 206/206/206
f 183/183/183 207/207/207 206/206/206
f 183/183/183 184/184/184 207/207/207
f 184/184/184 208/208/208 207/207/207
f 184/184/184 185/185/185 208/208/208
f 185/185/185 209/209/209 208/208/208
f 185/185/185 186/186/186 209/209/209
f 186/186/186 210/210/210 209/209/209
f 186/186/186 187/187/187 210/210/210
f 187/187/187 211/211/211 210/210/210
f 187/187/187 188/188/188 211/211/211
f 188/188/188 212/212/212 211/211/211
f 188/188/188 189/189/189 212/212/212
f 189/189/189 213/213/213 212/212/212
f 189/189/189 190/190/190 213/213/213
f 190/190/190 214/214/214 213/213/213
f 190/190/190 191/191/191 214/214/214
f 191/191/191 215/215/215 214/214/214
f 191/191/191 192/192/192 215/215/215
f 192/192/192 216/216/216 215/215/215
f 192/192/192 169/169/169 216/216/216
f 169/169/169 193/193/193 216/216/216
f 193/193/193 194/194/194 217/217/217
f 194/194/194 218/218/218 217/217/217
f 194/194/194 195/195/195 218/218/218
f 195/195/195 219/219/219 218/218/218
f 195/195/195 196/196/196 219/219/219
f 196/196/196 220/220/220 219/219/219
f 196/196/196 197/197/197 220/220/220
f 197/197/197 221/221/221 220/220/220
f 197/197/197 198/198/198 221/221/221
f 198/198/198 222/222/222 221/221/221
f 198/198/198 199/199/199 222/222/222
f 199/199/199 223/223/223 222/222/222
f 199/199/199 200/200/200 223/223/223
f 200/200/200 224/224/224 223/223/223
f 200/200/200 201/201/201 224/224/224
f 201/201/201 225/225/225 224/224/224
f 201/201/201 202/202/202 225/225/225
f 202/202/202 226/226/226 225/225/225
f 202/202/202 203/203/203 226/226/226
f 203/203/203 227/227/227 226/226/226
f 203/203/203 204/204/204 227/227/227
f 204/204/204 228/228/228 227/227/227
f 204/204/204 205/205/205 228/228/228
f 205/205/205 229/229/229 228/228/228
f 205/205/205 206/206/206 229/229/229
f 206/206/206 230/230/230 229/229/229
f 206/206/206 207/207/207 230/230/230
f 207/207/207 231/231/231 230/230/230
f 207/207/207 208/208/208 231/231/231
f 208/208/208 232/232/232 231/231/231
f 208/208/208 209/209/209 232/232/232
f 209/209/209 233/233/233 232/232/232
f 209/209/209 210/210/210 233/233/233
f 210/210/210 234/234/234 233/233/233
f 210/210/210 211/211/211 234/234/234
f 211/211/211 235/235/235 234/234/234
f 211/211/211 212/212/212 235/235/235
f 212/212/212 236/236/236 235/235/235
f 212/212/212 213/213/213 236/236/236
f 213/213/213 237/237/237 236/236/236
f 213/213/213 214/214/214 237/237/237
f 214/214/214 238/238/238 237/237/237
f 214/214/214 215/215/215 238/238/238
f 215/215/215 239/239/239 238/238/238
f 215/215/215 216/216/216 239/239/239
f 216/216/216 240/240/240 239/239/239
f 216/216/216 193/193/193 240/240/240
f 193/193/193 217/217/217 240/240/240
f 217/217/217 218/218/218 241/241/241
f 218/218/218 242/242/242 241/241/241
f 218/218/218 219/219/219 242/242/242
f 219/219/219 243/243/243 242/242/242
f 219/219/219 220/220/220 243/243/243
f 220/220/220 244/244/244 243/243/243
f 220/220/220 221/221/221 244/244/244
f 221/221/221 245/245/245 244/244/244
f 221/221/221 222/222/222 245/245/245
f 222/222/222 246/246/246 245/245/245
f 222/222/222 223/223/223 246/246/246
f 223/223/223 247/247/247 246/246/246
f 223/223/223 224/224/224 247/247/247
f 224/224/224 248/248/248 247/247/247
f 224/224/224 225/225/225 248/248/248
f 225/225/225 249/249/249 248/248/248
f 225/225/225 226/226/226 249/249/249
f 226/226/226 250/250/250 249/249/249
f 226/226/226 227/227/227 250/250/250
f 227/227/227 251/251/251 250/250/250
f 227/227/227 228/228/228 251/251/251
f 228/228/228 252/252/252 251/251/251
f 228/228/228 229/229/229 252/252/252
f 229/229/229 253/253/253 252/252/252
f 229/229/229 230/230/230 253/253/253
f 230/230/230 254/254/254 253/253/253
f 230/230/230 231/231/231 254/254/254
f 231/231/231 255/255/255 254/254/254
f 231/231/231 232/232/232 255/255/255
f 232/232/232 256/256/256 255/255/255
f 232/232/232 233/233/233 256/256/256
f 233/233/233 257/257/257 256/256/256
f 233/233/233 234/234/234 257/257/257
f 234/234/234 258/258/258 257/257/257
f 234/234/234 235/235/235 258/258/258
f 235/235/235 259/259/259 258/258/258
f 235/235/235 236/236/236 259/259/259
f 236/236/236 260/260/260 259/259/259
f 236/236/236 237/237/237 260/260/260
f 237/237/237 261/261/261 260/260/260
f 237/237/237 238/238/238 261/261/261
f 238/238/238 262/262/262 261/261/261
f 238/238/238 239/239/239 262/262/262
f 239/239/239 263/263/263 262/262/262
f 239/239/239 240/240/240 263/263/263
f 240/240/240 264/264/264 263/263/263
f 240/240/240 217/217/217 264/264/264
f 217/217/217 241/241/241 264/264/264
f 241/241/241 242/242/242 265/265/265
f 242/242/242 266/266/266 265/265/265
f 242/242/242 243/243/243 266/266/266
f 243/243/243 267/267/267 266/266/266
f 243/243/243 244/244/244 267/267/267
f 244/244/244 268/268/268 267/267/267
f 244/244/244 245/245/245 268/268/268
f 245/245/245 269/269/269 268/268/268
f 245/245/245 246/246/246 269/269/269
f 246/246/246 270/270/270 269/269/269
f 246/246/246 247/247/247 270/270/270
f 247/247/247 271/271/271 270/270/270
f 247/247/247 248/248/248 271/271/271
f 248/248/248 272/272/272 271/271/271
f 248/248/248 249/249/249 272/272/272
f 249/249/249 273/273/273 272/272/272
f 249/249/249 250/250/250 273/273/273
f 250/250/250 274/274/274 273/273/273
f 250/250/250 251/251/251 274/274/274
f 251/251/251 275/275/275 274/274/274
f 251/251/251 252/252/252 275/275/275
f 252/252/252 276/276/276 275/275/275
f 252/252/252 253/253/253 276/276/276
f 253/253/253 277/277/277 276/276/276
f 253/253/253 254/254/254 277/277/277
f 254/254/254 278/278/278 277/277/277
f 254/254/254 255/255/255 278/278/278
f 255/255/255 279/279/279 278/278/278
f 255/255/255 256/256/256 279/279/279
f 256/256/256 280/280/280 279/279/279
f 256/256/256 257/257/257 280/280/280
f 257/257/257 281/281/281 280/280/280
f 257/257/257 258/258/258 281/281/281
f 258/258/258 282/282/282 281/281/281
f 258/258/258 259/259/259 282/282/282
f 259/259/259 283/283/283 282/282/282
f 259/259/259 260/260/260 283/283/283
f 260/260/260 284/284/284 283/283/283
f 260/260/260 261/261/261 284/284/284
f 261/261/261 285/285/285 284/284/284
f 261/261/261 262/262/262 285/285/285
f 262/262/262 286/286/286 285/285/285
f 262/262/262 263/263/263 286/286/286
f 263/263/263 287/287/287 286/286/286
f 263/263/263 264/264/264 287/287/287
f 264/264/264 288/288/288 287/287/287
f 264/264/264 241/241/241 288/288/288
f 241/241/241 265/265/265 288/288/288
f 265/265/265 266/266/266 289/289/289
f 266/266/266 290/290/290 289/289/289
f 266/266/266 267/267/267 290/290/290
f 267/267/267 291/291/291 290/290/290
f 267/267/267 268/268/268 291/291/291
f 268/268/268 292/292/292 291/291/291
f 268/268/268 269/269/269 292/292/292
f 269/269/269 293/293/293 292/292/292
f 269/269/269 270/270/270 293/293/293
f 270/270/270 294/294/294 293/293/293
f 270/270/270 271/271/271 294/294/294
f 271/271/271 295/295/295 294/294/294
f 271/271/271 272/272/272 295/295/295
f 272/272/272 296/296/296 295/295/295
f 272/272/272 273/273/273 296/296/296
f 273/273/273 297/297/297 296/296/296
f 273/273/273 274/274/274 297/297/297
f 274/274/274 298/298/298 297/297/297
f 274/274/274 275/275/275 298/298/298
f 275/275/275 299/299/299 298/298/298
f 275/275/275 276/276/276 299/299/299
f 276/276/276 300/300/300 299/299/299
f 276/276/276 277/277/277 300/300/300
f 277/277/277 301/301/301 300/300/300
f 277/277/277 278/278/278 301/301/301
f 278/278/278 302/302/302 301/301/301
f 278/278/278 279/279/279 302/302/302
f 279/279/279 303/303/303 302/302/302
f 279/279/279 280/280/280 303/303/303
f 280/280/280 304/304/304 303/303/303
f 280/280/280 281/281/281 304/304/304
f 281/281/281 305/305/305 304/304/304
f 281/281/281 282/282/282 305/305/305
f 282/282/282 306/306/306 305/305/305
f 282/282/282 283/283/283 306/306/306
f 283/283/283 307/307/307 306/306/306
f 283/283/283 284/284/284 307/307/307
f 284/284/284 308/308/308 307/307/307
f 284/284/284 285/285/285 308/308/308
f 285/285/285 309/309/309 308/308/308
f 285/285/285 286/286/286 309/309/309
f 286/286/286 310/310/310 309/309/309
f 286/286/286 287/287/287 310/310/310
f 287/287/287 311/311/311 310/310/310
f 287/287/287 288/288/288 311/311/311
f 288/288/288 312/312/312 311/311/311
f 288/288/288 265/265/265 312/312/312
f 265/265/265 289/289/289 312/312/312
f 289/289/289 290/290/290 313/313/313
f 290/290/290 314/314/314 313/313/313
f 290/290/290 291/291/291 314/314/314
f 291/291/291 315/315/315 314/314/314
f 291/291/291 292/292/292 315/315/315
f 292/292/292 316/316/316 315/315/315
f 292/292/292 293/293/293 316/316/316
f 293/293/293 317/317/317 316/316/316
f 293/293/293 294/294/294 317/317/317
f 294/294/294 318/318/318 317/317/317
f 294/294/294 295/295/295 318/318/318
f 295/295/295 319/319/319 318/318/318
f 295/295/295 296/296/296 319/319/319
f 296/296/296 320/320/320 319/319/319
f 296/296/296 297/297/297 320/320/320
f 297/297/297 321/321/321 320/320/320
f 297/297/297 298/298/298 321/321/321
f 298/298/298 322/322/322 321/321/321
f 298/298/298 299/299/299 322/322/322
f 299/299/299 323/323/323 322/322/322
f 299/299/299 300/300/300 323/323/323
f 300/300/300 324/324/324 323/323/323
f 300/300/300 301/301/301 324/324/324
f 301/301/301 325/325/325 324/324/324
f 301/301/301 302/302/302 325/325/325
f 302/302/302 326/326/326 325/325/325
f 302/302/302 303/303/303 326/326/326
f 303/303/303 327/327/327 326/326/326
f 303/303/303 304/304/304 327/327/327
f 304/304/304 328/328/328 327/327/327
f 304/304/304 305/305/305 328/328/328
f 305/305/305 329/329/329 328/328/328
f 305/305/305 306/306/306 329/329/329
f 306/306/306 330/330/330 329/329/329
f 306/306/306 307/307/307 330/330/330
f 307/307/307 331/331/331 330/330/330
f 307/307/307 308/308/308 331/331/331
f 308/308/308 332/332/332 331/331/331
f 308/308/308 309/309/309 332/332/332
f 309/309/309 333/333/333 332/332/332
f 309/309/309 310/310/310 333/333/333
f 310/310/310 334/334/334 333/333/333
f 310/310/310 311/311/311 334/334/334
f 311/311/311 335/335/335 334/334/334
f 311/311/311 312/312/312 335/335/335
f 312/312/312 336/336/336 335/335/335
f 312/312/312 289/289/289 336/336/336
f 289/289/289 313/313/313 336/336/336
f 313/313/313 314/314/314 337/337/337
f 314/314/314 338/338/338 337/337/337
f 314/314/314 315/315/315 338/338/338
f 315/315/315 339/339/339 338/338/338
f 315/315/315 316/316/316 339/339/339
f 316/316/316 340/340/340 339/339/339
f 316/316/316 317/317/317 340/340/340
f 317/317/317 341/341/341 340/340/340
f 317/317/317 318/318/318 341/341/341
f 318/318/318 342/342/342 341/341/341
f 318/318/318 319/319/319 342/342/342
f 319/319/319 343/343/343 342/342/342
f 319/319/319 320/320/320 343/343/343
f 320/320/320 344/344/344 343/343/343
f 320/320/320 321/321/321 344/344/344
f 321/321/321 345/345/345 344/344/344
f 321/321/321 322/322/322 345/345/345
f 322/322/322 346/346/346 345/345/345
f 322/322/322 323/323/323 346/346/346
f 323/323/323 347/347/347 346/346/346
f 323/323/323 324/324/324 347/347/347
f 324/324/324 348/348/348 347/347/347
f 324/324/324 325/325/325 348/348/348
f 325/325/325 349/349/349 348/348/348
f 325/325/325 326/326/326 349/349/349
f 326/326/326 350/350/350 349/349/349
f 326/326/326 327/327/327 350/350/350
f 327/327/327 351/351/351 350/350/350
f 327/327/327 328/328/328 351/351/351
f 328/328/328 352/352/352 351/351/351
f 328/328/328 329/329/329 352/352/352
f 329/329/329 353/353/353 352/352/352
f 329/329/329 330/330/330 353/353/353
f 330/330/330 354/354/354 353/353/353
f 330/330/330 331/331/331 354/354/354
f 331/331/331 355/355/355 354/354/354
f 331/331/331 332/332/332 355/355/355
f 332/332/332 356/356/356 355/355/355
f 332/332/332 333/333/333 356/356/356
f 333/333/333 357/357/357 356/356/356
f 333/333/333 334/334/334 357/357/357
f 334/334/334 358/358/358 357/357/357
f 334/334/334 335/335/335 358/358/358
f 335/335/335 359/359/359 358/358/358
f 335/335/335 336/336/336 359/359/359
f 336/336/336 360/360/360 359/359/359
f 336/336/336 313/313/313 360/360/360
f 313/313/313 337/337/337 360/360/360
f 337/337/337 338/338/338 361/361/361
f 338/338/338 362/362/362 361/361/361
f 338/338/338 339/339/339 362/362/362
f 339/339/339 363/363/363 362/362/362
f 339/339/339 340/340/340 363/363/363
f 340/340/340 364/364/364 363/363/363
f 340/340/340 341/341/341 364/364/364
f 341/341/341 365/365/365 364/364/364
f 341/341/341 342/342/342 365/365/365
f 342/342/342 366/366/366 365/365/365
f 342/342/342 343/343/343 366/366/366
f 343/343/343 367/367/367 366/366/366
f 343/343/343 344/344/344 367/367/367
f 344/344/344 368/368/368 367/367/367
f 344/344/344 345/345/345 368/368/368
f 345/345/345 369/369/369 368/368/368
f 345/345/345 346/346/346 369/369/369
f 346/346/346 370/370/370 369/369/369
f 346/346/346 347/347/347 370/370/370
f 347/347/347 371/371/371 370/370/370
f 347/347/347 348/348/348 371/371/371
f 348/348/348 372/372/372 371/371/371
f 348/348/348 349/349/349 372/372/372
f 349/349/349 373/373/373 372/372/372
f 349/349/349 350/350/350 373/373/373
f 350/350/350 374/374/374 373/373/373
f 350/350/350 351/351/351 374/374/374
f 351/351/351 375/375/375 374/374/374
f 351/351/351 352/352/352 375/375/375
f 352/352/352 376/376/376 375/375/375
f 352/352/352 353/353/353 376/376/376
f 353/353/353 377/377/377 376/376/376
f 353/353/353 354/354/354 377/377/377
f 354/354/354 378/378/378 377/377/377
f 354/354/354 355/355/355 378/378/378
f 355/355/355 379/379/379 378/378/378
f 355/355/355 356/356/356 379/379/379
f 356/356/356 380/380/380 379/379/379
f 356/356/356 357/357/357 380/380/380
f 357/357/357 381/381/381 380/380/380
f 357/357/357 358/358/358 381/381/381
f 358/358/358 382/382/382 381/381/381
f 358/358/358 359/359/359 382/382/382
f 359/359/359 383/383/383 382/382/382
f 359/359/359 360/360/360 383/383/383
f 360/360/360 384/384/384 383/383/383
f 360/360/360 337/337/337 384/384/384
f 337/337/337 361/361/361 384/384/384
f 361/361/361 362/362/362 385/385/385
f 362/362/362 386/386/386 385/385/385
f 362/362/362 363/363/363 386/386/386
f 363/363/363 387/387/387 386/386/386
f 363/363/363 364/364/364 387/387/387
f 364/364/364 388/388/388 387/387/387
f 364/364/364 365/365/365 388/388/388
f 365/365/365 389/389/389 388/388/388
f 365/365/365 366/366/366 389/389/389
f 366/366/366 390/390/390 389/389/389
f 366/366/366 367/367/367 390/390/390
f 367/367/367 391/391/391 390/390/390
f 367/367/367 368/368/368 391/391/391
f 368/368/368 392/392/392 391/391/391
f 368/368/368 369/369/369 392/392/392
f 369/369/369 393/393/393 392/392/392
f 369/369/369 370/370/370 393/393/393
f 370/370/370 394/394/394 393/393/393
f 370/370/370 371/371/371 394/394/394
f 371/371/371 395/395/395 394/394/394
f 371/371/371 372/372/372 395/395/395
f 372/372/372 396/396/396 395/395/395
f 372/372/372 373/373/373 396/396/396
f 373/373/373 397/397/397 396/396/396
f 373/373/373 374/374/374 397/397/397
f 374/374/374 398/398/398 397/397/397
f 374/374/374 375/375/375 398/398/398
f 375/375/375 399/399/399 398/398/398
f 375/375/375 376/376/376 399/399/399
f 376/376/376 400/400/400 399/399/399
f 376/376/376 377/377/377 400/400/400
f 377/377/377 401/401/401 400/400/400
f 377/377/377 378/378/378 401/401/401
f 378/378/378 402/402/402 401/401/401
f 378/378/378 379/379/379 402/402/402
f 379/379/379 403/403/403 402/402/402
f 379/379/379 380/380/380 403/403/403
f 380/380/380 404/404/404 403/403/403
f 380/380/380 381/381/381 404/404/404
f 381/381/381 405/405/405 404/404/404
f 381/381/381 382/382/382 405/405/405
f 382/382/382 406/406/406 405/405/405
f 382/382/382 383/383/383 406/406/406
f 383/383/383 407/407/407 406/406/406
f 383/383/383 384/384/384 407/407/407
f 384/384/384 408/408/408 407/407/407
f 384/384/384 361/361/361 408/408/408
f 361/361/361 385/385/385 408/408/408
f 409/409/409 410/410/410 425/425/425
f 410/410/410 426/426/426 425/425/425
f 410/410/410 411/411/411 426/426/426
f 411/411/411 427/427/427 426/426/426
f 411/411/411 412/412/412 427/427/427
f 412/412/412 428/428/428 427/427/427
f 412/412/412 413/413/413 428/428/428
f 413/413/413 429/429/429 428/428/428
f 413/413/413 414/414/414 429/429/429
f 414/414/414 430/430/430 429/429/429
f 414/414/414 415/415/415 430/430/430
f 415/415/415 431/431/431 430/430/430
f 415/415/415 416/416/416 431/431/431
f 416/416/416 432/432/432 431/431/431
f 416/416/416 417/417/417 432/432/432
f 417/417/417 433/433/433 432/432/432
f 417/417/417 418/418/418 433/433/433
f 418/418/418 434/434/434 433/433/433
f 418/418/418 419/419/419 434/434/434
f 419/419/419 435/435/435 434/434/434
f 419/419/419 420/420/420 435/435/435
f 420/420/420 436/436/436 435/435/435
f 420/420/420 421/421/421 436/436/436
f 421/421/421 437/437/437 436/436/436
f 421/421/421 422/422/422 437/437/437
f 422/422/422 438/438/438 437/437/437
f 422/422/422 423/423/423 438/438/438
f 423/423/423 439/439/439 438/438/438
f 423/423/423 424/424/424 439/439/439
f 424/424/424 440/440/440 439/439/439
f 424/424/424 409/409/409 440/440/440
f 409/409/409 425/425/425 440/440/440
f 425/425/425 426/426/426 441/441/441
f 426/426/426 442/442/442 441/441/441
f 426/426/426 427/427/427 442/442/442
f 427/427/427 443/443/443 442/442/442
f 427/427/427 428/428/428 443/443/443
f 428/428/428 444/444/444 443/443/443
f 428/428/428 429/429/429 444/444/444
f 429/429/429 445/445/445 444/444/444
f 429/429/429 430/430/430 445/445/445
f 430/430/430 446/446/446 445/445/445
f 430/430/430 431/431/431 446/446/446
f 431/431/431 447/447/447 446/446/446
f 431/431/431 432/432/432 447/447/447
f 432/432/432 448/448/448 447/447/447
f 432/432/432 433/433/433 448/448/448
f 433/433/433 449/449/449 448/448/448
f 433/433/433 434/434/434 449/449/449
f 434/434/434 450/450/450 449/449/449
f 434/434/434 435/435/435 450/450/450
f 435/435/435 451/451/451 450/450/450
f 435/435/435 436/436/436 451/451/451
f 436/436/436 452/452/452 451/451/451
f 436/436/436 437/437/437 452/452/452
f 437/437/437 453/453/453 452/452/452
f 437/437/437 438/438/438 453/453/453
f 438/438/438 454/454/454 453/453/453
f 438/438/438 439/439/439 454/454/454
f 439/439/439 455/455/455 454/454/454
f 439/439/439 440/440/440 455/455/455
f 440/440/440 456/456/456 455/455/455
f 440/440/440 425/425/425 456/456/456
f 425/425/425 441/441/441 456/456/456
f 441/441/441 442/442/442 457/457/457
f 442/442/442 458/458/458 457/457/457
f 442/442/442 443/443/443 458/458/458
f 443/443/443 459/459/459 458/458/458
f 443/443/443 444/444/444 459/459/459
f 444/444/444 460/460/460 459/459/459
f 444/444/444 445/445/445 460/460/460
f 445/445/445 461/461/461 460/460/460
f 445/445/445 446/446/446 461/461/461
f 446/446/446 462/462/462 461/461/461
f 446/446/446 447/447/447 462/462/462
f 447/447/447 463/463/463 462/462/462
f 447/447/447 448/448/448 463/463/463
f 448/448/448 464/464/464 463/463/463
f 448/448/448 449/449/449 464/464/464
f 449/449/449 465/465/465 464/464/464
f 449/449/449 450/450/450 465/465/465
f 450/450/450 466/466/466 465/465/465
f 450/450/450 451/451/451 466/466/466
f 451/451/451 467/467/467 466/466/466
f 451/451/451 452/452/452 467/467/467
f 452/452/452 468/468/468 467/467/467
f 452/452/452 453/453/453 468/468/468
f 453/453/453 469/469/469 468/468/468
f 453/453/453 454/454/454 469/469/469
f 454/454/454 470/470/470 469/469/469
f 454/454/454 455/455/455 470/470/470
f 455/455/455 471/471/471 470/470/470
f 455/455/455 456/456/456 471/471/471
f 456/456/456 472/472/472 471/471/471
f 456/456/456 441/441/441 472/472/472
f 441/441/441 457/457/457 472/472/472
f 457/457/457 458/458/458 473/473/473
f 458/458/458 474/474/474 473/473/473
f 458/458/458 459/459/459 474/474/474
f 459/459/459 475/475/475 474/474/474
f 459/459/459 460/460/460 475/475/475
f 460/460/460 476/476/476 475/475/475
f 460/460/460 461/461/461 476/476/476
f 461/461/461 477/477/477 476/476/476
f 461/461/461 462/462/462 477/477/477
f 462/462/462 478/478/478 477/477/477
f 462/462/462 463/463/463 478/478/478
f 463/463/463 479/479/479 478/478/478
f 463/463/463 464/464/464 479/479/479
f 464/464/464 480/480/480 479/479/479
f 464/464/464 465/465/465 480/480/480
f 465/465/465 481/481/481 480/480/480
f 465/465/465 466/466/466 481/481/481
f 466/466/466 482/482/482 481/481/481
f 466/466/466 467/467/467 482/482/482
f 467/467/467 483/483/483 482/482/482
f 467/467/467 468/468/468 483/483/483
f 468/468/468 484/484/484 483/483/483
f 468/468/468 469/469/469 484/484/484
f 469/469/469 485/485/485 484/484/484
f 469/469/469 470/470/470 485/485/485
f 470/470/470 486/486/486 485/485/485
f 470/470/470 471/471/471 486/486/486
f 471/471/471 487/487/487 486/486/486
f 471/471/471 472/472/472 487/487/487
f 472/472/472 488/488/488 487/487/487
f 472/472/472 457/457/457 488/488/488
f 457/457/457 473/473/473 488/488/488
f 473/473/473 474/474/474 489/489/489
f 474/474/474 490/490/490 489/489/489
f 474/474/474 475/475/475 490/490/490
f 475/475/475 491/491/491 490/490/490
f 475/475/475 476/476/476 491/491/491
f 476/476/476 492/492/492 491/491/491
f 476/476/476 477/477/477 492/492/492
f 477/477/477 493/493/493 492/492/492
f 477/477/477 478/478/478 493/493/493
f 478/478/478 494/494/494 493/493/493
f 478/478/478 479/479/479 494/494/494
f 479/479/479 495/495/495 494/494/494
f 479/479/479 480/480/480 495/495/495
f 480/480/480 496/496/496 495/495/495
f 480/480/480 481/481/481 496/496/496
f 481/481/481 497/497/497 496/496/496
f 481/481/481 482/482/482 497/497/497
f 482/482/482 498/498/498 497/497/497
f 482/482/482 483/483/483 498/498/498
f 483/483/483 499/499/499 498/498/498
f 483/483/483 484/484/484 499/499/499
f 484/484/484 500/500/500 499/499/499
f 484/484/484 485/485/485 500/500/500
f 485/485/485 501/501/501 500/500/500
f 485/485/485 486/486/486 501/501/501
f 486/486/486 502/502/502 501/501/501
f 486/486/486 487/487/487 502/502/502
f 487/487/487 503/503/503 502/502/502
f 487/487/487 488/488/488 503/503/503
f 488/488/488 504/504/504 503/503/503
f 488/488/488 473/473/473 504/504/504
f 473/473/473 489/489/489 504/504/504
f 489/489/489 490/490/490 505/505/505
f 490/490/490 506/506/506 505/505/505
f 490/490/490 491/491/491 506/506/506
f 491/491/491 507/507/507 506/506/506
f 491/491/491 492/492/492 507/507/507
f 492/492/492 508/508/508 507/507/507
f 492/492/492 493/493/493 508/508/508
f 493/493/493 509/509/509 508/508/508
f 493/493/493 494/494/494 509/509/509
f 494/494/494 510/510/510 509/509/509
f 494/494/494 495/495/495 510/510/510
f 495/495/495 511/511/511 510/510/510
f 495/495/495 496/496/496 511/511/511
f 496/496/496 512/512/512 511/511/511
f 496/496/496 497/497/497 512/512/512
f 497/497/497 513/513/513 512/512/512
f 497/497/497 498/498/498 513/513/513
f 498/498/498 514/514/514 513/513/513
f 498/498/498 499/499/499 514/514/514
f 499/499/499 515/515/515 514/514/514
f 499/499/499 500/500/500 515/515/515
f 500/500/500 516/516/516 515/515/515
f 500/500/500 501/501/501 516/516/516
f 501/501/501 517/517/517 516/516/516
f 501/501/501 502/502/502 517/517/517
f 502/502/502 518/518/518 517/517/517
f 502/502/502 503/503/503 518/518/518
f 503/503/503 519/519/519 518/518/518
f 503/503/503 504/504/504 519/519/519
f 504/504/504 520/520/520 519/519/519
f 504/504/504 489/489/489 520/520/520
f 489/489/489 505/505/505 520/520/520
f 505/505/505 506/506/506 521/521/521
f 506/506/506 522/522/522 521/521/521
f 506/506/506 507/507/507 522/522/522
f 507/507/507 523/523/523 522/522/522
f 507/507/507 508/508/508 523/523/523
f 508/508/508 524/524/524 523/523/523
f 508/508/508 509/509/509 524/524/524
f 509/509/509 525/525/525 524/524/524
f 509/509/509 510/510/510 525/525/525
f 510/510/510 526/526/526 525/525/525
f 510/510/510 511/511/511 526/526/526
f 511/511/511 527/527/527 526/526/526
f 511/511/511 512/512/512 527/527/527
f 512/512/512 528/528/528 527/527/527
f 512/512/512 513/513/513 528/528/528
f 513/513/513 529/529/529 528/528/528
f 513/513/513 514/514/514 529/529/529
f 514/514/514 530/530/530 529/529/529
f 514/514/514 515/515/515 530/530/530
f 515/515/515 531/531/531 530/530/530
f 515/515/515 516/516/516 531/531/531
f 516/516/516 532/532/532 531/531/531
f 516/516/516 517/517/517 532/532/532
f 517/517/517 533/533/533 532/532/532
f 517/517/517 518/518/518 533/533/533
f 518/518/518 534/534/534 533/533/533
f 518/518/518 519/519/519 534/534/534
f 519/519/519 535/535/535 534/534/534
f 519/519/519 520/520/520 535/535/535
f 520/520/520 536/536/536 535/535/535
f 520/520/520 505/505/505 536/536/536
f 505/505/505 521/521/521 536/536/536
f 521/521/521 522/522/522 537/537/537
f 522/522/522 538/538/538 537/537/537
f 522/522/522 523/523/523 538/538/538
f 523/523/523 539/539/539 538/538/538
f 523/523/523 524/524/524 539/539/539
f 524/524/524 540/540/540 539/539/539
f 524/524/524 525/525/525 540/540/540
f 525/525/525 541/541/541 540/540/540
f 525/525/525 526/526/526 541/541/541
f 526/526/526 542/542/542 541/541/541
f 526/526/526 527/527/527 542/542/542
f 527/527/527 543/543/543 542/542/542
f 527/527/527 528/528/528 543/543/543
f 528/528/528 544/544/544 543/543/543
f 528/528/528 529/529/529 544/544/544
f 529/529/529 545/545/545 544/544/544
f 529/529/529 530/530/530 545/545/545
f 530/530/530 546/546/546 545/545/545
f 530/530/530 531/531/531 546/546/546
f 531/531/531 547/547/547 546/546/546
f 531/531/531 532/532/532 547/547/547
f 532/532/532 548/548/548 547/547/547
f 532/532/532 533/533/533 548/548/548
f 533/533/533 549/549/549 548/548/548
f 533/533/533 534/534/534 549/549/549
f 534/534/534 550/550/550 549/549/549
f 534/534/534 535/535/535 550/550/550
f 535/535/535 551/551/551 550/550/550
f 535/535/535 536/536/536 551/551/551
f 536/536/536 552/552/552 551/551/551
f 536/536/536 521/521/521 552/552/552
f 521/521/521 537/537/537 552/552/552
f 537/537/537 538/538/538 553/553/553
f 538/538/538 554/554/554 553/553/553
f 538/538/538 539/539/539 554/554/554
f 539/539/539 555/555/555 554/554/554
f 539/539/539 540/540/540 555/555/555
f 540/540/540 556/556/556 555/555/555
f 540/540/540 541/541/541 556/556/556
f 541/541/541 557/557/557 556/556/556
f 541/541/541 542/542/542 557/557/557
f 542/542/542 558/558/558 557/557/557
f 542/542/542 543/543/543 558/558/558
f 543/543/543 559/559/559 558/558/558
f 543/543/543 544/544/544 559/559/559
f 544/544/544 560/560/560 559/559/559
f 544/544/544 545/545/545 560/560/560
f 545/545/545 561/561/561 560/560/560
f 545/545/545 546/546/546 561/561/561
f 546/546/546 562/562/562 561/561/561
f 546/546/546 547/547/547 562/562/562
f 547/547/547 563/563/563 562/562/562
f 547/547/547 548/548/548 563/563/563
f 548/548/548 564/564/564 563/563/563
f 548/548/548 549/549/549 564/564/564
f 549/549/549 565/565/565 564/564/564
f 549/549/549 550/550/550 565/565/565
f 550/550/550 566/566/566 565/565/565
f 550/550/550 551/551/551 566/566/566
f 551/551/551 567/567/567 566/566/566
f 551/551/551 552/552/552 567/567/567
f 552/552/552 568/568/568 567/567/567
f 552/552/552 537/537/537 568/568/568
f 537/537/537 553/553/553 568/568/568
f 553/553/553 554/554/554 569/569/569
f 554/554/554 570/570/570 569/569/569
f 554/554/554 555/555/555 570/570/570
f 555/555/555 571/571/571 570/570/570
f 555/555/555 556/556/556 571/571/571
f 556/556/556 572/572/572 571/571/571
f 556/556/556 557/557/557 572/572/572
f 557/557/557 573/573/573 572/572/572
f 557/557/557 558/558/558 573/573/573
f 558/558/558 574/574/574 573/573/573
f 558/558/558 559/559/559 574/574/574
f 559/559/559 575/575/575 574/574/574
f 559/559/559 560/560/560 575/575/575
f 560/560/560 576/576/576 575/575/575
f 560/560/560 561/561/561 576/576/576
f 561/561/561 577/577/577 576/576/576
f 561/561/561 562/562/562 577/577/577
f 562/562/562 578/578/578 577/577/577
f 562/562/562 563/563/563 578/578/578
f 563/563/563 579/579/579 578/578/578
f 563/563/563 564/564/564 579/579/579
f 564/564/564 580/580/580 579/579/579
f 564/564/564 565/565/565 580/580/580
f 565/565/565 581/581/581 580/580/580
f 565/565/565 566/566/566 581/581/581
f 566/566/566 582/582/582 581/581/581
f 566/566/566 567/567/567 582/582/582
f 567/567/567 583/583/583 582/582/582
f 567/567/567 568/568/568 583/583/583
f 568/568/568 584/584/584 583/583/583
f 568/568/568 553/553/553 584/584/584
f 553/553/553 569/569/569 584/584/584
f 569/569/569 570/570/570 585/585/585
f 570/570/570 586/586/586 585/585/585
f 570/570/570 571/571/571 586/586/586
f 571/571/571 587/587/587 586/586/586
f 571/571/571 572/572/572 587/587/587
f 572/572/572 588/588/588 587/587/587
f 572/572/572 573/573/573 588/588/588
f 573/573/573 589/589/589 588/588/588
f 573/573/573 574/574/574 589/589/589
f 574/574/574 590/590/590 589/589/589
f 574/574/574 575/575/575 590/590/590
f 575/575/575 591/591/591 590/590/590
f 575/575/575 576/576/576 591/591/591
f 576/576/576 592/592/592 591/591/591
f 576/576/576 577/577/577 592/592/592
f 577/577/577 593/593/593 592/592/592
f 577/577/577 578/578/578 593/593/593
f 578/578/578 594/594/594 593/593/593
f 578/578/578 579/579/579 594/594/594
f 579/579/579 595/595/595 594/594/594
f 579/579/579 580/580/580 595/595/595
f 580/580/580 596/596/596 595/595/595
f 580/580/580 581/581/581 596/596/596
f 581/581/581 597/597/597 596/596/596
f 581/581/581 582/582/582 597/597/597
f 582/582/582 598/598/598 597/597/597
f 582/582/582 583/583/583 598/598/598
f 583/583/583 599/599/599 598/598/598
f 583/583/583 584/584/584 599/599/599
f 584/584/584 600/600/600 599/599/599
f 584/584/584 569/569/569 600/600/600
f 569/569/569 585/585/585 600/600/600
f 585/585/585 586/586/586 601/601/601
f 586/586/586 602/602/602 601/601/601
f 586/586/586 587/587/587 602/602/602
f 587/587/587 603/603/603 602/602/602
f 587/587/587 588/588/588 603/603/603
f 588/588/588 604/604/604 603/603/603
f 588/588/588 589/589/589 604/604/604
f 589/589/589 605/605/605 604/604/604
f 589/589/589 590/590/590 605/605/605
f 590/590/590 606/606/606 605/605/605
f 590/590/590 591/591/591 606/606/606
f 591/591/591 607/607/607 606/606/606
f 591/591/591 592/592/592 607/607/607
f 592/592/592 608/608/608 607/607/607
f 592/592/592 593/593/593 608/608/608
f 593/593/593 609/609/609 608/608/608
f 593/593/593 594/594/594 609/609/609
f 594/594/594 610/610/610 609/609/609
f 594/594/594 595/595/595 610/610/610
f 595/595/595 611/611/611 610/610/610
f 595/595/595 596/596/596 611/611/611
f 596/596/596 612/612/612 611/611/611
f 596/596/596 597/597/597 612/612/612
f 597/597/597 613/613/613 612/612/612
f 597/597/597 598/598/598 613/613/613
f 598/598/598 614/614/614 613/613/613
f 598/598/598 599/599/599 614/614/614
f 599/599/599 615/615/615 614/614/614
f 599/599/599 600/600/600 615/615/615
f 600/600/600 616/616/616 615/615/615
f 600/600/600 585/585/585 616/616/616
f 585/585/585 601/601/601 616/616/616
f 601/601/601 602/602/602 617/617/617
f 602/602/602 618/618/618 617/617/617
f 602/602/602 603/603/603 618/618/618
f 603/603/603 619/619/619 618/618/618
f 603/603/603 604/604/604 619/619/619
f 604/604/604 620/620/620 619/619/619
f 604/604/604 605/605/605 620/620/620
f 605/605/605 621/621/621 620/620/620
f 605/605/605 606/606/606 621/621/621
f 606/606/606 622/622/622 621/621/621
f 606/606/606 607/607/607 622/622/622
f 607/607/607 623/623/623 622/622/622
f 607/607/607 608/608/608 623/623/623
f 608/608/608 624/624/624 623/623/623
f 608/608/608 609/609/609 624/624/624
f 609/609/609 625/625/625 624/624/624
f 609/609/609 610/610/610 625/625/625
f 610/610/610 626/626/626 625/625/625
f 610/610/610 611/611/611 626/626/626
f 611/611/611 627/627/627 626/626/626
f 611/611/611 612/612/612 627/627/627
f 612/612/612 628/628/628 627/627/627
f 612/612/612 613/613/613 628/628/628
f 613/613/613 629/629/629 628/628/628
f 613/613/613 614/614/614 629/629/629
f 614/614/614 630/630/630 629/629/629
f 614/614/614 615/615/615 630/630/630
f 615/615/615 631/631/631 630/630/630
f 615/615/615 616/616/616 631/631/631
f 616/616/616 632/632/632 631/631/631
f 616/616/616 601/601/601 632/632/632
f 601/601/601 617/617/617 632/632/632
f 617/617/617 618/618/618 633/633/633
f 618/618/618 634/634/634 633/633/633
f 618/618/618 619/619/619 634/634/634
f 619/619/619 635/635/635 634/634/634
f 619/619/619 620/620/620 635/635/635
f 620/620/620 636/636/636 635/635/635
f 620/620/620 621/621/621 636/636/636
f 621/621/621 637/637/637 636/636/636
f 621/621/621 622/622/622 637/637/637
f 622/622/622 638/638/638 637/637/637
f 622/622/622 623/623/623 638/638/638
f 623/623/623 639/639/639 638/638/638
f 623/623/623 624/624/624 639/639/639
f 624/624/624 640/640/640 639/639/639
f 624/624/624 625/625/625 640/640/640
f 625/625/625 641/641/641 640/640/640
f 625/625/625 626/626/626 641/641/641
f 626/626/626 642/642/642 641/641/641
f 626/626/626 627/627/627 642/642/642
f 627/627/627 643/643/643 642/642/642
f 627/627/627 628/628/628 643/643/643
f 628/628/628 644/644/644 643/643/643
f 628/628/628 629/629/629 644/644/644
f 629/629/629 645/645/645 644/644/644
f 629/629/629 630/630/630 645/645/645
f 630/630/630 646/646/646 645/645/645
f 630/630/630 631/631/631 646/646/646
f 631/631/631 647/647/647 646/646/646
f 631/631/631 632/632/632 647/647/647
f 632/632/632 648/648/648 647/647/647
f 632/632/632 617/617/617 648/648/648
f 617/617/617 633/633/633 648/648/648
f 633/633/633 634/634/634 649/649/649
f 634/634/634 650/650/650 649/649/649
f 634/634/634 635/635/635 650/650/650
f 635/635/635 651/651/651 650/650/650
f 635/635/635 636/636/636 651/651/651
f 636/636/636 652/652/652 651/651/651
f 636/636/636 637/637/637 652/652/652
f 637/637/637 653/653/653 652/652/652
f 637/637/637 638/638/638 653/653/653
f 638/638/638 654/654/654 653/653/653
f 638/638/638 639/639/639 654/654/654
f 639/639/639 655/655/655 654/654/654
f 639/639/639 640/640/640 655/655/655
f 640/640/640 656/656/656 655/655/655
f 640/640/640 641/641/641 656/656/656
f 641/641/641 657/657/657 656/656/656
f 641/641/641 642/642/642 657/657/657
f 642/642/642 658/658/658 657/657/657
f 642/642/642 643/643/643 658/658/658
f 643/643/643 659/659/659 658/658/658
f 643/643/643 644/644/644 659/659/659
f 644/644/644 660/660/660 659/659/659
f 644/644/644 645/645/645 660/660/660
f 645/645/645 661/661/661 660/660/660
f 645/645/645 646/646/646 661/661/661
f 646/646/646 662/662/662 661/661/661
f 646/646/646 647/647/647 662/662/662
f 647/647/647 663/663/663 662/662/662
f 647/647/647 648/648/648 663/663/663
f 648/648/648 664/664/664 663/663/663
f 648/648/648 633/633/633 664/664/664
f 633/633/633 649/649/649 664/664/664
f 649/649/649 650/650/650 665/665/665
f 650/650/650 666/666/666 665/665/665
f 650/650/650 651/651/651 666/666/666
f 651/651/651 667/667/667 666/666/666
f 651/651/651 652/652/652 667/667/667
f 652/652/652 668/668/668 667/667/667
f 652/652/652 653/653/653 668/668/668
f 653/653/653 669/669/669 668/668/668
f 653/653/653 654/654/654 669/669/669
f 654/654/654 670/670/670 669/669/669
f 654/654/654 655/655/655 670/670/670
f 655/655/655 671/671/671 670/670/670
f 655/655/655 656/656/656 671/671/671
f 656/656/656 672/672/672 671/671/671
f 656/656/656 657/657/657 672/672/672
f 657/657/657 673/673/673 672/672/672
f 657/657/657 658/658/658 673/673/673
f 658/658/658 674/674/674 673/673/673
f 658/658/658 659/659/659 674/674/674
f 659/659/659 675/675/675 674/674/674
f 659/659/659 660/660/660 675/675/675
f 660/660/660 676/676/676 675/675/675
f 660/660/660 661/661/661 676/676/676
f 661/661/661 677/677/677 676/676/676
f 661/661/661 662/662/662 677/677/677
f 662/662/662 678/678/678 677/677/677
f 662/662/662 663/663/663 678/678/678
f 663/663/663 679/679/679 678/678/678
f 663/663/663 664/664/664 679/679/679
f 664/664/664 680/680/680 679/679/679
f 664/664/664 649/649/649 680/680/680
f 649/649/649 665/665/665 680/680/680
f 665/665/665 666/666/666 681/681/681
f 666/666/666 682/682/682 681/681/681
f 666/666/666 667/667/667 682/682/682
f 667/667/667 683/683/683 682/682/682
f 667/667/667 668/668/668 683/683/683
f 668/668/668 684/684/684 683/683/683
f 668/668/668 669/669/669 684/684/684
f 669/669/669 685/685/685 684/684/684
f 669/669/669 670/670/670 685/685/685
f 670/670/670 686/686/686 685/685/685
f 670/670/670 671/671/671 686/686/686
f 671/671/671 687/687/687 686/686/686
f 671/671/671 672/672/672 687/687/687
f 672/672/672 688/688/688 687/687/687
f 672/672/672 673/673/673 688/688/688
f 673/673/673 689/689/689 688/688/688
f 673/673/673 674/674/674 689/689/689
f 674/674/674 690/690/690 689/689/689
f 674/674/674 675/675/675 690/690/690
f 675/675/675 691/691/691 690/690/690
f 675/675/675 676/676/676 691/691/691
f 676/676/676 692/692/692 691/691/691
f 676/676/676 677/677/677 692/692/692
f 677/677/677 693/693/693 692/692/692
f 677/677/677 678/678/678 693/693/693
f 678/678/678 694/694/694 693/693/693
f 678/678/678 679/679/679 694/694/694
f 679/679/679 695/695/695 694/694/694
f 679/679/679 680/680/680 695/695/695
f 680/680/680 696/696/696 695/695/695
f 680/680/680 665/665/665 696/696/696
f 665/665/665 681/681/681 696/696/696
f 681/681/681 682/682/682 697/697/697
f 682/682/682 698/698/698 697/697/697
f 682/682/682 683/683/683 698/698/698
f 683/683/683 699/699/699 698/698/698
f 683/683/683 684/684/684 699/699/699
f 684/684/684 700/700/700 699/699/699
f 684/684/684 685/685/685 700/700/700
f 685/685/685 701/701/701 700/700/700
f 685/685/685 686/686/686 701/701/701
f 686/686/686 702/702/702 701/701/701
f 686/686/686 687/687/687 702/702/702
f 687/687/687 703/703/703 702/702/702
f 687/687/687 688/688/688 703/703/703
f 688/688/688 704/704/704 703/703/703
f 688/688/688 689/689/689 704/704/704
f 689/689/689 705/705/705 704/704/704
f 689/689/689 690/690/690 705/705/705
f 690/690/690 706/706/706 705/705/705
f 690/690/690 691/691/691 706/706/706
f 691/691/691 707/707/707 706/706/706
f 691/691/691 692/692/692 707/707/707
f 692/692/692 708/708/708 707/707/707
f 692/692/692 693/693/693 708/708/708
f 693/693/693 709/709/709 708/708/708
f 693/693/693 694/694/694 709/709/709
f 694/694/694 710/710/710 709/709/709
f 694/694/694 695/695/695 710/710/710
f 695/695/695 711/711/711 710/710/710
f 695/695/695 696/696/696 711/711/711
f 696/696/696 712/712/712 711/711/711
f 696/696/696 681/681/681 712/712/712
f 681/681/681 697/697/697 712/712/712
f 697/697/697 698/698/698 713/713/713
f 698/698/698 714/714/714 713/713/713
f 698/698/698 699/699/699 714/714/714
f 699/699/699 715/715/715 714/714/714
f 699/699/699 700/700/700 715/715/715
f 700/700/700 716/716/716 715/715/715
f 700/700/700 701/701/701 716/716/716
f 701/701/701 717/717/717 716/716/716
f 701/701/701 702/702/702 717/717/717
f 702/702/702 718/718/718 717/717/717
f 702/702/702 703/703/703 718/718/718
f 703/703/703 719/719/719 718/718/718
f 703/703/703 704/704/704 719/719/719
f 704/704/704 720/720/720 719/719/719
f 704/704/704 705/705/705 720/720/720
f 705/705/705 721/721/721 720/720/720
f 705/705/705 706/706/706 721/721/721
f 706/706/706 722/722/722 721/721/721
f 706/706/706 707/707/707 722/722/722
f 707/707/707 723/723/723 722/722/722
f 707/707/707 708/708/708 723/723/723
f 708/708/708 724/724/724 723/723/723
f 708/708/708 709/709/709 724/724/724
f 709/709/709 725/725/725 724/724/724
f 709/709/709 710/710/710 725/725/725
f 710/710/710 726/726/726 725/725/725
f 710/710/710 711/711/711 726/726/726
f 711/711/711 727/727/727 726/726/726
f 711/711/711 712/712/712 727/727/727
f 712/712/712 728/728/728 727/727/727
f 712/712/712 697/697/697 728/728/728
f 697/697/697 713/713/713 728/728/728
f 713/713/713 714/714/714 729/729/729
f 714/714/714 730/730/730 729/729/729
f 714/714/714 715/715/715 730/730/730
f 715/715/715 731/731/731 730/730/730
f 715/715/715 716/716/716 731/731/731
f 716/716/716 732/732/732 731/731/731
f 716/716/716 717/717/717 732/732/732
f 717/717/717 733/733/733 732/732/732
f 717/717/717 718/718/718 733/733/733
f 718/718/718 734/734/734 733/733/733
f 718/718/718 719/719/719 734/734/734
f 719/719/719 735/735/735 734/734/734
f 719/719/719 720/720/720 735/735/735
f 720/720/720 736/736/736 735/735/735
f 720/720/720 721/721/721 736/736/736
f 721/721/721 737/737/737 736/736/736
f 721/721/721 722/722/722 737/737/737
f 722/722/722 738/738/738 737/737/737
f 722/722/722 723/723/723 738/738/738
f 723/723/723 739/739/739 738/738/738
f 723/723/723 724/724/724 739/739/739
f 724/724/724 740/740/740 739/739/739
f 724/724/724 725/725/725 740/740/740
f 725/725/725 741/741/741 740/740/740
f 725/725/725 726/726/726 741/741/741
f 726/726/726 742/742/742 741/741/741
f 726/726/726 727/727/727 742/742/742
f 727/727/727 743/743/743 742/742/742
f 727/727/727 728/728/728 743/743/743
f 728/728/728 744/744/744 743/743/743
f 728/728/728 713/713/713 744/744/744
f 713/713/713 729/729/729 744/744/744
f 729/729/729 730/730/730 745/745/745
f 730/730/730 746/746/746 745/745/745
f 730/730/730 731/731/731 746/746/746
f 731/731/731 747/747/747 746/746/746
f 731/731/731 732/732/732 747/747/747
f 732/732/732 748/748/748 747/747/747
f 732/732/732 733/733/733 748/748/748
f 733/733/733 749/749/749 748/748/748
f 733/733/733 734/734/734 749/749/749
f 734/734/734 750/750/750 749/749/749
f 734/734/734 735/735/735 750/750/750
f 735/735/735 751/751/751 750/750/750
f 735/735/735 736/736/736 751/751/751
f 736/736/736 752/752/752 751/751/751
f 736/736/736 737/737/737 752/752/752
f 737/737/737 753/753/753 752/752/752
f 737/737/737 738/738/738 753/753/753
f 738/738/738 754/754/754 753/753/753
f 738/738/738 739/739/739 754/754/754
f 739/739/739 755/755/755 754/754/754
f 739/739/739 740/740/740 755/755/755
f 740/740/740 756/756/756 755/755/755
f 740/740/740 741/741/741 756/756/756
f 741/741/741 757/757/757 756/756/756
f 741/741/741 742/742/742 757/757/757
f 742/742/742 758/758/758 757/757/757
f 742/742/742 743/743/743 758/758/758
f 743/743/743 759/759/759 758/758/758
f 743/743/743 744/744/744 759/759/759
f 744/744/744 760/760/760 759/759/759
f 744/744/744 729/729/729 760/760/760
f 729/729/729 745/745/745 760/760/760
f 745/745/745 746/746/746 761/761/761
f 746/746/746 762/762/762 761/761/761
f 746/746/746 747/747/747 762/762/762
f 747/747/747 763/763/763 762/762/762
f 747/747/747 748/748/748 763/763/763
f 748/748/748 764/764/764 763/763/763
f 748/748/748 749/749/749 764/764/764
f 749/749/749 765/765/765 764/764/764
f 749/749/749 750/750/750 765/765/765
f 750/750/750 766/766/766 765/765/765
f 750/750/750 751/751/751 766/766/766
f 751/751/751 767/767/767 766/766/766
f 751/751/751 752/752/752 767/767/767
f 752/752/752 768/768/768 767/767/767
f 752/752/752 753/753/753 768/768/768
f 753/753/753 769/769/769 768/768/768
f 753/753/753 754/754/754 769/769/769
f 754/754/754 770/770/770 769/769/769
f 754/754/754 755/755/755 770/770/770
f 755/755/755 771/771/771 770/770/770
f 755/755/755 756/756/756 771/771/771
f 756/756/756 772/772/772 771/771/771
f 756/756/756 757/757/757 772/772/772
f 757/757/757 773/773/773 772/772/772
f 757/757/757 758/758/758 773/773/773
f 758/758/758 774/774/774 773/773/773
f 758/758/758 759/759/759 774/774/774
f 759/759/759 775/775/775 774/774/774
f 759/759/759 760/760/760 775/775/775
f 760/760/760 776/776/776 775/775/775
f 760/760/760 745/745/745 776/776/776
f 745/745/745 761/761/761 776/776/776
f 761/761/761 762/762/762 777/777/777
f 762/762/762 778/778/778 777/777/777
f 762/762/762 763/763/763 778/778/778
f 763/763/763 779/779/779 778/778/778
f 763/763/763 764/764/764 779/779/779
f 764/764/764 780/780/780 779/779/779
f 764/764/764 765/765/765 780/780/780
f 765/765/765 781/781/781 780/780/780
f 765/765/765 766/766/766 781/781/781
f 766/766/766 782/782/782 781/781/781
f 766/766/766 767/767/767 782/782/782
f 767/767/767 783/783/783 782/782/782
f 767/767/767 768/768/768 783/783/783
f 768/768/768 784/784/784 783/783/783
f 768/768/768 769/769/769 784/784/784
f 769/769/769 785/785/785 784/784/784
f 769/769/769 770/770/770 785/785/785
f 770/770/770 786/786/786 785/785/785
f 770/770/770 771/771/771 786/786/786
f 771/771/771 787/787/787 786/786/786
f 771/771/771 772/772/772 787/787/787
f 772/772/772 788/788/788 787/787/787
f 772/772/772 773/773/773 788/788/788
f 773/773/773 789/789/789 788/788/788
f 773/773/773 774/774/774 789/789/789
f 774/774/774 790/790/790 789/789/789
f 774/774/774 775/775/775 790/790/790
f 775/775/775 791/791/791 790/790/790
f 775/775/775 776/776/776 791/791/791
f 776/776/776 792/792/792 791/791/791
f 776/776/776 761/761/761 792/792/792
f 761/761/761 777/777/777 792/792/792
f 777/777/777 778/778/778 409/409/409
f 778/778/778 410/410/410 409/409/409
f 778/778/778 779/779/779 410/410/410
f 779/779/779 411/411/411 410/410/410
f 779/779/779 780/780/780 411/411/411
f 780/780/780 412/412/412 411/411/411
f 780/780/780 781/781/781 412/412/412
f 781/781/781 413/413/413 412/412/412
f 781/781/781 782/782/782 413/413/413
f 782/782/782 414/414/414 413/413/413
f 782/782/782 783/783/783 414/414/414
f 783/783/783 415/415/415 414/414/414
f 783/783/783 784/784/784 415/415/415
f 784/784/784 416/416/416 415/415/415
f 784/784/784 785/785/785 416/416/416
f 785/785/785 417/417/417 416/416/416
f 785/785/785 786/786/786 417/417/417
f 786/786/786 418/418/418 417/417/417
f 786/786/786 787/787/787 418/418/418
f 787/787/787 419/419/419 418/418/418
f 787/787/787 788/788/788 419/419/419
f 788/788/788 420/420/420 419/419/419
f 788/788/788 789/789/789 420/420/420
f 789/789/789 421/421/421 420/420/420
f 789/789/789 790/790/790 421/421/421
f 790/790/790 422/422/422 421/421/421
f 790/790/790 791/791/791 422/422/422
f 791/791/791 423/423/423 422/422/422
f 791/791/791 792/792/792 423/423/423
f 792/792/792 424/424/424 423/423/423
f 792/792/792 777/777/777 424/424/424
f 777/777/777 409/409/409 424/424/424
