# Poly-Spinor Nexus 7D Avatar
# Vault: vault_00010
# Avatar ID: 068232da7599f19a
# Type: hybrid_form
# Rarity: primordial (100.0)
# Generated: 2026-01-07T02:36:22.358788

v -0.098349 0.495395 1.001896
v -0.098349 0.495395 1.001896
v -0.098349 0.495395 1.001896
v -0.098349 0.495395 1.001896
v -0.098349 0.495395 1.001896
v -0.098349 0.495395 1.001896
v -0.098349 0.495395 1.001896
v -0.098349 0.495395 1.001896
v -0.098349 0.495395 1.001896
v -0.098349 0.495395 1.001896
v -0.098349 0.495395 1.001896
v -0.098349 0.495395 1.001896
v -0.098349 0.495395 1.001896
v -0.098349 0.495395 1.001896
v -0.098349 0.495395 1.001896
v -0.098349 0.495395 1.001896
v -0.098349 0.495395 1.001896
v -0.098349 0.495395 1.001896
v -0.098349 0.495395 1.001896
v -0.098349 0.495395 1.001896
v -0.098349 0.495395 1.001896
v -0.098349 0.495395 1.001896
v -0.098349 0.495395 1.001896
v -0.098349 0.495395 1.001896
v 0.27473 0.75304 1.409562
v 0.227432 0.762962 1.246952
v 0.138517 0.638234 0.930376
v 0.06025 0.475489 0.633643
v 0.012182 0.407107 0.509676
v -0.036244 0.503762 0.610191
v -0.127728 0.716243 0.865668
v -0.261997 0.906363 1.128002
v -0.381972 0.945451 1.249959
v -0.420102 0.803849 1.163171
v -0.362705 0.563885 0.917937
v -0.268909 0.352902 0.661946
v -0.222225 0.255118 0.561818
v -0.257577 0.269411 0.704341
v -0.331436 0.333518 1.034913
v -0.362622 0.380373 1.378205
v -0.304847 0.377244 1.538484
v -0.183478 0.327885 1.421743
v -0.065191 0.255509 1.099621
v 0.00605 0.192169 0.768412
v 0.043375 0.177298 0.626369
v 0.091212 0.247388 0.749469
v 0.169786 0.407867 1.047352
v 0.248471 0.607959 1.32566
v 0.701426 0.797212 1.382493
v 0.588678 0.874526 1.172993
v 0.370061 0.756547 0.823102
v 0.178142 0.557969 0.515685
v 0.07395 0.471247 0.388133
v -0.002129 0.610788 0.471872
v -0.152199 0.909567 0.696174
v -0.395986 1.163029 0.933683
v -0.629373 1.187132 1.05906
v -0.71407 0.956785 1.004438
v -0.613122 0.610705 0.798702
v -0.436796 0.328951 0.56856
v -0.348231 0.197506 0.482044
v -0.415624 0.172973 0.647763
v -0.551787 0.158824 1.02816
v -0.598428 0.10481 1.437055
v -0.47308 0.035666 1.643753
v -0.238016 -0.000789 1.524649
v -0.029527 0.005803 1.155088
v 0.076885 0.028669 0.767461
v 0.13013 0.057348 0.598304
v 0.235984 0.131829 0.732071
v 0.431397 0.304665 1.05256
v 0.631006 0.562682 1.331342
v 0.81617 0.587293 0.938417
v 0.739814 0.749008 0.820515
v 0.587383 0.845786 0.684197
v 0.407165 0.894531 0.568902
v 0.227966 0.937574 0.499582
v 0.042302 1.001434 0.480227
v -0.17082 1.067937 0.499926
v -0.407886 1.08528 0.541581
v -0.62774 1.010354 0.587493
v -0.778637 0.844886 0.624052
v -0.839978 0.634057 0.648774
v -0.837451 0.431005 0.675921
v -0.815732 0.260844 0.731744
v -0.7946 0.11531 0.836225
v -0.750932 -0.021974 0.981895
v -0.643847 -0.148154 1.128299
v -0.458162 -0.23898 1.221882
v -0.22376 -0.271238 1.230396
v 0.007271 -0.244125 1.166166
v 0.202223 -0.176756 1.07849
v 0.366852 -0.085649 1.019157
v 0.524235 0.032036 1.006861
v 0.676429 0.189755 1.017318
v 0.78915 0.38553 1.005083
v 0.626154 0.323448 0.469607
v 0.681115 0.533931 0.464773
v 0.782133 0.902521 0.518999
v 0.74293 1.318659 0.535951
v 0.485387 1.566342 0.482046
v 0.116025 1.502339 0.38359
v -0.182877 1.185266 0.284465
v -0.335609 0.831827 0.217671
v -0.442528 0.636568 0.209877
v -0.664049 0.618867 0.29073
v -1.034553 0.633042 0.473914
v -1.395562 0.522231 0.71983
v -1.521733 0.264931 0.928514
v -1.321936 -0.020195 0.995264
v -0.921219 -0.201927 0.897896
v -0.544642 -0.260847 0.737432
v -0.317019 -0.288102 0.679408
v -0.172495 -0.369884 0.827878
v 0.04379 -0.484672 1.132429
v 0.3908 -0.52202 1.411523
v 0.752478 -0.401404 1.481232
v 0.94408 -0.163276 1.28845
v 0.895467 0.067553 0.942981
v 0.724821 0.211933 0.628277
v 0.589111 0.228995 0.293498
v 0.712342 0.456326 0.295461
v 0.946825 0.924574 0.333856
v 0.979026 1.487496 0.305581
v 0.670012 1.825716 0.210284
v 0.183892 1.720468 0.112334
v -0.187906 1.257046 0.058074
v -0.324817 0.76021 0.043392
v -0.393202 0.516809 0.054759
v -0.659859 0.54297 0.11792
v -1.189371 0.607699 0.280841
v -1.733326 0.477348 0.538804
v -1.932219 0.138437 0.789129
v -1.639943 -0.210636 0.88815
v -1.056105 -0.37412 0.779391
v -0.538052 -0.354426 0.573601
v -0.277836 -0.33313 0.486343
v -0.158425 -0.465655 0.665864
v 0.078627 -0.706593 1.055173
v 0.532403 -0.847126 1.416111
v 1.016295 -0.725467 1.505728
v 1.234154 -0.392112 1.260012
v 1.080092 -0.057246 0.832406
v 0.756927 0.127857 0.462252
v 1.072656 0.316186 0.335952
v 1.075554 0.576062 0.235225
v 1.075132 0.911095 0.135883
v 0.940767 1.25719 0.017923
v 0.620684 1.477229 -0.094811
v 0.198034 1.474808 -0.162589
v -0.185714 1.280519 -0.17055
v -0.461474 1.026406 -0.13833
v -0.684975 0.831166 -0.091218
v -0.957993 0.704464 -0.027884
v -1.298483 0.559003 0.076976
v -1.592835 0.313613 0.235775
v -1.682849 -0.016375 0.417591
v -1.505607 -0.329032 0.562098
v -1.150405 -0.531936 0.630935
v -0.77748 -0.62544 0.647417
v -0.478554 -0.689613 0.681005
v -0.214888 -0.790277 0.784148
v 0.110441 -0.90136 0.937368
v 0.523577 -0.923575 1.055266
v 0.927219 -0.781116 1.051935
v 1.179081 -0.498549 0.909454
v 1.22321 -0.179844 0.689842
v 1.141626 0.089283 0.482402
v 1.842402 0.400978 0.297176
v 1.61492 0.726024 0.093781
v 1.162122 0.862604 -0.067312
v 0.718377 0.854157 -0.155808
v 0.409989 0.865382 -0.211973
v 0.164332 1.016491 -0.290461
v -0.176386 1.254782 -0.39262
v -0.657269 1.391767 -0.458445
v -1.132847 1.272715 -0.42592
v -1.391273 0.915841 -0.295172
v -1.357694 0.488825 -0.129847
v -1.171578 0.15029 0.006701
v -1.056358 -0.085393 0.114204
v -1.106509 -0.329094 0.250124
v -1.200496 -0.66931 0.458233
v -1.124419 -1.050156 0.703125
v -0.783425 -1.301601 0.88127
v -0.292741 -1.293835 0.905254
v 0.138012 -1.061488 0.78354
v 0.407172 -0.772597 0.618005
v 0.605118 -0.5722 0.518004
v 0.896149 -0.455546 0.509236
v 1.31932 -0.295531 0.520767
v 1.712595 0.006419 0.459184
v 2.23981 0.332244 0.055586
v 1.893026 0.70501 -0.162772
v 1.204452 0.780963 -0.26792
v 0.598155 0.633335 -0.254441
v 0.295398 0.554993 -0.245423
v 0.146477 0.765675 -0.364215
v -0.160278 1.180824 -0.599601
v -0.733006 1.474428 -0.800996
v -1.329501 1.37804 -0.81189
v -1.581315 0.924387 -0.612297
v -1.36473 0.399861 -0.33168
v -0.942605 0.059518 -0.121958
v -0.726826 -0.107814 -0.018038
v -0.889558 -0.331294 0.076489
v -1.204452 -0.780963 0.26792
v -1.272905 -1.347771 0.541463
v -0.910309 -1.710284 0.756304
v -0.311711 -1.629397 0.775069
v 0.160278 -1.180824 0.599601
v 0.344449 -0.692853 0.376399
v 0.431427 -0.447178 0.263461
v 0.743081 -0.434382 0.287727
v 1.36473 -0.399861 0.33168
v 2.005912 -0.126657 0.259533
v 1.891649 0.152916 -0.204508
v 1.660982 0.494004 -0.375461
v 1.200496 0.66931 -0.458233
v 0.749063 0.69959 -0.468406
v 0.43749 0.726856 -0.49213
v 0.195017 0.861924 -0.60306
v -0.138012 1.061488 -0.78354
v -0.611207 1.159747 -0.927688
v -1.083601 1.024654 -0.927604
v -1.34521 0.683821 -0.764414
v -1.31932 0.295531 -0.520767
v -1.140892 -0.004276 -0.305898
v -1.028857 -0.223919 -0.165953
v -1.075824 -0.483661 -0.062475
v -1.162122 -0.862604 0.067312
v -1.078357 -1.282176 0.233883
v -0.734178 -1.549662 0.379586
v -0.246678 -1.525855 0.436012
v 0.176386 -1.254782 0.39262
v 0.437858 -0.927164 0.305406
v 0.632619 -0.710725 0.237848
v 0.926835 -0.610113 0.196637
v 1.357694 -0.488825 0.129847
v 1.758657 -0.225601 -0.010059
v 1.133238 0.011027 -0.281207
v 1.140439 0.249229 -0.425768
v 1.150405 0.531936 -0.630935
v 1.026428 0.825705 -0.85472
v 0.710648 1.024071 -1.011288
v 0.283695 1.043323 -1.035232
v -0.110441 0.90136 -0.937368
v -0.396589 0.699573 -0.799323
v -0.624393 0.526007 -0.708377
v -0.893108 0.377631 -0.688877
v -1.22321 0.179844 -0.689842
v -1.507174 -0.117872 -0.636867
v -1.592885 -0.469534 -0.498886
v -1.419945 -0.760517 -0.310544
v -1.075132 -0.911095 -0.135883
v -0.712595 -0.952273 -0.013576
v -0.417971 -0.994772 0.063846
v -0.150003 -1.11711 0.123155
v 0.185714 -1.280519 0.17055
v 0.609238 -1.35506 0.182623
v 1.017183 -1.234275 0.135459
v 1.264742 -0.930033 0.036812
v 1.298483 -0.559003 -0.076976
v 1.206512 -0.23755 -0.178591
v 0.643729 -0.046121 -0.262902
v 0.78297 0.100566 -0.424036
v 1.056105 0.37412 -0.779391
v 1.126958 0.74235 -1.201416
v 0.833953 0.999925 -1.45981
v 0.331824 0.975322 -1.394663
v -0.078627 0.706593 -1.055173
v -0.254189 0.40445 -0.676104
v -0.338584 0.241693 -0.501641
v -0.589231 0.187209 -0.601577
v -1.080092 0.057246 -0.832406
v -1.585395 -0.267798 -0.968194
v -1.768277 -0.687354 -0.880965
v -1.492012 -0.955782 -0.618848
v -0.946825 -0.924574 -0.333856
v -0.467424 -0.710187 -0.145896
v -0.223218 -0.608247 -0.070057
v -0.087797 -0.821416 -0.053632
v 0.187906 -1.257046 -0.058074
v 0.680334 -1.592272 -0.090886
v 1.180236 -1.551257 -0.164366
v 1.382085 -1.137259 -0.246985
v 1.189371 -0.607699 -0.280841
v 0.827555 -0.227904 -0.257245
v 0.715082 -0.124495 -0.436321
v 0.784735 0.011988 -0.590814
v 0.921219 0.201927 -0.897896
v 0.917484 0.439413 -1.242252
v 0.674632 0.613096 -1.445815
v 0.290579 0.623094 -1.394613
v -0.04379 0.484672 -1.132429
v -0.231989 0.309885 -0.837916
v -0.353599 0.188625 -0.696051
v -0.56043 0.096925 -0.764857
v -0.895467 -0.067553 -0.942981
v -1.221008 -0.357015 -1.058373
v -1.332488 -0.688315 -0.999348
v -1.147382 -0.899441 -0.782939
v -0.782133 -0.902521 -0.518999
v -0.441022 -0.782789 -0.318154
v -0.22809 -0.736045 -0.22652
v -0.068876 -0.891827 -0.227709
v 0.182877 -1.185266 -0.284465
v 0.565354 -1.401266 -0.36668
v 0.941723 -1.35465 -0.44663
v 1.118634 -1.042522 -0.489752
v 1.034553 -0.633042 -0.473914
v 0.828441 -0.310009 -0.42731
v 0.995991 -0.318485 -0.893444
v 0.914869 -0.132763 -0.962794
v 0.750932 0.021974 -0.981895
v 0.559207 0.128678 -0.979973
v 0.375242 0.195728 -1.00074
v 0.194344 0.235581 -1.068648
v -0.007271 0.244125 -1.166166
v -0.232831 0.203509 -1.241727
v -0.447918 0.104576 -1.244368
v -0.603582 -0.036885 -1.159257
v -0.676429 -0.189755 -1.017318
v -0.685409 -0.334848 -0.872954
v -0.668456 -0.481002 -0.768578
v -0.642558 -0.650543 -0.71265
v -0.587383 -0.845786 -0.684197
v -0.468792 -1.029925 -0.655009
v -0.278341 -1.144758 -0.60998
v -0.048705 -1.153009 -0.552913
v 0.17082 -1.067937 -0.499926
v 0.354265 -0.942609 -0.470385
v 0.514128 -0.827495 -0.481166
v 0.676277 -0.733817 -0.542014
v 0.839978 -0.634057 -0.648774
v 0.964205 -0.49624 -0.778226
v 0.968777 -0.549461 -1.341044
v 0.83095 -0.345821 -1.29506
v 0.551787 -0.158824 -1.02816
v 0.299322 -0.052424 -0.718786
v 0.17005 -0.01282 -0.590854
v 0.119051 0.000395 -0.762599
v 0.029527 -0.005803 -1.155088
v -0.153714 -0.057318 -1.534371
v -0.362022 -0.159542 -1.664478
v -0.471798 -0.263563 -1.463615
v -0.431397 -0.304665 -1.05256
v -0.315617 -0.281442 -0.66591
v -0.252131 -0.286561 -0.496943
v -0.294445 -0.43742 -0.586708
v -0.370061 -0.756547 -0.823102
v -0.356156 -1.115538 -1.030998
v -0.205729 -1.311007 -1.079784
v 0.004256 -1.221137 -0.943405
v 0.152199 -0.909567 -0.696174
v 0.198064 -0.581724 -0.467009
v 0.226231 -0.42672 -0.380684
v 0.357163 -0.478564 -0.5024
v 0.613122 -0.610705 -0.798702
v 0.873278 -0.657666 -1.136712
v 0.549456 -0.630783 -1.389108
v 0.478197 -0.500168 -1.307626
v 0.331436 -0.333518 -1.034913
v 0.195323 -0.204885 -0.742358
v 0.123294 -0.152575 -0.622233
v 0.098829 -0.176612 -0.765809
v 0.065191 -0.255509 -1.099621
v -0.011232 -0.356767 -1.426576
v -0.107246 -0.438372 -1.548711
v -0.169337 -0.459282 -1.391406
v -0.169786 -0.407867 -1.047352
v -0.133837 -0.327472 -0.714055
v -0.111113 -0.304564 -0.570091
v -0.122504 -0.410963 -0.67166
v -0.138517 -0.638234 -0.930376
v -0.111856 -0.882757 -1.176373
v -0.030121 -1.006579 -1.260186
v 0.067287 -0.935246 -1.132835
v 0.127728 -0.716243 -0.865668
v 0.141123 -0.488205 -0.607588
v 0.154487 -0.382383 -0.50554
v 0.226284 -0.432986 -0.626532
v 0.362705 -0.563885 -0.917937
v 0.499237 -0.655171 -1.228918
v 0.098349 -0.495395 -1.001896
v 0.098349 -0.495395 -1.001896
v 0.098349 -0.495395 -1.001896
v 0.098349 -0.495395 -1.001896
v 0.098349 -0.495395 -1.001896
v 0.098349 -0.495395 -1.001896
v 0.098349 -0.495395 -1.001896
v 0.098349 -0.495395 -1.001896
v 0.098349 -0.495395 -1.001896
v 0.098349 -0.495395 -1.001896
v 0.098349 -0.495395 -1.001896
v 0.098349 -0.495395 -1.001896
v 0.098349 -0.495395 -1.001896
v 0.098349 -0.495395 -1.001896
v 0.098349 -0.495395 -1.001896
v 0.098349 -0.495395 -1.001896
v 0.098349 -0.495395 -1.001896
v 0.098349 -0.495395 -1.001896
v 0.098349 -0.495395 -1.001896
v 0.098349 -0.495395 -1.001896
v 0.098349 -0.495395 -1.001896
v 0.098349 -0.495395 -1.001896
v 0.098349 -0.495395 -1.001896
v 0.098349 -0.495395 -1.001896
v 1.272046 1.772793 1.13305
v 2.309531 0.852547 1.833928
v 0.593928 0.381869 2.020336
v 0.592888 1.750811 1.424927
v 1.915982 1.201925 1.854853
v 0.454257 0.216697 2.169873
v -0.188476 1.424232 1.428129
v 1.405241 1.345341 1.501494
v 0.601517 0.035075 1.926457
v -0.435968 0.955321 1.225579
v 1.279636 1.425999 1.03917
v 1.280675 0.057057 1.634579
v -0.042419 0.605943 1.204653
v 1.419307 1.591171 0.889633
v 2.062039 0.383636 1.631377
v 0.468322 0.462527 1.558012
v 1.177213 2.080008 0.971836
v 2.216797 1.152965 1.67628
v 0.507168 0.662933 1.872846
v 0.515069 2.002907 1.292637
v 1.848711 1.419852 1.740494
v 0.397533 0.400455 2.073444
v -0.236258 1.579024 1.346901
v 1.363434 1.480777 1.430422
v 0.561808 0.163715 1.858952
v -0.477775 1.090758 1.154507
v 1.231854 1.58079 0.957942
v 1.223952 0.240816 1.53815
v -0.10969 0.823871 1.090294
v 1.341488 1.843268 0.757343
v 1.975279 0.664699 1.483887
v 0.375588 0.762946 1.400365
v 0.984675 2.350835 0.819023
v 2.028518 1.417801 1.526848
v 0.331019 0.910706 1.733041
v 0.357075 2.225144 1.167242
v 1.712131 1.611967 1.632094
v 0.282367 0.562448 1.98204
v -0.333269 1.715481 1.269906
v 1.278553 1.600172 1.363055
v 0.481186 0.277118 1.794965
v -0.562657 1.210152 1.087139
v 1.134842 1.717247 0.880946
v 1.108786 0.402809 1.446746
v -0.24627 1.015986 0.981894
v 1.183494 2.065505 0.631947
v 1.79913 0.912472 1.344082
v 0.187308 1.027781 1.250933
v 0.707551 2.566818 0.685026
v 1.757525 1.629005 1.395815
v 0.077485 1.108303 1.610451
v 0.129671 2.402376 1.057285
v 1.515549 1.765178 1.537041
v 0.116608 0.691637 1.901891
v -0.472899 1.824304 1.202391
v 1.156382 1.695388 1.303982
v 0.365147 0.367556 1.738856
v -0.684827 1.305369 1.028066
v 0.995212 1.826071 0.813431
v 0.943027 0.531997 1.366597
v -0.442852 1.169196 0.886841
v 0.95609 2.242737 0.521991
v 1.545597 1.110069 1.221491
v -0.083684 1.238985 1.1199
v 0.364728 2.713237 0.578975
v 1.422286 1.772185 1.292111
v -0.236155 1.242258 1.513428
v -0.151645 2.522525 0.970262
v 1.272363 1.869042 1.461812
v -0.088449 0.779216 1.838457
v -0.645632 1.898078 1.148957
v 1.005248 1.759938 1.257229
v 0.221597 0.428866 1.69445
v -0.835961 1.369918 0.981314
v 0.82248 1.899845 0.759997
v 0.737969 0.619577 1.303163
v -0.686038 1.27306 0.811613
v 0.674774 2.362886 0.434967
v 1.231957 1.244024 1.124468
v -0.418923 1.382165 1.016196
v -0.020432 2.780114 0.508099
v 1.045648 1.837582 1.222803
v -0.588528 1.303442 1.448584
v -0.467701 2.577404 0.912101
v 0.999145 1.916482 1.411535
v -0.31883 0.819218 1.796063
v -0.839696 1.931775 1.113245
v 0.835449 1.789421 1.225983
v 0.06032 0.456869 1.664772
v -1.00576 1.399401 0.950068
v 0.628416 1.933541 0.724286
v 0.507589 0.659579 1.260769
v -0.959257 1.320501 0.761335
v 0.358718 2.417765 0.376807
v 0.879584 1.305209 1.059625
v -0.795562 1.447563 0.946887
v -0.42168 2.762892 0.477226
v 0.653276 1.820742 1.192613
v -0.95562 1.287686 1.42034
v -0.79696 2.563272 0.886768
v 0.714513 1.904266 1.389635
v -0.558834 0.808917 1.777597
v -1.041867 1.923097 1.09769
v 0.658558 1.781828 1.212373
v -0.107695 0.449658 1.651845
v -1.182651 1.391808 0.936458
v 0.426245 1.924864 0.708731
v 0.267585 0.649278 1.242303
v -1.243888 1.308284 0.739436
v 0.029459 2.403633 0.351474
v 0.512492 1.289453 1.031381
v -1.187933 1.430722 0.916698
v -0.811672 2.662745 0.488462
v 0.271912 1.72281 1.203601
v -1.312414 1.196064 1.43062
v -1.116982 2.481092 0.895988
v 0.437867 1.833225 1.397606
v -0.792105 0.749015 1.784318
v -1.238366 1.872638 1.103351
v 0.486629 1.737678 1.217326
v -0.270996 0.407723 1.656549
v -1.35458 1.347658 0.941411
v 0.229746 1.874404 0.714392
v 0.034314 0.589375 1.249024
v -1.520534 1.237243 0.747406
v -0.290563 2.321453 0.360694
v 0.155698 1.19783 1.04166
v -1.569297 1.33279 0.927685
v -1.163831 2.486496 0.541041
v -0.072456 1.550461 1.255016
v -1.634595 1.034819 1.478722
v -1.405959 2.336465 0.939133
v 0.188058 1.7082 1.434903
v -1.002746 0.643593 1.815767
v -1.415803 1.783834 1.129843
v 0.331379 1.659979 1.240505
v -0.418455 0.333923 1.678565
v -1.50983 1.269959 0.96459
v 0.052309 1.785601 0.740884
v -0.176327 0.483954 1.280473
v -1.770344 1.112219 0.784703
v -0.57954 2.176826 0.403839
v -0.166483 1.036585 1.089763
v -1.913665 1.160441 0.9791
v -1.454158 2.246159 0.631378
v -0.35636 1.31544 1.343355
v -1.900208 0.814939 1.56137
v -1.644197 2.139248 1.013263
v -0.01789 1.537713 1.498985
v -1.176403 0.499837 1.869802
v -1.562085 1.662739 1.17536
v 0.203388 1.554025 1.280331
v -0.540023 0.233286 1.716392
v -1.637821 1.164005 1.004416
v -0.093973 1.664506 0.786401
v -0.349984 0.340197 1.334508
v -1.976291 0.941732 0.848785
v -0.817778 1.979608 0.477968
v -0.432096 0.816706 1.17241
v -2.197569 0.92542 1.067439
v -1.662867 1.95811 0.753318
v -0.560452 1.033763 1.462597
v -2.091151 0.551411 1.67293
v -1.815461 1.902879 1.113325
v -0.165941 1.333382 1.585485
v -1.301241 0.327542 1.94274
v -1.667244 1.517604 1.2368
v 0.111378 1.427038 1.334089
v -0.627416 0.112672 1.767452
v -1.729831 1.037018 1.058173
v -0.199132 1.519371 0.847841
v -0.474822 0.167903 1.407445
v -2.124342 0.7374 0.935285
v -0.989042 1.743239 0.578031
v -0.623039 0.553177 1.283971
v -2.401661 0.643744 1.186682
v -1.775736 1.64198 0.898552
v -0.670824 0.724627 1.604618
v -2.194411 0.262191 1.8058
v -1.908079 1.643467 1.232502
v -0.246006 1.10913 1.688509
v -1.368753 0.138451 2.02961
v -1.724113 1.358321 1.309976
v 0.06162 1.287672 1.398115
v -0.674677 -0.019701 1.828266
v -1.779589 0.897652 1.1222
v -0.256001 1.360088 0.921017
v -0.542334 -0.021188 1.494316
v -2.204407 0.513149 1.038309
v -1.08166 1.483828 0.697207
v -0.7263 0.263958 1.416841
v -2.512033 0.334608 1.328702
v -1.785072 1.319313 1.057181
v -0.679953 0.409099 1.759737
v -2.202953 -0.033009 1.950926
v -1.91574 1.378691 1.36267
v -0.252629 0.880242 1.801034
v -1.374337 -0.05455 2.124493
v -1.728817 1.195744 1.389902
v 0.057504 1.145423 1.468047
v -0.678586 -0.154811 1.894688
v -1.783705 0.755403 1.192132
v -0.260706 1.197511 1.000943
v -0.547918 -0.214189 1.589198
v -2.21103 0.28426 1.150834
v -1.089321 1.219052 0.827376
v -0.734841 -0.031242 1.561966
v -2.521162 0.019079 1.483822
v -1.690239 1.012097 1.218394
v -0.587218 0.10868 1.917384
v -2.116193 -0.314072 2.098416
v -1.837922 1.126595 1.49496
v -0.185358 0.662314 1.915394
v -1.317614 -0.238308 2.220922
v -1.681035 1.040952 1.471131
v 0.099311 1.009987 1.539118
v -0.638877 -0.28345 1.962193
v -1.741898 0.619967 1.263203
v -0.212924 1.042719 1.082171
v -0.491195 -0.397948 1.685627
v -2.143759 0.066333 1.265194
v -1.011503 0.966955 0.959666
v -0.648081 -0.312305 1.709457
v -2.428428 -0.28134 1.641469
v -1.497701 0.74127 1.371207
v -0.398939 -0.156155 2.066816
v -1.940044 -0.561845 2.238221
v -1.679927 0.904358 1.620356
v -0.048777 0.470199 2.023793
v -1.202448 -0.400302 2.312325
v -1.584024 0.904495 1.548126
v 0.184192 0.890592 1.606486
v -0.558256 -0.396854 2.02618
v -1.657017 0.500572 1.330571
v -0.115912 0.906262 1.159167
v -0.376029 -0.559941 1.777031
v -2.007179 -0.125782 1.373594
v -0.853508 0.744718 1.085062
v -0.471932 -0.560078 1.849261
v -2.240148 -0.546175 1.790901
v -1.220577 0.525288 1.505205
v -0.127946 -0.367359 2.197849
v -1.68651 -0.759442 2.360812
v -1.452523 0.727126 1.730312
v 0.147804 0.316989 2.118846
v -1.036688 -0.52949 2.392475
v -1.444394 0.795671 1.615641
v 0.306363 0.795376 1.665559
v -0.442216 -0.487292 2.082289
v -1.534846 0.405356 1.389644
v 0.023718 0.797438 1.226682
v -0.21027 -0.689129 1.857181
v -1.810597 -0.278993 1.468647
v -0.626104 0.567486 1.195018
v -0.218399 -0.757675 1.971852
v -1.969156 -0.757379 1.921934
v -0.877754 0.378869 1.611255
v 0.207292 -0.510539 2.301554
v -1.37287 -0.893397 2.457835
v -1.171208 0.606976 1.817336
v 0.390991 0.213125 2.194075
v -0.831631 -0.617069 2.455908
v -1.271661 0.721898 1.669075
v 0.457497 0.730827 1.712312
v -0.298666 -0.548601 2.126695
v -1.383712 0.340807 1.436397
v 0.19645 0.723664 1.280116
v -0.005212 -0.776709 1.920614
v -1.567411 -0.382857 1.543875
v -0.344789 0.447337 1.282042
v 0.095241 -0.89163 2.068875
v -1.633917 -0.900559 2.025638
v -0.492594 0.311992 1.682132
v 0.583931 -0.575937 2.370862
v -1.020497 -0.954581 2.522678
v -0.855151 0.552098 1.875496
v 0.664209 0.165684 2.244352
v -0.601251 -0.657072 2.498303
v -1.077597 0.688201 1.704786
v 0.627296 0.701344 1.743558
v -0.137389 -0.576605 2.156373
v -1.213914 0.311324 1.467643
v 0.390515 0.689968 1.315827
v 0.225168 -0.816711 1.963008
v -1.294192 -0.430297 1.594152
v -0.028732 0.392458 1.340202
v 0.447614 -0.952814 2.133718
v -1.257278 -0.965957 2.094947
v -0.091346 0.329214 1.713004
v 0.976302 -0.559096 2.401051
v -0.653406 -0.938825 2.550922
v -0.525893 0.56623 1.900829
v 0.94884 0.177901 2.266252
v -0.361247 -0.64677 2.516769
v -0.875427 0.696879 1.720341
v 0.804187 0.708936 1.757168
v 0.030626 -0.569394 2.1693
v -1.037023 0.318916 1.481253
v 0.592685 0.698645 1.331382
v 0.465172 -0.80641 1.981474
v -1.009561 -0.418081 1.616052
v 0.300526 0.40659 1.365535
v 0.814706 -0.937059 2.161963
v -0.864907 -0.949116 2.125136
v 0.298646 0.429361 1.701768
v 1.357666 -0.461164 2.390064
v -0.296612 -0.847203 2.540642
v -0.20587 0.648409 1.89161
v 1.225487 0.248942 2.258282
v -0.127976 -0.586868 2.510048
v -0.678928 0.747338 1.71468
v 0.976115 0.753086 1.752215
v 0.193927 -0.527459 2.164595
v -0.865094 0.363066 1.476299
v 0.789184 0.749105 1.325721
v 0.698443 -0.746507 1.974754
v -0.732914 -0.34704 1.608082
v 0.620548 0.48877 1.356315
v 1.1715 -0.845436 2.151683
v -0.483543 -0.851184 2.114149
v 0.650805 0.605609 1.64919
v 1.702034 -0.288815 2.338649
v 0.02557 -0.685958 2.49254
v 0.083106 0.793036 1.848465
v 1.475296 0.373966 2.220984
v 0.082666 -0.481446 2.478599
v -0.501491 0.836142 1.688188
v 1.131366 0.830786 1.729035
v 0.341386 -0.453659 2.142579
v -0.709844 0.440766 1.45312
v 0.966621 0.837908 1.299229
v 0.909085 -0.641086 1.943305
v -0.483105 -0.222015 1.570785
v 0.909525 0.633397 1.31317
v 1.493682 -0.684191 2.103581
v -0.139175 -0.678835 2.062734
v 0.941132 0.845947 1.558852
v 1.985938 -0.053794 2.25031
v 0.291183 -0.466079 2.409892
v 0.321344 0.990254 1.774335
v 1.681244 0.544453 2.156902
v 0.256323 -0.33769 2.424564
v -0.355208 0.957237 1.642672
v 1.259357 0.936739 1.68921
v 0.462954 -0.353022 2.104752
v -0.581852 0.546719 1.413295
v 1.112903 0.959004 1.253712
v 1.082741 -0.497329 1.88927
v -0.277158 -0.051528 1.506702
v 1.147763 0.830615 1.239041
v 1.759294 -0.464312 2.020933
v 0.144729 -0.443814 1.974395
v 1.149841 1.133996 1.436912
v 2.19003 0.227882 2.131067
v 0.482126 -0.20255 2.298332
v 0.492608 1.226623 1.674272
v 1.829295 0.748785 2.070402
v 0.381161 -0.165395 2.351626
v -0.250049 1.102371 1.581231
v 1.351367 1.063726 1.635452
v 0.550346 -0.232408 2.053692
v -0.489843 0.673706 1.359537
v 1.218062 1.104138 1.192272
v 1.20758 -0.325035 1.816332
v -0.129107 0.152803 1.420202
v 1.319027 1.066984 1.138978
v 1.950237 -0.200783 1.909373
v 0.348821 -0.162138 1.855152
v 1.26271 1.450126 1.291679
v 2.300402 0.537018 1.989047
v 0.585386 0.086669 2.165462
v 0.585227 1.486035 1.555096
v 1.909359 0.973036 1.967379
v 0.448672 0.023695 2.264756
v -0.19318 1.261655 1.508055
v 1.401125 1.203092 1.571426
v 0.597608 -0.100035 1.992879
v -0.440084 0.813073 1.295511
v 1.274932 1.263421 1.119096
v 1.275091 -0.135944 1.729462
v -0.049042 0.377055 1.317179
v 1.411646 1.326395 1.019802
v 2.053498 0.088436 1.776503
v 0.459193 0.146998 1.713132

vt 0.7812 0.1486
vt 0.7812 0.1486
vt 0.7812 0.1486
vt 0.7812 0.1486
vt 0.7812 0.1486
vt 0.7812 0.1486
vt 0.7812 0.1486
vt 0.7812 0.1486
vt 0.7812 0.1486
vt 0.7812 0.1486
vt 0.7812 0.1486
vt 0.7812 0.1486
vt 0.7812 0.1486
vt 0.7812 0.1486
vt 0.7812 0.1486
vt 0.7812 0.1486
vt 0.7812 0.1486
vt 0.7812 0.1486
vt 0.7812 0.1486
vt 0.7812 0.1486
vt 0.7812 0.1486
vt 0.7812 0.1486
vt 0.7812 0.1486
vt 0.7812 0.1486
vt 0.6943 0.1646
vt 0.7039 0.1809
vt 0.716 0.1948
vt 0.7299 0.2061
vt 0.7452 0.2146
vt 0.7614 0.2201
vt 0.7781 0.2225
vt 0.7948 0.2217
vt 0.8111 0.2178
vt 0.8266 0.2108
vt 0.841 0.2008
vt 0.8536 0.188
vt 0.8641 0.1725
vt 0.8714 0.1549
vt 0.8745 0.1357
vt 0.8712 0.116
vt 0.8582 0.0972
vt 0.8312 0.0822
vt 0.7898 0.0749
vt 0.745 0.078
vt 0.7118 0.0903
vt 0.6938 0.1077
vt 0.6872 0.1271
vt 0.6883 0.1464
vt 0.6352 0.2085
vt 0.6557 0.233
vt 0.6776 0.2537
vt 0.7008 0.2702
vt 0.7252 0.2826
vt 0.7506 0.2906
vt 0.7764 0.2942
vt 0.8022 0.2931
vt 0.8276 0.2875
vt 0.852 0.2774
vt 0.8753 0.2627
vt 0.8973 0.2438
vt 0.9179 0.2206
vt 0.9372 0.1933
vt 0.9554 0.1621
vt 0.9724 0.1273
vt 0.988 0.0894
vt 0.0005 0.0493
vt 0.9691 0.0083
vt 0.5568 0.0339
vt 0.5661 0.0743
vt 0.5811 0.1126
vt 0.5979 0.148
vt 0.6159 0.1801
vt 0.5993 0.261
vt 0.626 0.2893
vt 0.6534 0.3133
vt 0.682 0.333
vt 0.712 0.3479
vt 0.7433 0.3578
vt 0.7752 0.3622
vt 0.8072 0.3609
vt 0.8385 0.354
vt 0.8685 0.3416
vt 0.8971 0.3242
vt 0.9244 0.3019
vt 0.9507 0.2749
vt 0.9771 0.2435
vt 0.0047 0.2079
vt 0.036 0.1686
vt 0.0765 0.1274
vt 0.1402 0.0886
vt 0.2547 0.0657
vt 0.3857 0.0777
vt 0.4635 0.1127
vt 0.5097 0.153
vt 0.5435 0.1924
vt 0.5723 0.2286
vt 0.5759 0.3129
vt 0.6058 0.3431
vt 0.6364 0.3695
vt 0.6683 0.3917
vt 0.7022 0.409
vt 0.7377 0.4207
vt 0.7744 0.4259
vt 0.811 0.4242
vt 0.8467 0.4158
vt 0.8806 0.4013
vt 0.9126 0.3814
vt 0.943 0.3568
vt 0.9726 0.3277
vt 0.0024 0.2946
vt 0.0343 0.2578
vt 0.0711 0.2184
vt 0.1174 0.1791
vt 0.1806 0.1458
vt 0.2643 0.1292
vt 0.3523 0.1378
vt 0.422 0.1663
vt 0.4727 0.2035
vt 0.512 0.2422
vt 0.5453 0.2791
vt 0.559 0.3616
vt 0.5907 0.393
vt 0.6231 0.4213
vt 0.6574 0.4459
vt 0.694 0.4657
vt 0.7331 0.4794
vt 0.7736 0.4855
vt 0.8143 0.4833
vt 0.8535 0.4732
vt 0.8904 0.4564
vt 0.9248 0.434
vt 0.9572 0.4073
vt 0.9886 0.3769
vt 0.0203 0.3431
vt 0.0542 0.3065
vt 0.0927 0.2685
vt 0.1394 0.2318
vt 0.1978 0.2025
vt 0.2676 0.1887
vt 0.3393 0.1958
vt 0.4013 0.2204
vt 0.451 0.2544
vt 0.4916 0.2912
vt 0.5266 0.3275
vt 0.5456 0.4071
vt 0.5783 0.4394
vt 0.6119 0.4694
vt 0.6478 0.4964
vt 0.6867 0.5188
vt 0.7288 0.5346
vt 0.7729 0.5417
vt 0.8172 0.5389
vt 0.8597 0.5269
vt 0.8991 0.5075
vt 0.9353 0.4827
vt 0.9691 0.4541
vt 0.0015 0.4226
vt 0.0342 0.3887
vt 0.0689 0.353
vt 0.1078 0.3168
vt 0.1534 0.283
vt 0.2077 0.2569
vt 0.2694 0.245
vt 0.3321 0.251
vt 0.3886 0.2725
vt 0.4363 0.3034
vt 0.4768 0.338
vt 0.5124 0.3731
vt 0.5341 0.4502
vt 0.5672 0.4832
vt 0.6016 0.5148
vt 0.6387 0.5442
vt 0.6796 0.5693
vt 0.7245 0.5875
vt 0.7722 0.5956
vt 0.8202 0.5921
vt 0.8658 0.578
vt 0.9073 0.5558
vt 0.945 0.5286
vt 0.9797 0.4982
vt 0.0128 0.4658
vt 0.046 0.4321
vt 0.0809 0.3976
vt 0.1196 0.3636
vt 0.1638 0.3327
vt 0.2146 0.3094
vt 0.2706 0.2989
vt 0.3272 0.304
vt 0.3794 0.3229
vt 0.4252 0.3508
vt 0.4649 0.383
vt 0.5006 0.4166
vt 0.5234 0.4922
vt 0.5567 0.5256
vt 0.5916 0.5587
vt 0.6295 0.5905
vt 0.6722 0.6185
vt 0.7199 0.6391
vt 0.7715 0.6484
vt 0.8234 0.6441
vt 0.8721 0.6277
vt 0.9158 0.6027
vt 0.9546 0.5729
vt 0.99 0.5409
vt 0.0234 0.5078
vt 0.0567 0.4744
vt 0.0916 0.4413
vt 0.1295 0.4095
vt 0.1722 0.3815
vt 0.2199 0.3609
vt 0.2715 0.3516
vt 0.3234 0.3559
vt 0.3721 0.3723
vt 0.4158 0.3973
vt 0.4546 0.4271
vt 0.49 0.4591
vt 0.5128 0.5342
vt 0.546 0.5679
vt 0.5809 0.6024
vt 0.6196 0.6364
vt 0.6638 0.6673
vt 0.7146 0.6906
vt 0.7706 0.7011
vt 0.8272 0.696
vt 0.8794 0.6771
vt 0.9252 0.6492
vt 0.9649 0.617
vt 0.0006 0.5834
vt 0.0341 0.5498
vt 0.0672 0.5168
vt 0.1016 0.4852
vt 0.1387 0.4558
vt 0.1796 0.4307
vt 0.2245 0.4125
vt 0.2722 0.4044
vt 0.3202 0.4079
vt 0.3658 0.422
vt 0.4073 0.4442
vt 0.445 0.4714
vt 0.4797 0.5018
vt 0.5015 0.5774
vt 0.5342 0.6113
vt 0.5689 0.647
vt 0.6078 0.6832
vt 0.6534 0.717
vt 0.7077 0.7431
vt 0.7694 0.755
vt 0.8321 0.749
vt 0.8886 0.7275
vt 0.9363 0.6966
vt 0.9768 0.662
vt 0.0124 0.6269
vt 0.0456 0.5929
vt 0.0783 0.5606
vt 0.1119 0.5306
vt 0.1478 0.5036
vt 0.1867 0.4812
vt 0.2288 0.4654
vt 0.2729 0.4583
vt 0.3172 0.4611
vt 0.3597 0.4731
vt 0.3991 0.4925
vt 0.4353 0.5173
vt 0.4691 0.5459
vt 0.4886 0.6231
vt 0.5203 0.6569
vt 0.5542 0.6935
vt 0.5927 0.7315
vt 0.6394 0.7682
vt 0.6978 0.7975
vt 0.7676 0.8113
vt 0.8393 0.8042
vt 0.9013 0.7796
vt 0.951 0.7456
vt 0.9916 0.7088
vt 0.0266 0.6725
vt 0.059 0.6384
vt 0.0907 0.607
vt 0.1231 0.5787
vt 0.1574 0.5541
vt 0.194 0.5343
vt 0.2331 0.5206
vt 0.2736 0.5145
vt 0.3143 0.5167
vt 0.3535 0.5268
vt 0.3904 0.5436
vt 0.4248 0.566
vt 0.4572 0.5927
vt 0.4726 0.6723
vt 0.5024 0.7054
vt 0.5343 0.7422
vt 0.5711 0.7816
vt 0.6174 0.8209
vt 0.6806 0.8542
vt 0.7643 0.8708
vt 0.8523 0.8622
vt 0.922 0.8337
vt 0.9727 0.7965
vt 0.012 0.7578
vt 0.0453 0.7209
vt 0.0759 0.6871
vt 0.1058 0.6569
vt 0.1364 0.6305
vt 0.1683 0.6083
vt 0.2022 0.591
vt 0.2377 0.5793
vt 0.2744 0.5741
vt 0.311 0.5758
vt 0.3467 0.5842
vt 0.3806 0.5987
vt 0.4126 0.6186
vt 0.443 0.6432
vt 0.4507 0.7251
vt 0.4771 0.7565
vt 0.5047 0.7921
vt 0.536 0.8314
vt 0.5765 0.8726
vt 0.6402 0.9114
vt 0.7547 0.9343
vt 0.8857 0.9223
vt 0.9635 0.8873
vt 0.0097 0.847
vt 0.0435 0.8076
vt 0.0723 0.7714
vt 0.0993 0.739
vt 0.126 0.7107
vt 0.1534 0.6867
vt 0.182 0.667
vt 0.212 0.6521
vt 0.2433 0.6422
vt 0.2752 0.6378
vt 0.3072 0.6391
vt 0.3385 0.646
vt 0.3685 0.6584
vt 0.3971 0.6758
vt 0.4244 0.6981
vt 0.4179 0.7794
vt 0.4372 0.8067
vt 0.4554 0.8379
vt 0.4724 0.8727
vt 0.488 0.9106
vt 0.5005 0.9507
vt 0.4691 0.9917
vt 0.0568 0.9661
vt 0.0661 0.9257
vt 0.0811 0.8874
vt 0.0979 0.852
vt 0.1159 0.8199
vt 0.1352 0.7915
vt 0.1557 0.767
vt 0.1776 0.7463
vt 0.2008 0.7298
vt 0.2252 0.7174
vt 0.2506 0.7094
vt 0.2764 0.7058
vt 0.3022 0.7069
vt 0.3276 0.7125
vt 0.352 0.7226
vt 0.3753 0.7373
vt 0.3973 0.7562
vt 0.3641 0.8275
vt 0.3714 0.8451
vt 0.3745 0.8643
vt 0.3712 0.884
vt 0.3582 0.9028
vt 0.3312 0.9178
vt 0.2898 0.9251
vt 0.245 0.922
vt 0.2118 0.9097
vt 0.1938 0.8923
vt 0.1872 0.8729
vt 0.1883 0.8536
vt 0.1943 0.8354
vt 0.2039 0.8191
vt 0.216 0.8052
vt 0.2299 0.7939
vt 0.2452 0.7854
vt 0.2614 0.7799
vt 0.2781 0.7775
vt 0.2948 0.7783
vt 0.3111 0.7822
vt 0.3266 0.7892
vt 0.341 0.7992
vt 0.3536 0.812
vt 0.2812 0.8514
vt 0.2812 0.8514
vt 0.2812 0.8514
vt 0.2812 0.8514
vt 0.2812 0.8514
vt 0.2812 0.8514
vt 0.2812 0.8514
vt 0.2812 0.8514
vt 0.2812 0.8514
vt 0.2812 0.8514
vt 0.2812 0.8514
vt 0.2812 0.8514
vt 0.2812 0.8514
vt 0.2812 0.8514
vt 0.2812 0.8514
vt 0.2812 0.8514
vt 0.2812 0.8514
vt 0.2812 0.8514
vt 0.2812 0.8514
vt 0.2812 0.8514
vt 0.2812 0.8514
vt 0.2812 0.8514
vt 0.2812 0.8514
vt 0.2812 0.8514
vt 0.6509 0.3475
vt 0.5563 0.2962
vt 0.5909 0.107
vt 0.698 0.291
vt 0.5892 0.2814
vt 0.5708 0.0725
vt 0.7709 0.2509
vt 0.6215 0.2908
vt 0.5093 0.0965
vt 0.8181 0.2255
vt 0.6336 0.3418
vt 0.5071 0.2117
vt 0.7611 0.1487
vt 0.6341 0.3742
vt 0.5293 0.2896
vt 0.624 0.1272
vt 0.668 0.3771
vt 0.5763 0.3119
vt 0.6461 0.1335
vt 0.7099 0.3222
vt 0.6042 0.2958
vt 0.6256 0.0846
vt 0.7736 0.2769
vt 0.6316 0.3033
vt 0.5451 0.0971
vt 0.8157 0.2549
vt 0.6446 0.3581
vt 0.5309 0.2169
vt 0.7711 0.2073
vt 0.6499 0.3979
vt 0.5517 0.3031
vt 0.6772 0.1737
vt 0.6869 0.401
vt 0.5971 0.324
vt 0.6945 0.1623
vt 0.7247 0.3479
vt 0.6202 0.3069
vt 0.6759 0.0979
vt 0.7805 0.3
vt 0.6427 0.3131
vt 0.5832 0.0955
vt 0.8193 0.2824
vt 0.6571 0.3713
vt 0.5555 0.2177
vt 0.7878 0.26
vt 0.6672 0.4174
vt 0.5747 0.3129
vt 0.7213 0.2215
vt 0.7072 0.4198
vt 0.619 0.3321
vt 0.7389 0.1922
vt 0.7414 0.3682
vt 0.6371 0.3142
vt 0.7234 0.1125
vt 0.7904 0.3192
vt 0.6547 0.3198
vt 0.6255 0.0922
vt 0.8269 0.3062
vt 0.6706 0.3813
vt 0.5817 0.2133
vt 0.8076 0.3036
vt 0.6859 0.4329
vt 0.5991 0.3184
vt 0.7607 0.2664
vt 0.7287 0.4337
vt 0.6424 0.3354
vt 0.7799 0.2216
vt 0.7596 0.3833
vt 0.6549 0.3173
vt 0.768 0.1283
vt 0.8022 0.3344
vt 0.6674 0.3233
vt 0.6741 0.0883
vt 0.8372 0.3253
vt 0.685 0.388
vt 0.6112 0.2027
vt 0.8287 0.3372
vt 0.7057 0.4442
vt 0.6258 0.3183
vt 0.7968 0.3048
vt 0.7512 0.4425
vt 0.6677 0.3331
vt 0.8175 0.248
vt 0.7786 0.3933
vt 0.6735 0.3158
vt 0.8091 0.1449
vt 0.8153 0.3452
vt 0.6805 0.3232
vt 0.7291 0.086
vt 0.8492 0.3396
vt 0.7 0.3911
vt 0.6456 0.1857
vt 0.85 0.3611
vt 0.7266 0.4513
vt 0.6556 0.3114
vt 0.83 0.3343
vt 0.7741 0.4462
vt 0.6952 0.3241
vt 0.8516 0.2693
vt 0.798 0.3984
vt 0.6929 0.3092
vt 0.8462 0.1608
vt 0.829 0.3519
vt 0.6937 0.3192
vt 0.7874 0.0869
vt 0.8621 0.3492
vt 0.7153 0.3902
vt 0.6878 0.1638
vt 0.871 0.3763
vt 0.748 0.4538
vt 0.6898 0.2965
vt 0.8603 0.3542
vt 0.7971 0.4447
vt 0.7251 0.3077
vt 0.8824 0.2841
vt 0.8173 0.3987
vt 0.7127 0.2969
vt 0.8794 0.1746
vt 0.843 0.3546
vt 0.7065 0.3111
vt 0.8434 0.0915
vt 0.8754 0.3543
vt 0.7306 0.3849
vt 0.7407 0.1405
vt 0.8913 0.3841
vt 0.7698 0.4513
vt 0.7294 0.2735
vt 0.8879 0.3652
vt 0.8197 0.4381
vt 0.7574 0.2836
vt 0.9102 0.2923
vt 0.8362 0.3944
vt 0.7325 0.2786
vt 0.9092 0.1849
vt 0.8568 0.3534
vt 0.7186 0.2987
vt 0.8928 0.0983
vt 0.8887 0.3553
vt 0.7453 0.3749
vt 0.8056 0.1217
vt 0.9107 0.3857
vt 0.7914 0.4435
vt 0.7753 0.2441
vt 0.9132 0.3687
vt 0.8414 0.4262
vt 0.7921 0.2523
vt 0.9355 0.2941
vt 0.8543 0.3856
vt 0.7519 0.2541
vt 0.9361 0.1909
vt 0.87 0.3486
vt 0.7293 0.282
vt 0.9351 0.1051
vt 0.9017 0.3524
vt 0.759 0.3597
vt 0.8773 0.1116
vt 0.9292 0.3823
vt 0.8123 0.4301
vt 0.8275 0.2125
vt 0.9366 0.366
vt 0.8621 0.4092
vt 0.8291 0.2155
vt 0.959 0.2904
vt 0.8713 0.3725
vt 0.7697 0.2238
vt 0.9608 0.1924
vt 0.8825 0.3403
vt 0.7376 0.2612
vt 0.9717 0.1102
vt 0.914 0.3462
vt 0.7707 0.3391
vt 0.9459 0.1094
vt 0.9468 0.3745
vt 0.8321 0.4106
vt 0.8844 0.1832
vt 0.9583 0.3583
vt 0.8812 0.3868
vt 0.8689 0.1756
vt 0.9811 0.2819
vt 0.8868 0.3551
vt 0.7847 0.1885
vt 0.984 0.1896
vt 0.8938 0.3287
vt 0.7424 0.2371
vt 0.0046 0.1126
vt 0.9256 0.3368
vt 0.7796 0.3131
vt 0.0062 0.1109
vt 0.9636 0.3631
vt 0.8503 0.3845
vt 0.9445 0.1589
vt 0.9789 0.3463
vt 0.8987 0.3585
vt 0.9138 0.1348
vt 0.0024 0.2693
vt 0.9007 0.3333
vt 0.7945 0.1497
vt 0.0063 0.1829
vt 0.9037 0.314
vt 0.742 0.2111
vt 0.0357 0.1121
vt 0.9362 0.3244
vt 0.7841 0.282
vt 0.0593 0.1129
vt 0.9796 0.3483
vt 0.8661 0.3509
vt 0.0068 0.1401
vt 0.9988 0.3307
vt 0.9141 0.3237
vt 0.9709 0.0961
vt 0.0234 0.2531
vt 0.9125 0.307
vt 0.7934 0.1097
vt 0.0285 0.1727
vt 0.9118 0.2964
vt 0.7344 0.1856
vt 0.0665 0.1089
vt 0.9456 0.3092
vt 0.7821 0.2473
vt 0.1084 0.1142
vt 0.9951 0.3304
vt 0.8786 0.3087
vt 0.0715 0.1268
vt 0.0184 0.3118
vt 0.9269 0.2813
vt 0.0594 0.0651
vt 0.0449 0.2337
vt 0.9214 0.2759
vt 0.7665 0.073
vt 0.0511 0.1596
vt 0.9174 0.276
vt 0.7175 0.164
vt 0.0984 0.1038
vt 0.9533 0.2914
vt 0.7702 0.2125
vt 0.1559 0.1155
vt 0.01 0.3093
vt 0.8858 0.2568
vt 0.1386 0.12
vt 0.0381 0.2898
vt 0.9353 0.2302
vt 0.1967 0.0558
vt 0.0673 0.2115
vt 0.9261 0.2399
vt 0.6806 0.0521
vt 0.0752 0.1441
vt 0.9199 0.2533
vt 0.6915 0.1506
vt 0.1327 0.0974
vt 0.9589 0.2711
vt 0.7453 0.1835
vt 0.2029 0.1178
vt 0.0243 0.2849
vt 0.8828 0.1959
vt 0.2053 0.1211
vt 0.0584 0.2648
vt 0.9351 0.1705
vt 0.3114 0.0748
vt 0.0918 0.1871
vt 0.9239 0.1999
vt 0.5794 0.0637
vt 0.1016 0.127
vt 0.9178 0.229
vt 0.661 0.1485
vt 0.1707 0.0909
vt 0.9616 0.2487
vt 0.7078 0.1687
vt 0.2489 0.1223
vt 0.0381 0.257
vt 0.8545 0.1321
vt 0.2669 0.1302
vt 0.0802 0.2369
vt 0.9101 0.1062
vt 0.3761 0.106
vt 0.1197 0.161
vt 0.9088 0.1583
vt 0.5389 0.0942
vt 0.1321 0.109
vt 0.9095 0.2048
vt 0.6339 0.1575
vt 0.2128 0.0854
vt 0.96 0.225
vt 0.668 0.1726
vt 0.2928 0.1297
vt 0.0511 0.2253
vt 0.7616 0.0909
vt 0.3199 0.1459
vt 0.1043 0.2062
vt 0.7931 0.0627
vt 0.4172 0.1395
vt 0.1532 0.1342
vt 0.8691 0.1229
vt 0.5295 0.1282
vt 0.1689 0.0911
vt 0.893 0.1836
vt 0.615 0.1744
vt 0.2586 0.0818
vt 0.9525 0.2012
vt 0.638 0.1919
vt 0.3333 0.1398
vt 0.0625 0.1892
vt 0.6487 0.1129
vt 0.3639 0.1659
vt 0.1324 0.173
vt 0.6533 0.0949
vt 0.4479 0.172
vt 0.1964 0.1081
vt 0.7989 0.1099
vt 0.5319 0.161
vt 0.2158 0.0748
vt 0.8674 0.1694
vt 0.6046 0.1952
vt 0.3061 0.0809
vt 0.9368 0.1802
vt 0.6209 0.2188
vt 0.3697 0.1521
vt 0.0704 0.1487
vt 0.6062 0.1679
vt 0.4005 0.1882
vt 0.1678 0.138
vt 0.6193 0.1574
vt 0.4732 0.2024
vt 0.2559 0.0855
vt 0.7334 0.1296
vt 0.5395 0.1912
vt 0.2771 0.0619
vt 0.836 0.1667
vt 0.6008 0.2171
vt 0.3527 0.0825
vt 0.9116 0.1661
vt 0.6137 0.2475
vt 0.4022 0.1655
vt 0.0686 0.1039
vt 0.5968 0.2231
vt 0.4316 0.2111
vt 0.2178 0.1032
vt 0.6165 0.2171
vt 0.4957 0.2302
vt 0.3389 0.0714
vt 0.7001 0.1689
vt 0.5498 0.2185
vt 0.3533 0.0551
vt 0.8066 0.177
vt 0.6018 0.2383
vt 0.3963 0.0859
vt 0.88 0.1637
vt 0.6132 0.2751
vt 0.4315 0.1791
vt 0.0293 0.0589
vt 0.5997 0.2713
vt 0.4589 0.2333
vt 0.3002 0.0739
vt 0.6239 0.2685
vt 0.5165 0.2552
vt 0.4367 0.0712
vt 0.6892 0.2127
vt 0.5618 0.2426
vt 0.4348 0.0557
vt 0.7855 0.1976
vt 0.6061 0.258
vt 0.4364 0.0901
vt 0.8501 0.175
vt 0.6172 0.3003
vt 0.4582 0.1919
vt 0.8617 0.0445
vt 0.6083 0.3118
vt 0.4837 0.2542
vt 0.4308 0.0651
vt 0.636 0.3117
vt 0.5365 0.2772
vt 0.5234 0.0849
vt 0.6903 0.2542
vt 0.575 0.2636
vt 0.5084 0.0623
vt 0.7742 0.2236
vt 0.6129 0.2756
vt 0.4736 0.094
vt 0.829 0.1973
vt 0.6243 0.3225
vt 0.4831 0.2031
vt 0.7706 0.0895
vt 0.62 0.3457
vt 0.5068 0.2731
vt 0.5493 0.0873

vn 0.587832 0.322633 -0.741864
vn 0.719612 -0.648248 -0.248866
vn 0.546008 -0.820378 0.169867
vn 0.55645 -0.781598 0.281901
vn 0.50153 -0.82496 0.260592
vn -0.938421 -0.308583 -0.155379
vn -0.9616 -0.224928 -0.157267
vn -0.921128 -0.285651 -0.264437
vn -0.723012 -0.07725 -0.686503
vn 0.05888 0.510081 -0.858109
vn 0.374014 0.705119 -0.602429
vn 0.363828 0.779827 -0.509411
vn 0.425351 0.73861 -0.523002
vn 0.62667 -0.744536 0.230108
vn 0.574216 -0.770184 0.277656
vn 0.578265 -0.799669 0.161677
vn 0.258353 -0.959553 -0.11186
vn -0.644419 -0.656256 -0.392496
vn -0.926732 -0.244364 -0.285402
vn -0.964695 -0.202128 -0.168845
vn -0.960183 -0.148259 -0.236788
vn 0.283439 0.781851 -0.555311
vn 0.343687 0.785899 -0.514045
vn 0.337399 0.716521 -0.610541
vn 0.35699 -0.147818 -0.922339
vn 0.39081 -0.920137 -0.024802
vn 0.481111 -0.852919 0.202638
vn 0.572922 -0.786303 0.231276
vn 0.031231 -0.999462 -0.010053
vn -0.950986 -0.184024 -0.248516
vn -0.939136 -0.256433 -0.228618
vn -0.844854 -0.418486 -0.333303
vn -0.277795 -0.29742 -0.913439
vn 0.498198 0.479957 -0.722108
vn 0.445973 0.690717 -0.569226
vn 0.346213 0.757263 -0.553796
vn 0.788307 0.215335 -0.576371
vn 0.520621 -0.821501 0.232573
vn 0.572178 -0.793634 0.20678
vn 0.630555 -0.77596 0.016947
vn 0.160051 -0.764917 -0.623927
vn -0.813834 -0.171534 -0.555203
vn -0.938818 -0.153194 -0.308468
vn -0.947579 -0.24544 -0.204581
vn -0.677234 0.210499 -0.705013
vn 0.404596 0.731356 -0.549017
vn 0.346656 0.741783 -0.574098
vn 0.25708 0.648839 -0.716183
vn -0.656841 -0.477427 -0.58363
vn -0.064527 -0.995197 0.073619
vn 0.36957 -0.919713 0.132458
vn 0.677998 -0.718383 -0.155704
vn 0.128458 -0.110837 -0.985502
vn -0.737405 -0.024382 -0.675011
vn -0.841144 -0.393401 -0.371097
vn -0.525311 -0.828499 -0.194007
vn 0.540204 -0.794959 -0.276079
vn 0.866921 0.192934 -0.459591
vn 0.550981 0.575843 -0.604007
vn 0.150937 0.555308 -0.817833
vn -0.203814 -0.535602 -0.819506
vn 0.230162 -0.970512 -0.071638
vn 0.601661 -0.798748 0.002459
vn 0.867861 -0.412899 -0.276282
vn 0.254665 0.392962 -0.883588
vn -0.661559 0.345185 -0.665723
vn -0.891402 -0.062876 -0.448831
vn -0.727232 -0.561369 -0.394967
vn 0.321986 -0.607651 -0.726006
vn 0.624993 0.330971 -0.706995
vn 0.286998 0.624434 -0.726439
vn -0.182699 0.55007 -0.814889
vn -0.963389 -0.230064 0.137665
vn -0.756066 -0.622828 0.20112
vn -0.127544 -0.869101 -0.477908
vn 0.258859 -0.228804 -0.938425
vn 0.133122 -0.036041 -0.990444
vn -0.06986 -0.163674 -0.984038
vn -0.131248 -0.811394 -0.569573
vn 0.316067 -0.888386 0.332974
vn 0.647557 -0.599672 0.470173
vn 0.900448 -0.365188 0.236285
vn 0.629995 -0.270986 -0.727786
vn -0.170076 -0.372898 -0.912152
vn -0.265303 -0.551513 -0.790853
vn -0.060176 -0.681117 -0.729698
vn 0.560599 -0.344081 -0.753218
vn 0.610183 0.673047 -0.417953
vn 0.216277 0.920157 -0.326398
vn -0.124328 0.872043 -0.473375
vn -0.273164 0.073071 -0.959188
vn 0.16285 -0.669793 -0.724471
vn 0.370554 -0.633662 -0.679089
vn 0.382049 -0.412306 -0.827069
vn -0.192074 0.015233 -0.981262
vn -0.950947 0.098037 -0.293408
vn -0.94371 -0.110689 0.311703
vn -0.973878 0.145467 -0.174357
vn -0.607093 0.085297 -0.790039
vn -0.264042 -0.147008 -0.953242
vn 0.025391 -0.384694 -0.922695
vn 0.401446 -0.590525 -0.700086
vn 0.773555 -0.617088 -0.144274
vn 0.784957 -0.463534 0.41107
vn 0.593171 -0.499573 0.631328
vn 0.317834 -0.839743 0.440241
vn 0.068679 -0.984024 -0.164256
vn 0.033496 -0.810123 -0.585302
vn 0.070361 -0.521707 -0.850218
vn 0.080387 -0.032729 -0.996226
vn 0.032018 0.606822 -0.794192
vn 0.034095 0.932658 -0.359148
vn 0.206213 0.96856 -0.139165
vn 0.595299 0.739685 -0.313823
vn 0.707121 0.132538 -0.69456
vn 0.4695 -0.218891 -0.855369
vn 0.166224 -0.412951 -0.895456
vn -0.24154 -0.598988 -0.76346
vn -0.698467 -0.658944 -0.27917
vn -0.878486 -0.418895 0.229759
vn -0.288544 -0.443077 -0.848779
vn -0.424686 0.154656 -0.892033
vn -0.687559 0.087629 -0.720821
vn -0.812556 -0.393499 -0.430012
vn -0.284434 -0.956577 0.063701
vn 0.459099 -0.853582 0.246224
vn 0.831086 -0.548605 0.091264
vn 0.877186 -0.381542 -0.291498
vn 0.287346 -0.705708 -0.647618
vn -0.094806 -0.948382 -0.302628
vn 0.119582 -0.99005 -0.074166
vn 0.576911 -0.815242 -0.050537
vn 0.949871 -0.015454 -0.312258
vn 0.47042 0.706045 -0.529344
vn 0.004968 0.777635 -0.628696
vn -0.211792 0.541683 -0.813464
vn 0.238148 -0.069722 -0.968723
vn 0.72854 -0.111101 -0.675933
vn 0.708046 0.24174 -0.6635
vn 0.301263 0.575125 -0.760573
vn -0.503843 0.520821 -0.689121
vn -0.952912 -0.106225 -0.284034
vn -0.793756 -0.606499 -0.04595
vn -0.500457 -0.846864 -0.179904
vn 0.007752 -0.389142 -0.921145
vn -0.165087 -0.316184 -0.934224
vn -0.781889 -0.419226 -0.46141
vn -0.630496 -0.388935 0.671718
vn -0.248712 -0.386483 0.888129
vn 0.079085 -0.493549 0.866115
vn 0.513497 -0.84381 0.155902
vn 0.251101 -0.569748 -0.782519
vn 0.083049 -0.533926 -0.841443
vn 0.113326 -0.690884 -0.714029
vn 0.576463 -0.811048 -0.099455
vn 0.779895 0.006779 0.625873
vn 0.649162 0.484167 0.586661
vn 0.551311 0.769225 0.323032
vn 0.408189 0.678584 -0.61066
vn 0.124198 -0.212531 -0.969229
vn 0.170868 -0.394741 -0.902765
vn 0.303361 -0.258873 -0.917037
vn 0.287129 0.540949 -0.790526
vn -0.246825 0.969013 0.009598
vn -0.541307 0.790775 0.285763
vn -0.791434 0.523046 0.316315
vn -0.921231 -0.213968 -0.324888
vn -0.120273 -0.506821 -0.85362
vn -0.257939 -0.399534 -0.879682
vn -0.308414 -0.733086 -0.606189
vn -0.317397 -0.887633 0.333717
vn -0.185551 -0.347177 0.91926
vn -0.201684 -0.145441 0.968592
vn -0.35302 -0.315579 0.880788
vn -0.388093 -0.92154 0.012181
vn -0.027567 -0.826945 -0.561606
vn 0.233245 -0.710219 -0.664219
vn 0.576158 -0.521458 -0.629383
vn 0.989072 0.137862 -0.052246
vn 0.588913 0.550317 0.591889
vn 0.440816 0.521702 0.730416
vn 0.640283 0.372034 0.672033
vn 0.952521 -0.147894 -0.26614
vn 0.52128 -0.250857 -0.815683
vn 0.266452 -0.124108 -0.955825
vn -0.043091 0.138379 -0.989441
vn -0.569791 0.677412 -0.465243
vn -0.564352 0.744282 0.357143
vn -0.444632 0.729535 0.519693
vn -0.435516 0.852038 0.290442
vn -0.400824 0.569025 -0.718019
vn -0.256183 -0.07328 -0.963847
vn -0.988879 -0.146686 -0.024541
vn -0.522918 -0.702871 0.482214
vn -0.079678 -0.784137 0.615452
vn 0.103304 -0.78036 0.616739
vn -0.344802 -0.854442 0.38864
vn -0.729683 -0.683268 0.02661
vn -0.577298 -0.810928 0.095515
vn -0.152303 -0.949293 0.27504
vn 0.558568 -0.720441 0.411056
vn 0.959877 0.026307 0.279185
vn 0.841618 0.534493 0.077431
vn 0.725454 0.687645 -0.029346
vn 0.988879 0.146687 0.024542
vn 0.89143 -0.447802 0.069474
vn 0.963207 -0.266772 -0.032641
vn 0.938596 0.255307 -0.232069
vn 0.344802 0.854443 -0.388638
vn -0.407614 0.866237 -0.288936
vn -0.782381 0.609239 -0.129259
vn -0.894334 0.442368 -0.066914
vn -0.558567 0.72044 -0.411059
vn -0.097722 0.781188 -0.6166
vn -0.273767 0.731708 -0.624223
vn -0.680289 0.524392 -0.512073
vn -0.405133 0.301175 0.863227
vn -0.312892 -0.011134 0.949724
vn -0.252862 -0.66599 0.701796
vn -0.154968 -0.939629 -0.305095
vn -0.188094 -0.823391 -0.535396
vn -0.306128 -0.873405 -0.378746
vn -0.370642 -0.816912 0.441905
vn -0.049064 -0.152049 0.987154
vn 0.172267 0.189186 0.966712
vn 0.385852 0.385417 0.838196
vn 0.854561 0.415948 0.310987
vn 0.752508 -0.165432 -0.637467
vn 0.608118 -0.366108 -0.704384
vn 0.751241 -0.351525 -0.558631
vn 0.982777 0.154636 0.101183
vn 0.368842 0.661636 0.652835
vn -0.015354 0.74254 0.669626
vn -0.293511 0.779318 0.553638
vn -0.637681 0.76938 -0.037638
vn -0.386206 0.205926 -0.899133
vn -0.187944 0.087645 -0.978262
vn -0.233445 0.285025 -0.929658
vn -0.544669 0.759758 -0.35511
vn -0.536868 0.607701 0.585211
vn -0.150194 0.368012 0.91761
vn -0.303417 0.443974 0.843104
vn -0.958319 -0.064838 0.278245
vn -0.589329 -0.727862 -0.350582
vn -0.27408 -0.911726 -0.305999
vn 0.04568 -0.99885 -0.014589
vn 0.392992 -0.440062 0.807405
vn 0.17033 0.329138 0.928793
vn 0.004974 0.420823 0.907129
vn 0.010003 0.232436 0.97256
vn 0.557358 -0.53536 0.63462
vn 0.765761 -0.573855 -0.290346
vn 0.78938 -0.270779 -0.550961
vn 0.777739 0.224274 -0.587217
vn 0.310842 0.942667 0.121475
vn -0.126776 0.688889 0.713694
vn -0.116364 0.528985 0.840616
vn 0.036724 0.612443 0.789661
vn 0.253549 0.957591 -0.136867
vn -0.025558 0.501489 -0.864786
vn -0.306726 0.304091 -0.901913
vn -0.682835 0.19412 -0.704311
vn -0.891317 0.171031 0.419885
vn -0.294855 0.247958 0.92281
vn -0.445516 0.334189 0.830562
vn -0.732733 0.663937 0.149299
vn -0.936823 0.349792 0.003001
vn -0.95536 -0.176839 0.236676
vn -0.363905 -0.649539 0.667586
vn 0.41787 -0.468452 0.77842
vn 0.714651 -0.030702 0.698807
vn 0.631272 0.31281 0.70968
vn 0.160367 0.128836 0.978613
vn -0.084758 -0.585673 0.806104
vn 0.199833 -0.747255 0.633779
vn 0.628748 -0.542998 0.556623
vn 0.888211 0.288108 0.357875
vn 0.312427 0.947163 0.072608
vn -0.176531 0.981603 0.072754
vn -0.380435 0.877886 0.290835
vn 0.038469 0.754038 0.655704
vn 0.713544 0.617503 0.330976
vn 0.639594 0.76676 -0.054765
vn 0.203107 0.951811 -0.229789
vn -0.546272 0.833353 -0.084317
vn -0.91164 0.137739 0.387221
vn -0.666707 -0.288515 0.687212
vn -0.404328 -0.277629 0.871459
vn -0.918945 -0.16561 -0.357929
vn -0.949997 0.147664 -0.275138
vn -0.872284 0.425945 0.24019
vn -0.441682 0.497642 0.746505
vn -0.004391 0.436956 0.899472
vn 0.343711 0.339519 0.875551
vn 0.680577 0.073309 0.729
vn 0.768322 -0.53741 0.347666
vn 0.471326 -0.868056 0.15598
vn 0.285728 -0.885216 0.367085
vn 0.168098 -0.577137 0.79916
vn 0.018982 0.04747 0.998692
vn -0.125371 0.513547 0.848853
vn -0.231421 0.780764 0.58039
vn -0.227807 0.960419 0.160308
vn 0.081525 0.898983 -0.43033
vn 0.45264 0.654706 -0.605373
vn 0.635709 0.674269 -0.375812
vn 0.553308 0.81391 0.177203
vn 0.17839 0.676537 0.714476
vn -0.13212 0.368863 0.920046
vn -0.341277 0.057216 0.93822
vn -0.593838 -0.263438 0.760235
vn -0.897056 -0.422995 0.127927
vn -0.980832 -0.058333 -0.185916
vn -0.894679 -0.37181 0.247604
vn -0.226784 -0.077365 0.970867
vn 0.205392 0.499444 0.841647
vn 0.137369 0.709006 0.691694
vn -0.073832 0.682997 0.72668
vn -0.286436 -0.156082 0.9453
vn 0.111185 -0.873992 0.473049
vn 0.457814 -0.820165 0.343127
vn 0.758161 -0.470072 0.451912
vn 0.399417 0.486489 0.777042
vn -0.29053 0.629094 0.720995
vn -0.451952 0.445117 0.773053
vn -0.315007 0.300944 0.900113
vn 0.488187 0.436853 0.755535
vn 0.766137 0.612404 -0.194926
vn 0.46776 0.765115 -0.442494
vn 0.060518 0.944247 -0.323628
vn -0.388481 0.7343 0.556674
vn -0.162013 0.12928 0.978283
vn 0.068705 0.065979 0.995453
vn 0.13548 0.287297 0.948212
vn -0.397233 0.791257 0.464885
vn -0.893546 0.378132 -0.242059
vn -0.794617 0.262122 0.54761
vn -0.054587 -0.585269 0.809
vn 0.420198 -0.519531 0.74399
vn 0.659047 -0.140502 0.738862
vn 0.096216 0.669686 0.736385
vn -0.877091 0.323388 0.355151
vn -0.891993 -0.201667 0.404573
vn -0.564462 -0.527049 0.635296
vn 0.314516 -0.308532 0.897713
vn 0.696272 0.644917 0.315099
vn 0.34344 0.93894 0.020995
vn -0.06505 0.995004 0.075736
vn -0.389956 0.447524 0.804772
vn 0.265666 -0.493511 0.828172
vn 0.664348 -0.395565 0.634168
vn 0.862235 0.063562 0.502504
vn 0.272283 0.915479 0.296243
vn -0.751843 0.639052 0.162312
vn -0.936074 0.129776 0.326991
vn -0.74462 -0.195455 0.638231
vn 0.042787 0.136237 0.989752
vn 0.432038 0.883041 0.183253
vn 0.092831 0.988304 -0.120983
vn -0.346816 0.93418 -0.083829
vn 0.253547 0.238381 0.93749
vn 0.39918 -0.551493 0.732469
vn 0.518653 -0.613427 0.595572
vn 0.572222 -0.58646 0.57326
vn -0.620429 -0.402987 0.672807
vn -0.986794 -0.041497 0.156575
vn -0.956702 -0.127978 0.261426
vn -0.854543 -0.075945 0.513799
vn -0.099222 0.773941 0.625436
vn 0.37837 0.925619 0.008092
vn 0.326662 0.926964 -0.184473
vn 0.270553 0.93886 -0.212938
vn 0.787929 0.018475 0.615489
vn 0.523707 -0.628222 0.575385
vn 0.599 -0.53571 0.595159
vn 0.580351 -0.319969 0.748874
vn -0.396122 0.197454 0.896716
vn -0.945063 0.152976 0.288884
vn -0.98308 -0.028701 0.180915
vn -0.974365 -0.101574 0.200735
vn -0.260595 0.965438 0.004362
vn 0.330689 0.92034 -0.208852
vn 0.222222 0.957248 -0.185184
vn 0.105378 0.993739 0.037118
vn 0.619418 -0.143557 0.771824
vn 0.500708 -0.5922 0.63134
vn 0.531529 -0.656073 0.535765
vn 0.470767 -0.669976 0.57403
vn -0.972211 -0.138381 0.18883
vn -0.988853 -0.08765 0.120362
vn -0.97048 -0.037057 0.238318
vn -0.825347 0.438238 0.35602
vn -0.036884 0.992404 0.117358
vn 0.32854 0.93418 -0.139174
vn 0.338854 0.905624 -0.254995
vn 0.394117 0.895956 -0.204777
vn 0.59543 -0.58719 0.548335
vn 0.549243 -0.644386 0.53207
vn 0.532791 -0.570608 0.624932
vn 0.162603 -0.477226 0.863606
vn -0.746757 -0.140771 0.650028
vn -0.976084 0.004226 0.217354
vn -0.991947 -0.064852 0.108788
vn -0.993971 0.021933 0.107425
vn 0.252673 0.936831 -0.241878
vn 0.318767 0.911424 -0.260181
vn 0.292099 0.9447 -0.149067
vn 0.487634 0.827326 0.278827
vn -0.21266 0.419298 0.88259
vn -0.17784 -0.466077 -0.866686
vn -0.01763 -0.45591 -0.889851
vn -0.153398 0.428996 0.890186
vn 0.076465 -0.454002 -0.887714
vn 0.130031 -0.435441 -0.890777
vn 0.075752 0.459255 0.885069
vn 0.229203 0.465398 0.85491
vn 0.212288 -0.419375 -0.882643
vn 0.147491 0.463542 0.873714
vn 0.025237 0.455579 0.889837
vn 0.146678 -0.431094 -0.890305
vn -0.093816 0.445369 0.890418
vn -0.13428 0.435347 0.890192
vn -0.059005 -0.456494 -0.887768
vn -0.281884 -0.462541 -0.840594
vn -0.207905 0.385111 0.899147
vn -0.076255 -0.505997 -0.859158
vn -0.039818 -0.494005 -0.868547
vn -0.142448 0.415151 0.898531
vn 0.085483 -0.445805 -0.891039
vn 0.131749 -0.422578 -0.8967
vn 0.028076 0.487633 0.872597
vn 0.627513 0.58904 0.509176
vn 0.207547 -0.38529 -0.899153
vn 0.064697 0.500932 0.863065
vn 0.057244 0.498763 0.864846
vn 0.139171 -0.417523 -0.897946
vn -0.091003 0.442537 0.892121
vn -0.138105 0.420455 0.896741
vn -0.022508 -0.484304 -0.87461
vn -0.819562 -0.525064 -0.229404
vn -0.202057 0.345069 0.91657
vn -0.022049 -0.524113 -0.851363
vn -0.081848 -0.566443 -0.820026
vn -0.133381 0.402391 0.905699
vn 0.087058 -0.444319 -0.891628
vn 0.13344 -0.405405 -0.904345
vn -0.002095 0.505827 0.862632
vn 0.537392 0.022219 -0.84304
vn 0.20172 -0.345372 -0.91653
vn 0.017268 0.519783 0.854124
vn 0.129114 0.593541 0.79438
vn 0.132568 -0.404007 -0.905099
vn -0.090033 0.441596 0.892685
vn -0.142888 0.398773 0.905849
vn 0.002759 -0.504035 -0.863679
vn -0.456838 0.085262 0.885454
vn -0.193517 0.289816 0.937314
vn 0.015161 -0.535026 -0.8447
vn -0.218064 -0.77733 -0.59009
vn -0.124436 0.388315 0.913087
vn 0.087757 -0.443628 -0.891904
vn 0.135299 -0.377719 -0.915982
vn -0.025777 0.520678 0.853364
vn 0.249003 -0.201285 -0.947355
vn 0.193213 -0.290285 -0.937232
vn -0.016787 0.531944 0.846613
vn 0.44245 0.878873 0.178381
vn 0.125643 -0.387878 -0.913107
vn -0.089483 0.44109 0.89299
vn -0.150395 0.358736 0.921243
vn 0.023944 -0.521278 -0.853051
vn -0.234197 0.228296 0.945004
vn -0.177551 0.194266 0.964747
vn 0.045432 -0.542845 -0.838603
vn -0.295676 -0.281377 0.912909
vn -0.113724 0.369579 0.922214
vn 0.088185 -0.443181 -0.892084
vn 0.137669 -0.315777 -0.938793
vn -0.047895 0.535241 0.84334
vn 0.153654 -0.264906 -0.951953
vn 0.177307 -0.195009 -0.964642
vn -0.045462 0.541163 0.839688
vn 0.229436 -0.020877 -0.9731
vn 0.116611 -0.364183 -0.923998
vn -0.089089 0.440752 0.893197
vn -0.168581 0.23818 0.956478
vn 0.044945 -0.539178 -0.840992
vn -0.150844 0.276031 0.949238
vn -0.131074 -0.046709 0.990272
vn 0.073647 -0.549199 -0.83244
vn -0.112608 0.171896 0.978658
vn -0.097142 0.33782 0.936184
vn 0.088494 -0.442832 -0.892227
vn 0.135881 0.027237 -0.990351
vn -0.07236 0.5521 0.830632
vn 0.104003 -0.296915 -0.949223
vn 0.131004 0.045426 -0.990341
vn -0.073001 0.549081 0.832575
vn 0.110161 -0.229813 -0.96698
vn 0.100272 -0.317001 -0.94311
vn -0.088758 0.440488 0.89336
vn -0.085658 -0.996272 0.010265
vn 0.069721 -0.561141 -0.824779
vn -0.104291 0.301941 0.947605
vn 0.120147 -0.885174 0.449479
vn 0.103455 -0.554937 -0.825434
vn -0.062666 0.275446 0.959272
vn -0.057191 0.255632 0.965081
vn 0.088752 -0.442519 -0.892356
vn -0.117814 0.705012 0.699341
vn -0.105173 0.575376 0.811099
vn 0.07063 -0.318352 -0.945338
vn -0.120148 0.885174 -0.449479
vn -0.102981 0.556681 0.824318
vn 0.067357 -0.296765 -0.952572
vn 0.039988 -0.131635 -0.990491
vn -0.088445 0.440256 0.893505
vn 0.105403 -0.610816 -0.784725
vn 0.105879 -0.593796 -0.797619
vn -0.071585 0.320128 0.944666
vn 0.244182 -0.786597 -0.567133
vn 0.139404 -0.560632 -0.816246
vn -0.037434 0.323264 0.945568
vn 0.296198 -0.554914 0.777391
vn 0.088991 -0.442206 -0.892488
vn -0.131813 0.54937 0.825117
vn -0.162542 0.615703 0.771031
vn 0.044028 -0.33561 -0.940972
vn -0.243847 0.785935 0.568194
vn -0.140369 0.564832 0.813179
vn 0.042551 -0.332488 -0.942147
vn -0.244728 0.774596 0.583189
vn -0.088115 0.440031 0.893649
vn 0.123597 -0.532719 -0.837218
vn 0.178495 -0.657317 -0.73217
vn -0.044613 0.335298 0.941055
vn 0.235304 -0.619751 -0.748693
vn 0.190301 -0.566724 -0.80163
vn -0.019796 0.35389 0.935078
vn 0.216362 -0.590179 -0.777738
vn 0.089239 -0.441857 -0.892636
vn -0.135579 0.503931 0.853037
vn -0.323471 0.713686 0.621304
vn 0.019734 -0.351617 -0.935936
vn -0.234897 0.619294 0.749198
vn -0.195689 0.574591 0.794702
vn 0.023751 -0.357364 -0.933663
vn -0.167925 0.538677 0.825608
vn -0.087723 0.439786 0.893808
vn 0.131434 -0.500067 -0.855955
vn 0.445595 -0.823097 -0.352075
vn -0.019231 0.349806 0.936625
vn 0.227523 -0.54034 -0.810102
vn 0.280946 -0.572692 -0.770126
vn -0.004509 0.378103 0.925753
vn 0.16925 -0.497642 -0.850709
vn 0.089527 -0.441415 -0.892826
vn -0.138134 0.479908 0.866376
vn -0.597354 0.262333 -0.757858
vn -0.005403 -0.368453 -0.929631
vn -0.227117 0.540075 0.810393
vn -0.301319 0.586733 0.751632
vn 0.00645 -0.378302 -0.92566
vn -0.149982 0.485902 0.861048
vn -0.087196 0.43948 0.89401
vn 0.136867 -0.4799 -0.866582
vn 0.313373 0.07513 0.946653
vn 0.007846 0.36553 0.930767
vn 0.221822 -0.490684 -0.842629
vn 0.521145 -0.559063 -0.644869
vn 0.011247 0.400845 0.916077
vn 0.15178 -0.464285 -0.872584
vn 0.08992 -0.440771 -0.893104
vn -0.140566 0.462915 0.875186
vn -0.165837 -0.322994 -0.931758
vn -0.035078 -0.388572 -0.92075
vn -0.221427 0.490554 0.842809
vn -0.617668 0.569126 0.542754
vn -0.012384 -0.399136 -0.916808
vn -0.141033 0.461336 0.875944
vn -0.086335 0.439018 0.894321
vn 0.141763 -0.464137 -0.874345
vn 0.111403 0.348716 0.930584
vn 0.040939 0.384937 0.922034
vn 0.217103 -0.452872 -0.864739
vn 0.882803 0.05912 0.466007
vn 0.030409 0.426105 0.904162
vn 0.14154 -0.44576 -0.883892
vn 0.090603 -0.439579 -0.893623
vn -0.143327 0.448155 0.882391
vn -0.068268 -0.417529 -0.906096
vn -0.076163 -0.416466 -0.905956
vn -0.216718 0.452849 0.864847
vn -0.679689 -0.204617 -0.704382
vn -0.036742 -0.423801 -0.90501
vn -0.134911 0.445877 0.884869
vn -0.084431 0.438041 0.894981
vn 0.147078 -0.449268 -0.881207
vn 0.049936 0.419461 0.906399
vn 0.088888 0.412939 0.90641
vn 0.21266 -0.419297 -0.88259
vn 0.28134 0.466552 0.838557
vn 0.058514 0.46011 0.885932
vn 0.133951 -0.432917 -0.891426
vn 0.092545 -0.436024 -0.895164
vn -0.146907 0.432784 0.889447
vn -0.0253 -0.455094 -0.890084
vn -0.147462 -0.463753 -0.873606
vn -0.212288 0.419375 0.882643
vn -0.229241 -0.465116 -0.855053
vn -0.075656 -0.459957 -0.884712
vn -0.129867 0.434232 0.891391
vn -0.073563 0.43266 0.898551
vn 0.153868 -0.432449 -0.888432
vn 0.017985 0.4533 0.891177
vn 0.178236 0.463179 0.868157
vn 0.207906 -0.385109 -0.899147
vn 0.115261 0.519062 0.84693
vn 0.112283 0.519642 0.846974
vn 0.127386 -0.422583 -0.897327
vn -0.052929 0.507926 0.859773
vn -0.152219 0.413397 0.897737
vn 0.001344 -0.476633 -0.879101
vn -0.330245 -0.572247 -0.750648
vn -0.207549 0.385291 0.899152
vn -0.098932 -0.512455 -0.852996
vn -0.162535 -0.53278 -0.830498
vn -0.125119 0.424228 0.89687
vn 0.098538 -0.444781 -0.890203
vn 0.164232 -0.408972 -0.897647
vn -0.003759 0.474723 0.880127
vn 0.439138 0.584682 0.682133
vn 0.202057 -0.34507 -0.916569
vn 0.041644 0.537762 0.842068
vn 0.282648 0.680399 0.676141
vn 0.120971 -0.413207 -0.902567
vn -0.086295 0.447841 0.889939
vn -0.161707 0.382195 0.909823
vn 0.021541 -0.491766 -0.870461
vn -0.766234 -0.508522 0.392799
vn -0.20172 0.345371 0.91653
vn -0.03553 -0.532437 -0.845724
vn -0.543939 -0.749627 -0.377081
vn -0.120122 0.414591 0.902045
vn 0.092136 -0.441652 -0.892443
vn 0.184707 -0.364664 -0.912636
vn -0.021353 0.490863 0.870975
vn 0.682508 0.245727 -0.688333
vn 0.193517 -0.289816 -0.937314
vn -0.004174 0.548409 0.8362
vn 0.479714 0.291975 -0.827421
vn 0.113981 -0.403706 -0.907761
vn -0.08783 0.445098 0.891164
vn -0.185449 0.306271 0.933706
vn 0.039223 -0.504026 -0.862797
vn -0.312381 0.091549 0.945535
vn -0.193213 0.290286 0.937232
vn 0.0061 -0.544849 -0.838512
vn -0.333845 0.050378 0.941281
vn -0.114279 0.404208 0.9075
vn 0.090554 -0.440835 -0.893009
vn 0.254262 -0.206498 -0.944833
vn -0.037615 0.504724 0.862461
vn 0.283497 -0.146767 -0.947676
vn 0.17755 -0.194266 -0.964747
vn -0.039486 0.556338 0.830017
vn 0.177396 -0.184594 -0.966673
vn 0.105462 -0.392879 -0.913523
vn -0.088457 0.444035 0.891632
vn -0.329325 -0.364404 0.871065
vn 0.056702 -0.515198 -0.855193
vn -0.169361 0.21872 0.960978
vn -0.177305 0.195011 0.964642
vn 0.039445 -0.554613 -0.831173
vn -0.159413 0.247133 0.955779
vn -0.106598 0.391523 0.913973
vn 0.089763 -0.440387 -0.89331
vn 0.134078 0.84158 0.523227
vn -0.054514 0.518083 0.853591
vn 0.164468 -0.237117 -0.957458
vn 0.131075 0.046709 -0.990271
vn -0.071612 0.563473 0.823025
vn 0.103648 -0.282344 -0.953697
vn 0.0936 -0.378661 -0.92079
vn -0.088864 0.443406 0.891905
vn 0.055402 -0.641574 -0.765058
vn 0.076109 -0.526592 -0.846704
vn -0.106761 0.269247 0.957135
vn -0.131001 -0.045423 0.990341
vn 0.070815 -0.563758 -0.822899
vn -0.102798 0.306493 0.946306
vn -0.094867 0.373291 0.922851
vn 0.089223 -0.440048 -0.893531
vn -0.064663 0.57979 0.812196
vn -0.074285 0.532548 0.843134
vn 0.106934 -0.277051 -0.954886
vn -0.120147 0.885176 -0.449476
vn -0.105648 0.570957 0.814154
vn 0.070331 -0.325904 -0.942783
vn 0.073695 -0.355864 -0.931628
vn -0.089207 0.442928 0.892108
vn 0.099192 -0.538319 -0.836884
vn 0.100582 -0.539728 -0.835809
vn -0.067862 0.298643 0.951949
vn 0.120144 -0.885179 0.449471
vn 0.105196 -0.573707 -0.812277
vn -0.07315 0.337621 0.938436
vn -0.072217 0.339572 0.937803
vn 0.088772 -0.43973 -0.893732
vn -0.096497 0.523849 0.846327
vn -0.100808 0.550431 0.828772
vn 0.069088 -0.301602 -0.950927
vn -0.244183 0.786596 0.567135
vn -0.148051 0.579977 0.801066
vn 0.04993 -0.353114 -0.934247
vn 0.027198 -0.303755 -0.952362
vn -0.089554 0.442491 0.89229
vn 0.112403 -0.50248 -0.857251
vn 0.136847 -0.557335 -0.818933
vn -0.037736 0.320052 0.946648
vn 0.243847 -0.78594 -0.568187
vn 0.149788 -0.586231 -0.796176
vn -0.053354 0.358943 0.931833
vn 2.9e-05 0.233178 0.972434
vn 0.088317 -0.439372 -0.893953
vn -0.109806 0.498062 0.860161
vn -0.143606 0.576731 0.804213
vn 0.038584 -0.320143 -0.946583
vn -0.235303 0.61975 0.748694
vn -0.212697 0.592432 0.777035
vn 0.034935 -0.373842 -0.926834
vn -0.252707 0.032379 -0.967001
vn -0.089982 0.44201 0.892485
vn 0.118958 -0.482579 -0.867737
vn 0.20548 -0.586492 -0.783458
vn -0.01011 0.338493 0.940915
vn 0.234896 -0.619293 -0.7492
vn 0.221742 -0.604625 -0.765022
vn -0.037847 0.376288 0.925729
vn 0.491417 -0.829718 -0.264723
vn 0.087757 -0.438884 -0.894248
vn -0.117519 0.481695 0.868423
vn -0.237419 0.6268 0.742128
vn 0.009658 -0.336588 -0.941603
vn -0.227523 0.540341 0.810102
vn -0.346449 0.610564 0.712169
vn 0.022323 -0.392072 -0.919664
vn -0.305049 0.580651 0.754844
vn -0.090626 0.441348 0.892748
vn 0.12302 -0.468602 -0.874802
vn 0.415146 -0.649426 -0.637103
vn 0.019404 0.356965 0.933916
vn 0.227117 -0.540074 -0.810394
vn 0.386015 -0.634035 -0.670069
vn -0.024071 0.392393 0.919483
vn 0.215796 -0.52986 -0.820171
vn 0.086869 -0.438045 -0.894746
vn -0.122866 0.469158 0.874525
vn -0.61734 0.721935 0.312574
vn -0.02228 -0.353514 -0.935164
vn -0.221822 0.490684 0.842629
vn -0.78941 0.541902 0.288398
vn 0.0104 -0.410164 -0.911952
vn -0.20038 0.480131 0.854003
vn -0.091927 0.440096 0.893233
vn 0.125896 -0.457132 -0.880443
vn 0.646938 -0.009318 0.762486
vn 0.056413 0.378596 0.923841
vn 0.221425 -0.490553 -0.84281
vn 0.894704 -0.437947 0.087788
vn -0.010333 0.409202 0.912385
vn 0.174011 -0.472846 -0.863792
vn 0.08467 -0.435833 -0.896036
vn -0.127071 0.45815 0.879745
vn -0.346184 -0.212314 -0.913827
vn -0.063877 -0.373968 -0.925239
vn -0.217103 0.452871 0.864739
vn -0.477153 -0.304642 -0.824329
vn -0.002265 -0.430341 -0.902663
vn -0.169455 0.447435 0.878116
vn -0.097223 0.435179 0.895079
vn 0.128141 -0.446487 -0.885567
vn 0.18147 0.3933 0.901324
vn 0.112943 0.4092 0.905428
vn 0.216718 -0.452847 -0.864849
vn 0.361359 0.343048 0.867028
vn 0.005125 0.428956 0.903311
vn 0.156856 -0.44755 -0.880395
vn 0.036238 -0.384883 -0.922254
vn -0.130741 0.447302 0.884776
vn -0.12809 -0.403172 -0.906116
vn -0.130865 -0.404099 -0.905306

f 1/1/1 2/2/2 25/25/25
f 2/2/2 26/26/26 25/25/25
f 2/2/2 3/3/3 26/26/26
f 3/3/3 27/27/27 26/26/26
f 3/3/3 4/4/4 27/27/27
f 4/4/4 28/28/28 27/27/27
f 4/4/4 5/5/5 28/28/28
f 5/5/5 29/29/29 28/28/28
f 5/5/5 6/6/6 29/29/29
f 6/6/6 30/30/30 29/29/29
f 6/6/6 7/7/7 30/30/30
f 7/7/7 31/31/31 30/30/30
f 7/7/7 8/8/8 31/31/31
f 8/8/8 32/32/32 31/31/31
f 8/8/8 9/9/9 32/32/32
f 9/9/9 33/33/33 32/32/32
f 9/9/9 10/10/10 33/33/33
f 10/10/10 34/34/34 33/33/33
f 10/10/10 11/11/11 34/34/34
f 11/11/11 35/35/35 34/34/34
f 11/11/11 12/12/12 35/35/35
f 12/12/12 36/36/36 35/35/35
f 12/12/12 13/13/13 36/36/36
f 13/13/13 37/37/37 36/36/36
f 13/13/13 14/14/14 37/37/37
f 14/14/14 38/38/38 37/37/37
f 14/14/14 15/15/15 38/38/38
f 15/15/15 39/39/39 38/38/38
f 15/15/15 16/16/16 39/39/39
f 16/16/16 40/40/40 39/39/39
f 16/16/16 17/17/17 40/40/40
f 17/17/17 41/41/41 40/40/40
f 17/17/17 18/18/18 41/41/41
f 18/18/18 42/42/42 41/41/41
f 18/18/18 19/19/19 42/42/42
f 19/19/19 43/43/43 42/42/42
f 19/19/19 20/20/20 43/43/43
f 20/20/20 44/44/44 43/43/43
f 20/20/20 21/21/21 44/44/44
f 21/21/21 45/45/45 44/44/44
f 21/21/21 22/22/22 45/45/45
f 22/22/22 46/46/46 45/45/45
f 22/22/22 23/23/23 46/46/46
f 23/23/23 47/47/47 46/46/46
f 23/23/23 24/24/24 47/47/47
f 24/24/24 48/48/48 47/47/47
f 24/24/24 1/1/1 48/48/48
f 1/1/1 25/25/25 48/48/48
f 25/25/25 26/26/26 49/49/49
f 26/26/26 50/50/50 49/49/49
f 26/26/26 27/27/27 50/50/50
f 27/27/27 51/51/51 50/50/50
f 27/27/27 28/28/28 51/51/51
f 28/28/28 52/52/52 51/51/51
f 28/28/28 29/29/29 52/52/52
f 29/29/29 53/53/53 52/52/52
f 29/29/29 30/30/30 53/53/53
f 30/30/30 54/54/54 53/53/53
f 30/30/30 31/31/31 54/54/54
f 31/31/31 55/55/55 54/54/54
f 31/31/31 32/32/32 55/55/55
f 32/32/32 56/56/56 55/55/55
f 32/32/32 33/33/33 56/56/56
f 33/33/33 57/57/57 56/56/56
f 33/33/33 34/34/34 57/57/57
f 34/34/34 58/58/58 57/57/57
f 34/34/34 35/35/35 58/58/58
f 35/35/35 59/59/59 58/58/58
f 35/35/35 36/36/36 59/59/59
f 36/36/36 60/60/60 59/59/59
f 36/36/36 37/37/37 60/60/60
f 37/37/37 61/61/61 60/60/60
f 37/37/37 38/38/38 61/61/61
f 38/38/38 62/62/62 61/61/61
f 38/38/38 39/39/39 62/62/62
f 39/39/39 63/63/63 62/62/62
f 39/39/39 40/40/40 63/63/63
f 40/40/40 64/64/64 63/63/63
f 40/40/40 41/41/41 64/64/64
f 41/41/41 65/65/65 64/64/64
f 41/41/41 42/42/42 65/65/65
f 42/42/42 66/66/66 65/65/65
f 42/42/42 43/43/43 66/66/66
f 43/43/43 67/67/67 66/66/66
f 43/43/43 44/44/44 67/67/67
f 44/44/44 68/68/68 67/67/67
f 44/44/44 45/45/45 68/68/68
f 45/45/45 69/69/69 68/68/68
f 45/45/45 46/46/46 69/69/69
f 46/46/46 70/70/70 69/69/69
f 46/46/46 47/47/47 70/70/70
f 47/47/47 71/71/71 70/70/70
f 47/47/47 48/48/48 71/71/71
f 48/48/48 72/72/72 71/71/71
f 48/48/48 25/25/25 72/72/72
f 25/25/25 49/49/49 72/72/72
f 49/49/49 50/50/50 73/73/73
f 50/50/50 74/74/74 73/73/73
f 50/50/50 51/51/51 74/74/74
f 51/51/51 75/75/75 74/74/74
f 51/51/51 52/52/52 75/75/75
f 52/52/52 76/76/76 75/75/75
f 52/52/52 53/53/53 76/76/76
f 53/53/53 77/77/77 76/76/76
f 53/53/53 54/54/54 77/77/77
f 54/54/54 78/78/78 77/77/77
f 54/54/54 55/55/55 78/78/78
f 55/55/55 79/79/79 78/78/78
f 55/55/55 56/56/56 79/79/79
f 56/56/56 80/80/80 79/79/79
f 56/56/56 57/57/57 80/80/80
f 57/57/57 81/81/81 80/80/80
f 57/57/57 58/58/58 81/81/81
f 58/58/58 82/82/82 81/81/81
f 58/58/58 59/59/59 82/82/82
f 59/59/59 83/83/83 82/82/82
f 59/59/59 60/60/60 83/83/83
f 60/60/60 84/84/84 83/83/83
f 60/60/60 61/61/61 84/84/84
f 61/61/61 85/85/85 84/84/84
f 61/61/61 62/62/62 85/85/85
f 62/62/62 86/86/86 85/85/85
f 62/62/62 63/63/63 86/86/86
f 63/63/63 87/87/87 86/86/86
f 63/63/63 64/64/64 87/87/87
f 64/64/64 88/88/88 87/87/87
f 64/64/64 65/65/65 88/88/88
f 65/65/65 89/89/89 88/88/88
f 65/65/65 66/66/66 89/89/89
f 66/66/66 90/90/90 89/89/89
f 66/66/66 67/67/67 90/90/90
f 67/67/67 91/91/91 90/90/90
f 67/67/67 68/68/68 91/91/91
f 68/68/68 92/92/92 91/91/91
f 68/68/68 69/69/69 92/92/92
f 69/69/69 93/93/93 92/92/92
f 69/69/69 70/70/70 93/93/93
f 70/70/70 94/94/94 93/93/93
f 70/70/70 71/71/71 94/94/94
f 71/71/71 95/95/95 94/94/94
f 71/71/71 72/72/72 95/95/95
f 72/72/72 96/96/96 95/95/95
f 72/72/72 49/49/49 96/96/96
f 49/49/49 73/73/73 96/96/96
f 73/73/73 74/74/74 97/97/97
f 74/74/74 98/98/98 97/97/97
f 74/74/74 75/75/75 98/98/98
f 75/75/75 99/99/99 98/98/98
f 75/75/75 76/76/76 99/99/99
f 76/76/76 100/100/100 99/99/99
f 76/76/76 77/77/77 100/100/100
f 77/77/77 101/101/101 100/100/100
f 77/77/77 78/78/78 101/101/101
f 78/78/78 102/102/102 101/101/101
f 78/78/78 79/79/79 102/102/102
f 79/79/79 103/103/103 102/102/102
f 79/79/79 80/80/80 103/103/103
f 80/80/80 104/104/104 103/103/103
f 80/80/80 81/81/81 104/104/104
f 81/81/81 105/105/105 104/104/104
f 81/81/81 82/82/82 105/105/105
f 82/82/82 106/106/106 105/105/105
f 82/82/82 83/83/83 106/106/106
f 83/83/83 107/107/107 106/106/106
f 83/83/83 84/84/84 107/107/107
f 84/84/84 108/108/108 107/107/107
f 84/84/84 85/85/85 108/108/108
f 85/85/85 109/109/109 108/108/108
f 85/85/85 86/86/86 109/109/109
f 86/86/86 110/110/110 109/109/109
f 86/86/86 87/87/87 110/110/110
f 87/87/87 111/111/111 110/110/110
f 87/87/87 88/88/88 111/111/111
f 88/88/88 112/112/112 111/111/111
f 88/88/88 89/89/89 112/112/112
f 89/89/89 113/113/113 112/112/112
f 89/89/89 90/90/90 113/113/113
f 90/90/90 114/114/114 113/113/113
f 90/90/90 91/91/91 114/114/114
f 91/91/91 115/115/115 114/114/114
f 91/91/91 92/92/92 115/115/115
f 92/92/92 116/116/116 115/115/115
f 92/92/92 93/93/93 116/116/116
f 93/93/93 117/117/117 116/116/116
f 93/93/93 94/94/94 117/117/117
f 94/94/94 118/118/118 117/117/117
f 94/94/94 95/95/95 118/118/118
f 95/95/95 119/119/119 118/118/118
f 95/95/95 96/96/96 119/119/119
f 96/96/96 120/120/120 119/119/119
f 96/96/96 73/73/73 120/120/120
f 73/73/73 97/97/97 120/120/120
f 97/97/97 98/98/98 121/121/121
f 98/98/98 122/122/122 121/121/121
f 98/98/98 99/99/99 122/122/122
f 99/99/99 123/123/123 122/122/122
f 99/99/99 100/100/100 123/123/123
f 100/100/100 124/124/124 123/123/123
f 100/100/100 101/101/101 124/124/124
f 101/101/101 125/125/125 124/124/124
f 101/101/101 102/102/102 125/125/125
f 102/102/102 126/126/126 125/125/125
f 102/102/102 103/103/103 126/126/126
f 103/103/103 127/127/127 126/126/126
f 103/103/103 104/104/104 127/127/127
f 104/104/104 128/128/128 127/127/127
f 104/104/104 105/105/105 128/128/128
f 105/105/105 129/129/129 128/128/128
f 105/105/105 106/106/106 129/129/129
f 106/106/106 130/130/130 129/129/129
f 106/106/106 107/107/107 130/130/130
f 107/107/107 131/131/131 130/130/130
f 107/107/107 108/108/108 131/131/131
f 108/108/108 132/132/132 131/131/131
f 108/108/108 109/109/109 132/132/132
f 109/109/109 133/133/133 132/132/132
f 109/109/109 110/110/110 133/133/133
f 110/110/110 134/134/134 133/133/133
f 110/110/110 111/111/111 134/134/134
f 111/111/111 135/135/135 134/134/134
f 111/111/111 112/112/112 135/135/135
f 112/112/112 136/136/136 135/135/135
f 112/112/112 113/113/113 136/136/136
f 113/113/113 137/137/137 136/136/136
f 113/113/113 114/114/114 137/137/137
f 114/114/114 138/138/138 137/137/137
f 114/114/114 115/115/115 138/138/138
f 115/115/115 139/139/139 138/138/138
f 115/115/115 116/116/116 139/139/139
f 116/116/116 140/140/140 139/139/139
f 116/116/116 117/117/117 140/140/140
f 117/117/117 141/141/141 140/140/140
f 117/117/117 118/118/118 141/141/141
f 118/118/118 142/142/142 141/141/141
f 118/118/118 119/119/119 142/142/142
f 119/119/119 143/143/143 142/142/142
f 119/119/119 120/120/120 143/143/143
f 120/120/120 144/144/144 143/143/143
f 120/120/120 97/97/97 144/144/144
f 97/97/97 121/121/121 144/144/144
f 121/121/121 122/122/122 145/145/145
f 122/122/122 146/146/146 145/145/145
f 122/122/122 123/123/123 146/146/146
f 123/123/123 147/147/147 146/146/146
f 123/123/123 124/124/124 147/147/147
f 124/124/124 148/148/148 147/147/147
f 124/124/124 125/125/125 148/148/148
f 125/125/125 149/149/149 148/148/148
f 125/125/125 126/126/126 149/149/149
f 126/126/126 150/150/150 149/149/149
f 126/126/126 127/127/127 150/150/150
f 127/127/127 151/151/151 150/150/150
f 127/127/127 128/128/128 151/151/151
f 128/128/128 152/152/152 151/151/151
f 128/128/128 129/129/129 152/152/152
f 129/129/129 153/153/153 152/152/152
f 129/129/129 130/130/130 153/153/153
f 130/130/130 154/154/154 153/153/153
f 130/130/130 131/131/131 154/154/154
f 131/131/131 155/155/155 154/154/154
f 131/131/131 132/132/132 155/155/155
f 132/132/132 156/156/156 155/155/155
f 132/132/132 133/133/133 156/156/156
f 133/133/133 157/157/157 156/156/156
f 133/133/133 134/134/134 157/157/157
f 134/134/134 158/158/158 157/157/157
f 134/134/134 135/135/135 158/158/158
f 135/135/135 159/159/159 158/158/158
f 135/135/135 136/136/136 159/159/159
f 136/136/136 160/160/160 159/159/159
f 136/136/136 137/137/137 160/160/160
f 137/137/137 161/161/161 160/160/160
f 137/137/137 138/138/138 161/161/161
f 138/138/138 162/162/162 161/161/161
f 138/138/138 139/139/139 162/162/162
f 139/139/139 163/163/163 162/162/162
f 139/139/139 140/140/140 163/163/163
f 140/140/140 164/164/164 163/163/163
f 140/140/140 141/141/141 164/164/164
f 141/141/141 165/165/165 164/164/164
f 141/141/141 142/142/142 165/165/165
f 142/142/142 166/166/166 165/165/165
f 142/142/142 143/143/143 166/166/166
f 143/143/143 167/167/167 166/166/166
f 143/143/143 144/144/144 167/167/167
f 144/144/144 168/168/168 167/167/167
f 144/144/144 121/121/121 168/168/168
f 121/121/121 145/145/145 168/168/168
f 145/145/145 146/146/146 169/169/169
f 146/146/146 170/170/170 169/169/169
f 146/146/146 147/147/147 170/170/170
f 147/147/147 171/171/171 170/170/170
f 147/147/147 148/148/148 171/171/171
f 148/148/148 172/172/172 171/171/171
f 148/148/148 149/149/149 172/172/172
f 149/149/149 173/173/173 172/172/172
f 149/149/149 150/150/150 173/173/173
f 150/150/150 174/174/174 173/173/173
f 150/150/150 151/151/151 174/174/174
f 151/151/151 175/175/175 174/174/174
f 151/151/151 152/152/152 175/175/175
f 152/152/152 176/176/176 175/175/175
f 152/152/152 153/153/153 176/176/176
f 153/153/153 177/177/177 176/176/176
f 153/153/153 154/154/154 177/177/177
f 154/154/154 178/178/178 177/177/177
f 154/154/154 155/155/155 178/178/178
f 155/155/155 179/179/179 178/178/178
f 155/155/155 156/156/156 179/179/179
f 156/156/156 180/180/180 179/179/179
f 156/156/156 157/157/157 180/180/180
f 157/157/157 181/181/181 180/180/180
f 157/157/157 158/158/158 181/181/181
f 158/158/158 182/182/182 181/181/181
f 158/158/158 159/159/159 182/182/182
f 159/159/159 183/183/183 182/182/182
f 159/159/159 160/160/160 183/183/183
f 160/160/160 184/184/184 183/183/183
f 160/160/160 161/161/161 184/184/184
f 161/161/161 185/185/185 184/184/184
f 161/161/161 162/162/162 185/185/185
f 162/162/162 186/186/186 185/185/185
f 162/162/162 163/163/163 186/186/186
f 163/163/163 187/187/187 186/186/186
f 163/163/163 164/164/164 187/187/187
f 164/164/164 188/188/188 187/187/187
f 164/164/164 165/165/165 188/188/188
f 165/165/165 189/189/189 188/188/188
f 165/165/165 166/166/166 189/189/189
f 166/166/166 190/190/190 189/189/189
f 166/166/166 167/167/167 190/190/190
f 167/167/167 191/191/191 190/190/190
f 167/167/167 168/168/168 191/191/191
f 168/168/168 192/192/192 191/191/191
f 168/168/168 145/145/145 192/192/192
f 145/145/145 169/169/169 192/192/192
f 169/169/169 170/170/170 193/193/193
f 170/170/170 194/194/194 193/193/193
f 170/170/170 171/171/171 194/194/194
f 171/171/171 195/195/195 194/194/194
f 171/171/171 172/172/172 195/195/195
f 172/172/172 196/196/196 195/195/195
f 172/172/172 173/173/173 196/196/196
f 173/173/173 197/197/197 196/196/196
f 173/173/173 174/174/174 197/197/197
f 174/174/174 198/198/198 197/197/197
f 174/174/174 175/175/175 198/198/198
f 175/175/175 199/199/199 198/198/198
f 175/175/175 176/176/176 199/199/199
f 176/176/176 200/200/200 199/199/199
f 176/176/176 177/177/177 200/200/200
f 177/177/177 201/201/201 200/200/200
f 177/177/177 178/178/178 201/201/201
f 178/178/178 202/202/202 201/201/201
f 178/178/178 179/179/179 202/202/202
f 179/179/179 203/203/203 202/202/202
f 179/179/179 180/180/180 203/203/203
f 180/180/180 204/204/204 203/203/203
f 180/180/180 181/181/181 204/204/204
f 181/181/181 205/205/205 204/204/204
f 181/181/181 182/182/182 205/205/205
f 182/182/182 206/206/206 205/205/205
f 182/182/182 183/183/183 206/206/206
f 183/183/183 207/207/207 206/206/206
f 183/183/183 184/184/184 207/207/207
f 184/184/184 208/208/208 207/207/207
f 184/184/184 185/185/185 208/208/208
f 185/185/185 209/209/209 208/208/208
f 185/185/185 186/186/186 209/209/209
f 186/186/186 210/210/210 209/209/209
f 186/186/186 187/187/187 210/210/210
f 187/187/187 211/211/211 210/210/210
f 187/187/187 188/188/188 211/211/211
f 188/188/188 212/212/212 211/211/211
f 188/188/188 189/189/189 212/212/212
f 189/189/189 213/213/213 212/212/212
f 189/189/189 190/190/190 213/213/213
f 190/190/190 214/214/214 213/213/213
f 190/190/190 191/191/191 214/214/214
f 191/191/191 215/215/215 214/214/214
f 191/191/191 192/192/192 215/215/215
f 192/192/192 216/216/216 215/215/215
f 192/192/192 169/169/169 216/216/216
f 169/169/169 193/193/193 216/216/216
f 193/193/193 194/194/194 217/217/217
f 194/194/194 218/218/218 217/217/217
f 194/194/194 195/195/195 218/218/218
f 195/195/195 219/219/219 218/218/218
f 195/195/195 196/196/196 219/219/219
f 196/196/196 220/220/220 219/219/219
f 196/196/196 197/197/197 220/220/220
f 197/197/197 221/221/221 220/220/220
f 197/197/197 198/198/198 221/221/221
f 198/198/198 222/222/222 221/221/221
f 198/198/198 199/199/199 222/222/222
f 199/199/199 223/223/223 222/222/222
f 199/199/199 200/200/200 223/223/223
f 200/200/200 224/224/224 223/223/223
f 200/200/200 201/201/201 224/224/224
f 201/201/201 225/225/225 224/224/224
f 201/201/201 202/202/202 225/225/225
f 202/202/202 226/226/226 225/225/225
f 202/202/202 203/203/203 226/226/226
f 203/203/203 227/227/227 226/226/226
f 203/203/203 204/204/204 227/227/227
f 204/204/204 228/228/228 227/227/227
f 204/204/204 205/205/205 228/228/228
f 205/205/205 229/229/229 228/228/228
f 205/205/205 206/206/206 229/229/229
f 206/206/206 230/230/230 229/229/229
f 206/206/206 207/207/207 230/230/230
f 207/207/207 231/231/231 230/230/230
f 207/207/207 208/208/208 231/231/231
f 208/208/208 232/232/232 231/231/231
f 208/208/208 209/209/209 232/232/232
f 209/209/209 233/233/233 232/232/232
f 209/209/209 210/210/210 233/233/233
f 210/210/210 234/234/234 233/233/233
f 210/210/210 211/211/211 234/234/234
f 211/211/211 235/235/235 234/234/234
f 211/211/211 212/212/212 235/235/235
f 212/212/212 236/236/236 235/235/235
f 212/212/212 213/213/213 236/236/236
f 213/213/213 237/237/237 236/236/236
f 213/213/213 214/214/214 237/237/237
f 214/214/214 238/238/238 237/237/237
f 214/214/214 215/215/215 238/238/238
f 215/215/215 239/239/239 238/238/238
f 215/215/215 216/216/216 239/239/239
f 216/216/216 240/240/240 239/239/239
f 216/216/216 193/193/193 240/240/240
f 193/193/193 217/217/217 240/240/240
f 217/217/217 218/218/218 241/241/241
f 218/218/218 242/242/242 241/241/241
f 218/218/218 219/219/219 242/242/242
f 219/219/219 243/243/243 242/242/242
f 219/219/219 220/220/220 243/243/243
f 220/220/220 244/244/244 243/243/243
f 220/220/220 221/221/221 244/244/244
f 221/221/221 245/245/245 244/244/244
f 221/221/221 222/222/222 245/245/245
f 222/222/222 246/246/246 245/245/245
f 222/222/222 223/223/223 246/246/246
f 223/223/223 247/247/247 246/246/246
f 223/223/223 224/224/224 247/247/247
f 224/224/224 248/248/248 247/247/247
f 224/224/224 225/225/225 248/248/248
f 225/225/225 249/249/249 248/248/248
f 225/225/225 226/226/226 249/249/249
f 226/226/226 250/250/250 249/249/249
f 226/226/226 227/227/227 250/250/250
f 227/227/227 251/251/251 250/250/250
f 227/227/227 228/228/228 251/251/251
f 228/228/228 252/252/252 251/251/251
f 228/228/228 229/229/229 252/252/252
f 229/229/229 253/253/253 252/252/252
f 229/229/229 230/230/230 253/253/253
f 230/230/230 254/254/254 253/253/253
f 230/230/230 231/231/231 254/254/254
f 231/231/231 255/255/255 254/254/254
f 231/231/231 232/232/232 255/255/255
f 232/232/232 256/256/256 255/255/255
f 232/232/232 233/233/233 256/256/256
f 233/233/233 257/257/257 256/256/256
f 233/233/233 234/234/234 257/257/257
f 234/234/234 258/258/258 257/257/257
f 234/234/234 235/235/235 258/258/258
f 235/235/235 259/259/259 258/258/258
f 235/235/235 236/236/236 259/259/259
f 236/236/236 260/260/260 259/259/259
f 236/236/236 237/237/237 260/260/260
f 237/237/237 261/261/261 260/260/260
f 237/237/237 238/238/238 261/261/261
f 238/238/238 262/262/262 261/261/261
f 238/238/238 239/239/239 262/262/262
f 239/239/239 263/263/263 262/262/262
f 239/239/239 240/240/240 263/263/263
f 240/240/240 264/264/264 263/263/263
f 240/240/240 217/217/217 264/264/264
f 217/217/217 241/241/241 264/264/264
f 241/241/241 242/242/242 265/265/265
f 242/242/242 266/266/266 265/265/265
f 242/242/242 243/243/243 266/266/266
f 243/243/243 267/267/267 266/266/266
f 243/243/243 244/244/244 267/267/267
f 244/244/244 268/268/268 267/267/267
f 244/244/244 245/245/245 268/268/268
f 245/245/245 269/269/269 268/268/268
f 245/245/245 246/246/246 269/269/269
f 246/246/246 270/270/270 269/269/269
f 246/246/246 247/247/247 270/270/270
f 247/247/247 271/271/271 270/270/270
f 247/247/247 248/248/248 271/271/271
f 248/248/248 272/272/272 271/271/271
f 248/248/248 249/249/249 272/272/272
f 249/249/249 273/273/273 272/272/272
f 249/249/249 250/250/250 273/273/273
f 250/250/250 274/274/274 273/273/273
f 250/250/250 251/251/251 274/274/274
f 251/251/251 275/275/275 274/274/274
f 251/251/251 252/252/252 275/275/275
f 252/252/252 276/276/276 275/275/275
f 252/252/252 253/253/253 276/276/276
f 253/253/253 277/277/277 276/276/276
f 253/253/253 254/254/254 277/277/277
f 254/254/254 278/278/278 277/277/277
f 254/254/254 255/255/255 278/278/278
f 255/255/255 279/279/279 278/278/278
f 255/255/255 256/256/256 279/279/279
f 256/256/256 280/280/280 279/279/279
f 256/256/256 257/257/257 280/280/280
f 257/257/257 281/281/281 280/280/280
f 257/257/257 258/258/258 281/281/281
f 258/258/258 282/282/282 281/281/281
f 258/258/258 259/259/259 282/282/282
f 259/259/259 283/283/283 282/282/282
f 259/259/259 260/260/260 283/283/283
f 260/260/260 284/284/284 283/283/283
f 260/260/260 261/261/261 284/284/284
f 261/261/261 285/285/285 284/284/284
f 261/261/261 262/262/262 285/285/285
f 262/262/262 286/286/286 285/285/285
f 262/262/262 263/263/263 286/286/286
f 263/263/263 287/287/287 286/286/286
f 263/263/263 264/264/264 287/287/287
f 264/264/264 288/288/288 287/287/287
f 264/264/264 241/241/241 288/288/288
f 241/241/241 265/265/265 288/288/288
f 265/265/265 266/266/266 289/289/289
f 266/266/266 290/290/290 289/289/289
f 266/266/266 267/267/267 290/290/290
f 267/267/267 291/291/291 290/290/290
f 267/267/267 268/268/268 291/291/291
f 268/268/268 292/292/292 291/291/291
f 268/268/268 269/269/269 292/292/292
f 269/269/269 293/293/293 292/292/292
f 269/269/269 270/270/270 293/293/293
f 270/270/270 294/294/294 293/293/293
f 270/270/270 271/271/271 294/294/294
f 271/271/271 295/295/295 294/294/294
f 271/271/271 272/272/272 295/295/295
f 272/272/272 296/296/296 295/295/295
f 272/272/272 273/273/273 296/296/296
f 273/273/273 297/297/297 296/296/296
f 273/273/273 274/274/274 297/297/297
f 274/274/274 298/298/298 297/297/297
f 274/274/274 275/275/275 298/298/298
f 275/275/275 299/299/299 298/298/298
f 275/275/275 276/276/276 299/299/299
f 276/276/276 300/300/300 299/299/299
f 276/276/276 277/277/277 300/300/300
f 277/277/277 301/301/301 300/300/300
f 277/277/277 278/278/278 301/301/301
f 278/278/278 302/302/302 301/301/301
f 278/278/278 279/279/279 302/302/302
f 279/279/279 303/303/303 302/302/302
f 279/279/279 280/280/280 303/303/303
f 280/280/280 304/304/304 303/303/303
f 280/280/280 281/281/281 304/304/304
f 281/281/281 305/305/305 304/304/304
f 281/281/281 282/282/282 305/305/305
f 282/282/282 306/306/306 305/305/305
f 282/282/282 283/283/283 306/306/306
f 283/283/283 307/307/307 306/306/306
f 283/283/283 284/284/284 307/307/307
f 284/284/284 308/308/308 307/307/307
f 284/284/284 285/285/285 308/308/308
f 285/285/285 309/309/309 308/308/308
f 285/285/285 286/286/286 309/309/309
f 286/286/286 310/310/310 309/309/309
f 286/286/286 287/287/287 310/310/310
f 287/287/287 311/311/311 310/310/310
f 287/287/287 288/288/288 311/311/311
f 288/288/288 312/312/312 311/311/311
f 288/288/288 265/265/265 312/312/312
f 265/265/265 289/289/289 312/312/312
f 289/289/289 290/290/290 313/313/313
f 290/290/290 314/314/314 313/313/313
f 290/290/290 291/291/291 314/314/314
f 291/291/291 315/315/315 314/314/314
f 291/291/291 292/292/292 315/315/315
f 292/292/292 316/316/316 315/315/315
f 292/292/292 293/293/293 316/316/316
f 293/293/293 317/317/317 316/316/316
f 293/293/293 294/294/294 317/317/317
f 294/294/294 318/318/318 317/317/317
f 294/294/294 295/295/295 318/318/318
f 295/295/295 319/319/319 318/318/318
f 295/295/295 296/296/296 319/319/319
f 296/296/296 320/320/320 319/319/319
f 296/296/296 297/297/297 320/320/320
f 297/297/297 321/321/321 320/320/320
f 297/297/297 298/298/298 321/321/321
f 298/298/298 322/322/322 321/321/321
f 298/298/298 299/299/299 322/322/322
f 299/299/299 323/323/323 322/322/322
f 299/299/299 300/300/300 323/323/323
f 300/300/300 324/324/324 323/323/323
f 300/300/300 301/301/301 324/324/324
f 301/301/301 325/325/325 324/324/324
f 301/301/301 302/302/302 325/325/325
f 302/302/302 326/326/326 325/325/325
f 302/302/302 303/303/303 326/326/326
f 303/303/303 327/327/327 326/326/326
f 303/303/303 304/304/304 327/327/327
f 304/304/304 328/328/328 327/327/327
f 304/304/304 305/305/305 328/328/328
f 305/305/305 329/329/329 328/328/328
f 305/305/305 306/306/306 329/329/329
f 306/306/306 330/330/330 329/329/329
f 306/306/306 307/307/307 330/330/330
f 307/307/307 331/331/331 330/330/330
f 307/307/307 308/308/308 331/331/331
f 308/308/308 332/332/332 331/331/331
f 308/308/308 309/309/309 332/332/332
f 309/309/309 333/333/333 332/332/332
f 309/309/309 310/310/310 333/333/333
f 310/310/310 334/334/334 333/333/333
f 310/310/310 311/311/311 334/334/334
f 311/311/311 335/335/335 334/334/334
f 311/311/311 312/312/312 335/335/335
f 312/312/312 336/336/336 335/335/335
f 312/312/312 289/289/289 336/336/336
f 289/289/289 313/313/313 336/336/336
f 313/313/313 314/314/314 337/337/337
f 314/314/314 338/338/338 337/337/337
f 314/314/314 315/315/315 338/338/338
f 315/315/315 339/339/339 338/338/338
f 315/315/315 316/316/316 339/339/339
f 316/316/316 340/340/340 339/339/339
f 316/316/316 317/317/317 340/340/340
f 317/317/317 341/341/341 340/340/340
f 317/317/317 318/318/318 341/341/341
f 318/318/318 342/342/342 341/341/341
f 318/318/318 319/319/319 342/342/342
f 319/319/319 343/343/343 342/342/342
f 319/319/319 320/320/320 343/343/343
f 320/320/320 344/344/344 343/343/343
f 320/320/320 321/321/321 344/344/344
f 321/321/321 345/345/345 344/344/344
f 321/321/321 322/322/322 345/345/345
f 322/322/322 346/346/346 345/345/345
f 322/322/322 323/323/323 346/346/346
f 323/323/323 347/347/347 346/346/346
f 323/323/323 324/324/324 347/347/347
f 324/324/324 348/348/348 347/347/347
f 324/324/324 325/325/325 348/348/348
f 325/325/325 349/349/349 348/348/348
f 325/325/325 326/326/326 349/349/349
f 326/326/326 350/350/350 349/349/349
f 326/326/326 327/327/327 350/350/350
f 327/327/327 351/351/351 350/350/350
f 327/327/327 328/328/328 351/351/351
f 328/328/328 352/352/352 351/351/351
f 328/328/328 329/329/329 352/352/352
f 329/329/329 353/353/353 352/352/352
f 329/329/329 330/330/330 353/353/353
f 330/330/330 354/354/354 353/353/353
f 330/330/330 331/331/331 354/354/354
f 331/331/331 355/355/355 354/354/354
f 331/331/331 332/332/332 355/355/355
f 332/332/332 356/356/356 355/355/355
f 332/332/332 333/333/333 356/356/356
f 333/333/333 357/357/357 356/356/356
f 333/333/333 334/334/334 357/357/357
f 334/334/334 358/358/358 357/357/357
f 334/334/334 335/335/335 358/358/358
f 335/335/335 359/359/359 358/358/358
f 335/335/335 336/336/336 359/359/359
f 336/336/336 360/360/360 359/359/359
f 336/336/336 313/313/313 360/360/360
f 313/313/313 337/337/337 360/360/360
f 337/337/337 338/338/338 361/361/361
f 338/338/338 362/362/362 361/361/361
f 338/338/338 339/339/339 362/362/362
f 339/339/339 363/363/363 362/362/362
f 339/339/339 340/340/340 363/363/363
f 340/340/340 364/364/364 363/363/363
f 340/340/340 341/341/341 364/364/364
f 341/341/341 365/365/365 364/364/364
f 341/341/341 342/342/342 365/365/365
f 342/342/342 366/366/366 365/365/365
f 342/342/342 343/343/343 366/366/366
f 343/343/343 367/367/367 366/366/366
f 343/343/343 344/344/344 367/367/367
f 344/344/344 368/368/368 367/367/367
f 344/344/344 345/345/345 368/368/368
f 345/345/345 369/369/369 368/368/368
f 345/345/345 346/346/346 369/369/369
f 346/346/346 370/370/370 369/369/369
f 346/346/346 347/347/347 370/370/370
f 347/347/347 371/371/371 370/370/370
f 347/347/347 348/348/348 371/371/371
f 348/348/348 372/372/372 371/371/371
f 348/348/348 349/349/349 372/372/372
f 349/349/349 373/373/373 372/372/372
f 349/349/349 350/350/350 373/373/373
f 350/350/350 374/374/374 373/373/373
f 350/350/350 351/351/351 374/374/374
f 351/351/351 375/375/375 374/374/374
f 351/351/351 352/352/352 375/375/375
f 352/352/352 376/376/376 375/375/375
f 352/352/352 353/353/353 376/376/376
f 353/353/353 377/377/377 376/376/376
f 353/353/353 354/354/354 377/377/377
f 354/354/354 378/378/378 377/377/377
f 354/354/354 355/355/355 378/378/378
f 355/355/355 379/379/379 378/378/378
f 355/355/355 356/356/356 379/379/379
f 356/356/356 380/380/380 379/379/379
f 356/356/356 357/357/357 380/380/380
f 357/357/357 381/381/381 380/380/380
f 357/357/357 358/358/358 381/381/381
f 358/358/358 382/382/382 381/381/381
f 358/358/358 359/359/359 382/382/382
f 359/359/359 383/383/383 382/382/382
f 359/359/359 360/360/360 383/383/383
f 360/360/360 384/384/384 383/383/383
f 360/360/360 337/337/337 384/384/384
f 337/337/337 361/361/361 384/384/384
f 361/361/361 362/362/362 385/385/385
f 362/362/362 386/386/386 385/385/385
f 362/362/362 363/363/363 386/386/386
f 363/363/363 387/387/387 386/386/386
f 363/363/363 364/364/364 387/387/387
f 364/364/364 388/388/388 387/387/387
f 364/364/364 365/365/365 388/388/388
f 365/365/365 389/389/389 388/388/388
f 365/365/365 366/366/366 389/389/389
f 366/366/366 390/390/390 389/389/389
f 366/366/366 367/367/367 390/390/390
f 367/367/367 391/391/391 390/390/390
f 367/367/367 368/368/368 391/391/391
f 368/368/368 392/392/392 391/391/391
f 368/368/368 369/369/369 392/392/392
f 369/369/369 393/393/393 392/392/392
f 369/369/369 370/370/370 393/393/393
f 370/370/370 394/394/394 393/393/393
f 370/370/370 371/371/371 394/394/394
f 371/371/371 395/395/395 394/394/394
f 371/371/371 372/372/372 395/395/395
f 372/372/372 396/396/396 395/395/395
f 372/372/372 373/373/373 396/396/396
f 373/373/373 397/397/397 396/396/396
f 373/373/373 374/374/374 397/397/397
f 374/374/374 398/398/398 397/397/397
f 374/374/374 375/375/375 398/398/398
f 375/375/375 399/399/399 398/398/398
f 375/375/375 376/376/376 399/399/399
f 376/376/376 400/400/400 399/399/399
f 376/376/376 377/377/377 400/400/400
f 377/377/377 401/401/401 400/400/400
f 377/377/377 378/378/378 401/401/401
f 378/378/378 402/402/402 401/401/401
f 378/378/378 379/379/379 402/402/402
f 379/379/379 403/403/403 402/402/402
f 379/379/379 380/380/380 403/403/403
f 380/380/380 404/404/404 403/403/403
f 380/380/380 381/381/381 404/404/404
f 381/381/381 405/405/405 404/404/404
f 381/381/381 382/382/382 405/405/405
f 382/382/382 406/406/406 405/405/405
f 382/382/382 383/383/383 406/406/406
f 383/383/383 407/407/407 406/406/406
f 383/383/383 384/384/384 407/407/407
f 384/384/384 408/408/408 407/407/407
f 384/384/384 361/361/361 408/408/408
f 361/361/361 385/385/385 408/408/408
f 409/409/409 410/410/410 425/425/425
f 410/410/410 426/426/426 425/425/425
f 410/410/410 411/411/411 426/426/426
f 411/411/411 427/427/427 426/426/426
f 411/411/411 412/412/412 427/427/427
f 412/412/412 428/428/428 427/427/427
f 412/412/412 413/413/413 428/428/428
f 413/413/413 429/429/429 428/428/428
f 413/413/413 414/414/414 429/429/429
f 414/414/414 430/430/430 429/429/429
f 414/414/414 415/415/415 430/430/430
f 415/415/415 431/431/431 430/430/430
f 415/415/415 416/416/416 431/431/431
f 416/416/416 432/432/432 431/431/431
f 416/416/416 417/417/417 432/432/432
f 417/417/417 433/433/433 432/432/432
f 417/417/417 418/418/418 433/433/433
f 418/418/418 434/434/434 433/433/433
f 418/418/418 419/419/419 434/434/434
f 419/419/419 435/435/435 434/434/434
f 419/419/419 420/420/420 435/435/435
f 420/420/420 436/436/436 435/435/435
f 420/420/420 421/421/421 436/436/436
f 421/421/421 437/437/437 436/436/436
f 421/421/421 422/422/422 437/437/437
f 422/422/422 438/438/438 437/437/437
f 422/422/422 423/423/423 438/438/438
f 423/423/423 439/439/439 438/438/438
f 423/423/423 424/424/424 439/439/439
f 424/424/424 440/440/440 439/439/439
f 424/424/424 409/409/409 440/440/440
f 409/409/409 425/425/425 440/440/440
f 425/425/425 426/426/426 441/441/441
f 426/426/426 442/442/442 441/441/441
f 426/426/426 427/427/427 442/442/442
f 427/427/427 443/443/443 442/442/442
f 427/427/427 428/428/428 443/443/443
f 428/428/428 444/444/444 443/443/443
f 428/428/428 429/429/429 444/444/444
f 429/429/429 445/445/445 444/444/444
f 429/429/429 430/430/430 445/445/445
f 430/430/430 446/446/446 445/445/445
f 430/430/430 431/431/431 446/446/446
f 431/431/431 447/447/447 446/446/446
f 431/431/431 432/432/432 447/447/447
f 432/432/432 448/448/448 447/447/447
f 432/432/432 433/433/433 448/448/448
f 433/433/433 449/449/449 448/448/448
f 433/433/433 434/434/434 449/449/449
f 434/434/434 450/450/450 449/449/449
f 434/434/434 435/435/435 450/450/450
f 435/435/435 451/451/451 450/450/450
f 435/435/435 436/436/436 451/451/451
f 436/436/436 452/452/452 451/451/451
f 436/436/436 437/437/437 452/452/452
f 437/437/437 453/453/453 452/452/452
f 437/437/437 438/438/438 453/453/453
f 438/438/438 454/454/454 453/453/453
f 438/438/438 439/439/439 454/454/454
f 439/439/439 455/455/455 454/454/454
f 439/439/439 440/440/440 455/455/455
f 440/440/440 456/456/456 455/455/455
f 440/440/440 425/425/425 456/456/456
f 425/425/425 441/441/441 456/456/456
f 441/441/441 442/442/442 457/457/457
f 442/442/442 458/458/458 457/457/457
f 442/442/442 443/443/443 458/458/458
f 443/443/443 459/459/459 458/458/458
f 443/443/443 444/444/444 459/459/459
f 444/444/444 460/460/460 459/459/459
f 444/444/444 445/445/445 460/460/460
f 445/445/445 461/461/461 460/460/460
f 445/445/445 446/446/446 461/461/461
f 446/446/446 462/462/462 461/461/461
f 446/446/446 447/447/447 462/462/462
f 447/447/447 463/463/463 462/462/462
f 447/447/447 448/448/448 463/463/463
f 448/448/448 464/464/464 463/463/463
f 448/448/448 449/449/449 464/464/464
f 449/449/449 465/465/465 464/464/464
f 449/449/449 450/450/450 465/465/465
f 450/450/450 466/466/466 465/465/465
f 450/450/450 451/451/451 466/466/466
f 451/451/451 467/467/467 466/466/466
f 451/451/451 452/452/452 467/467/467
f 452/452/452 468/468/468 467/467/467
f 452/452/452 453/453/453 468/468/468
f 453/453/453 469/469/469 468/468/468
f 453/453/453 454/454/454 469/469/469
f 454/454/454 470/470/470 469/469/469
f 454/454/454 455/455/455 470/470/470
f 455/455/455 471/471/471 470/470/470
f 455/455/455 456/456/456 471/471/471
f 456/456/456 472/472/472 471/471/471
f 456/456/456 441/441/441 472/472/472
f 441/441/441 457/457/457 472/472/472
f 457/457/457 458/458/458 473/473/473
f 458/458/458 474/474/474 473/473/473
f 458/458/458 459/459/459 474/474/474
f 459/459/459 475/475/475 474/474/474
f 459/459/459 460/460/460 475/475/475
f 460/460/460 476/476/476 475/475/475
f 460/460/460 461/461/461 476/476/476
f 461/461/461 477/477/477 476/476/476
f 461/461/461 462/462/462 477/477/477
f 462/462/462 478/478/478 477/477/477
f 462/462/462 463/463/463 478/478/478
f 463/463/463 479/479/479 478/478/478
f 463/463/463 464/464/464 479/479/479
f 464/464/464 480/480/480 479/479/479
f 464/464/464 465/465/465 480/480/480
f 465/465/465 481/481/481 480/480/480
f 465/465/465 466/466/466 481/481/481
f 466/466/466 482/482/482 481/481/481
f 466/466/466 467/467/467 482/482/482
f 467/467/467 483/483/483 482/482/482
f 467/467/467 468/468/468 483/483/483
f 468/468/468 484/484/484 483/483/483
f 468/468/468 469/469/469 484/484/484
f 469/469/469 485/485/485 484/484/484
f 469/469/469 470/470/470 485/485/485
f 470/470/470 486/486/486 485/485/485
f 470/470/470 471/471/471 486/486/486
f 471/471/471 487/487/487 486/486/486
f 471/471/471 472/472/472 487/487/487
f 472/472/472 488/488/488 487/487/487
f 472/472/472 457/457/457 488/488/488
f 457/457/457 473/473/473 488/488/488
f 473/473/473 474/474/474 489/489/489
f 474/474/474 490/490/490 489/489/489
f 474/474/474 475/475/475 490/490/490
f 475/475/475 491/491/491 490/490/490
f 475/475/475 476/476/476 491/491/491
f 476/476/476 492/492/492 491/491/491
f 476/476/476 477/477/477 492/492/492
f 477/477/477 493/493/493 492/492/492
f 477/477/477 478/478/478 493/493/493
f 478/478/478 494/494/494 493/493/493
f 478/478/478 479/479/479 494/494/494
f 479/479/479 495/495/495 494/494/494
f 479/479/479 480/480/480 495/495/495
f 480/480/480 496/496/496 495/495/495
f 480/480/480 481/481/481 496/496/496
f 481/481/481 497/497/497 496/496/496
f 481/481/481 482/482/482 497/497/497
f 482/482/482 498/498/498 497/497/497
f 482/482/482 483/483/483 498/498/498
f 483/483/483 499/499/499 498/498/498
f 483/483/483 484/484/484 499/499/499
f 484/484/484 500/500/500 499/499/499
f 484/484/484 485/485/485 500/500/500
f 485/485/485 501/501/501 500/500/500
f 485/485/485 486/486/486 501/501/501
f 486/486/486 502/502/502 501/501/501
f 486/486/486 487/487/487 502/502/502
f 487/487/487 503/503/503 502/502/502
f 487/487/487 488/488/488 503/503/503
f 488/488/488 504/504/504 503/503/503
f 488/488/488 473/473/473 504/504/504
f 473/473/473 489/489/489 504/504/504
f 489/489/489 490/490/490 505/505/505
f 490/490/490 506/506/506 505/505/505
f 490/490/490 491/491/491 506/506/506
f 491/491/491 507/507/507 506/506/506
f 491/491/491 492/492/492 507/507/507
f 492/492/492 508/508/508 507/507/507
f 492/492/492 493/493/493 508/508/508
f 493/493/493 509/509/509 508/508/508
f 493/493/493 494/494/494 509/509/509
f 494/494/494 510/510/510 509/509/509
f 494/494/494 495/495/495 510/510/510
f 495/495/495 511/511/511 510/510/510
f 495/495/495 496/496/496 511/511/511
f 496/496/496 512/512/512 511/511/511
f 496/496/496 497/497/497 512/512/512
f 497/497/497 513/513/513 512/512/512
f 497/497/497 498/498/498 513/513/513
f 498/498/498 514/514/514 513/513/513
f 498/498/498 499/499/499 514/514/514
f 499/499/499 515/515/515 514/514/514
f 499/499/499 500/500/500 515/515/515
f 500/500/500 516/516/516 515/515/515
f 500/500/500 501/501/501 516/516/516
f 501/501/501 517/517/517 516/516/516
f 501/501/501 502/502/502 517/517/517
f 502/502/502 518/518/518 517/517/517
f 502/502/502 503/503/503 518/518/518
f 503/503/503 519/519/519 518/518/518
f 503/503/503 504/504/504 519/519/519
f 504/504/504 520/520/520 519/519/519
f 504/504/504 489/489/489 520/520/520
f 489/489/489 505/505/505 520/520/520
f 505/505/505 506/506/506 521/521/521
f 506/506/506 522/522/522 521/521/521
f 506/506/506 507/507/507 522/522/522
f 507/507/507 523/523/523 522/522/522
f 507/507/507 508/508/508 523/523/523
f 508/508/508 524/524/524 523/523/523
f 508/508/508 509/509/509 524/524/524
f 509/509/509 525/525/525 524/524/524
f 509/509/509 510/510/510 525/525/525
f 510/510/510 526/526/526 525/525/525
f 510/510/510 511/511/511 526/526/526
f 511/511/511 527/527/527 526/526/526
f 511/511/511 512/512/512 527/527/527
f 512/512/512 528/528/528 527/527/527
f 512/512/512 513/513/513 528/528/528
f 513/513/513 529/529/529 528/528/528
f 513/513/513 514/514/514 529/529/529
f 514/514/514 530/530/530 529/529/529
f 514/514/514 515/515/515 530/530/530
f 515/515/515 531/531/531 530/530/530
f 515/515/515 516/516/516 531/531/531
f 516/516/516 532/532/532 531/531/531
f 516/516/516 517/517/517 532/532/532
f 517/517/517 533/533/533 532/532/532
f 517/517/517 518/518/518 533/533/533
f 518/518/518 534/534/534 533/533/533
f 518/518/518 519/519/519 534/534/534
f 519/519/519 535/535/535 534/534/534
f 519/519/519 520/520/520 535/535/535
f 520/520/520 536/536/536 535/535/535
f 520/520/520 505/505/505 536/536/536
f 505/505/505 521/521/521 536/536/536
f 521/521/521 522/522/522 537/537/537
f 522/522/522 538/538/538 537/537/537
f 522/522/522 523/523/523 538/538/538
f 523/523/523 539/539/539 538/538/538
f 523/523/523 524/524/524 539/539/539
f 524/524/524 540/540/540 539/539/539
f 524/524/524 525/525/525 540/540/540
f 525/525/525 541/541/541 540/540/540
f 525/525/525 526/526/526 541/541/541
f 526/526/526 542/542/542 541/541/541
f 526/526/526 527/527/527 542/542/542
f 527/527/527 543/543/543 542/542/542
f 527/527/527 528/528/528 543/543/543
f 528/528/528 544/544/544 543/543/543
f 528/528/528 529/529/529 544/544/544
f 529/529/529 545/545/545 544/544/544
f 529/529/529 530/530/530 545/545/545
f 530/530/530 546/546/546 545/545/545
f 530/530/530 531/531/531 546/546/546
f 531/531/531 547/547/547 546/546/546
f 531/531/531 532/532/532 547/547/547
f 532/532/532 548/548/548 547/547/547
f 532/532/532 533/533/533 548/548/548
f 533/533/533 549/549/549 548/548/548
f 533/533/533 534/534/534 549/549/549
f 534/534/534 550/550/550 549/549/549
f 534/534/534 535/535/535 550/550/550
f 535/535/535 551/551/551 550/550/550
f 535/535/535 536/536/536 551/551/551
f 536/536/536 552/552/552 551/551/551
f 536/536/536 521/521/521 552/552/552
f 521/521/521 537/537/537 552/552/552
f 537/537/537 538/538/538 553/553/553
f 538/538/538 554/554/554 553/553/553
f 538/538/538 539/539/539 554/554/554
f 539/539/539 555/555/555 554/554/554
f 539/539/539 540/540/540 555/555/555
f 540/540/540 556/556/556 555/555/555
f 540/540/540 541/541/541 556/556/556
f 541/541/541 557/557/557 556/556/556
f 541/541/541 542/542/542 557/557/557
f 542/542/542 558/558/558 557/557/557
f 542/542/542 543/543/543 558/558/558
f 543/543/543 559/559/559 558/558/558
f 543/543/543 544/544/544 559/559/559
f 544/544/544 560/560/560 559/559/559
f 544/544/544 545/545/545 560/560/560
f 545/545/545 561/561/561 560/560/560
f 545/545/545 546/546/546 561/561/561
f 546/546/546 562/562/562 561/561/561
f 546/546/546 547/547/547 562/562/562
f 547/547/547 563/563/563 562/562/562
f 547/547/547 548/548/548 563/563/563
f 548/548/548 564/564/564 563/563/563
f 548/548/548 549/549/549 564/564/564
f 549/549/549 565/565/565 564/564/564
f 549/549/549 550/550/550 565/565/565
f 550/550/550 566/566/566 565/565/565
f 550/550/550 551/551/551 566/566/566
f 551/551/551 567/567/567 566/566/566
f 551/551/551 552/552/552 567/567/567
f 552/552/552 568/568/568 567/567/567
f 552/552/552 537/537/537 568/568/568
f 537/537/537 553/553/553 568/568/568
f 553/553/553 554/554/554 569/569/569
f 554/554/554 570/570/570 569/569/569
f 554/554/554 555/555/555 570/570/570
f 555/555/555 571/571/571 570/570/570
f 555/555/555 556/556/556 571/571/571
f 556/556/556 572/572/572 571/571/571
f 556/556/556 557/557/557 572/572/572
f 557/557/557 573/573/573 572/572/572
f 557/557/557 558/558/558 573/573/573
f 558/558/558 574/574/574 573/573/573
f 558/558/558 559/559/559 574/574/574
f 559/559/559 575/575/575 574/574/574
f 559/559/559 560/560/560 575/575/575
f 560/560/560 576/576/576 575/575/575
f 560/560/560 561/561/561 576/576/576
f 561/561/561 577/577/577 576/576/576
f 561/561/561 562/562/562 577/577/577
f 562/562/562 578/578/578 577/577/577
f 562/562/562 563/563/563 578/578/578
f 563/563/563 579/579/579 578/578/578
f 563/563/563 564/564/564 579/579/579
f 564/564/564 580/580/580 579/579/579
f 564/564/564 565/565/565 580/580/580
f 565/565/565 581/581/581 580/580/580
f 565/565/565 566/566/566 581/581/581
f 566/566/566 582/582/582 581/581/581
f 566/566/566 567/567/567 582/582/582
f 567/567/567 583/583/583 582/582/582
f 567/567/567 568/568/568 583/583/583
f 568/568/568 584/584/584 583/583/583
f 568/568/568 553/553/553 584/584/584
f 553/553/553 569/569/569 584/584/584
f 569/569/569 570/570/570 585/585/585
f 570/570/570 586/586/586 585/585/585
f 570/570/570 571/571/571 586/586/586
f 571/571/571 587/587/587 586/586/586
f 571/571/571 572/572/572 587/587/587
f 572/572/572 588/588/588 587/587/587
f 572/572/572 573/573/573 588/588/588
f 573/573/573 589/589/589 588/588/588
f 573/573/573 574/574/574 589/589/589
f 574/574/574 590/590/590 589/589/589
f 574/574/574 575/575/575 590/590/590
f 575/575/575 591/591/591 590/590/590
f 575/575/575 576/576/576 591/591/591
f 576/576/576 592/592/592 591/591/591
f 576/576/576 577/577/577 592/592/592
f 577/577/577 593/593/593 592/592/592
f 577/577/577 578/578/578 593/593/593
f 578/578/578 594/594/594 593/593/593
f 578/578/578 579/579/579 594/594/594
f 579/579/579 595/595/595 594/594/594
f 579/579/579 580/580/580 595/595/595
f 580/580/580 596/596/596 595/595/595
f 580/580/580 581/581/581 596/596/596
f 581/581/581 597/597/597 596/596/596
f 581/581/581 582/582/582 597/597/597
f 582/582/582 598/598/598 597/597/597
f 582/582/582 583/583/583 598/598/598
f 583/583/583 599/599/599 598/598/598
f 583/583/583 584/584/584 599/599/599
f 584/584/584 600/600/600 599/599/599
f 584/584/584 569/569/569 600/600/600
f 569/569/569 585/585/585 600/600/600
f 585/585/585 586/586/586 601/601/601
f 586/586/586 602/602/602 601/601/601
f 586/586/586 587/587/587 602/602/602
f 587/587/587 603/603/603 602/602/602
f 587/587/587 588/588/588 603/603/603
f 588/588/588 604/604/604 603/603/603
f 588/588/588 589/589/589 604/604/604
f 589/589/589 605/605/605 604/604/604
f 589/589/589 590/590/590 605/605/605
f 590/590/590 606/606/606 605/605/605
f 590/590/590 591/591/591 606/606/606
f 591/591/591 607/607/607 606/606/606
f 591/591/591 592/592/592 607/607/607
f 592/592/592 608/608/608 607/607/607
f 592/592/592 593/593/593 608/608/608
f 593/593/593 609/609/609 608/608/608
f 593/593/593 594/594/594 609/609/609
f 594/594/594 610/610/610 609/609/609
f 594/594/594 595/595/595 610/610/610
f 595/595/595 611/611/611 610/610/610
f 595/595/595 596/596/596 611/611/611
f 596/596/596 612/612/612 611/611/611
f 596/596/596 597/597/597 612/612/612
f 597/597/597 613/613/613 612/612/612
f 597/597/597 598/598/598 613/613/613
f 598/598/598 614/614/614 613/613/613
f 598/598/598 599/599/599 614/614/614
f 599/599/599 615/615/615 614/614/614
f 599/599/599 600/600/600 615/615/615
f 600/600/600 616/616/616 615/615/615
f 600/600/600 585/585/585 616/616/616
f 585/585/585 601/601/601 616/616/616
f 601/601/601 602/602/602 617/617/617
f 602/602/602 618/618/618 617/617/617
f 602/602/602 603/603/603 618/618/618
f 603/603/603 619/619/619 618/618/618
f 603/603/603 604/604/604 619/619/619
f 604/604/604 620/620/620 619/619/619
f 604/604/604 605/605/605 620/620/620
f 605/605/605 621/621/621 620/620/620
f 605/605/605 606/606/606 621/621/621
f 606/606/606 622/622/622 621/621/621
f 606/606/606 607/607/607 622/622/622
f 607/607/607 623/623/623 622/622/622
f 607/607/607 608/608/608 623/623/623
f 608/608/608 624/624/624 623/623/623
f 608/608/608 609/609/609 624/624/624
f 609/609/609 625/625/625 624/624/624
f 609/609/609 610/610/610 625/625/625
f 610/610/610 626/626/626 625/625/625
f 610/610/610 611/611/611 626/626/626
f 611/611/611 627/627/627 626/626/626
f 611/611/611 612/612/612 627/627/627
f 612/612/612 628/628/628 627/627/627
f 612/612/612 613/613/613 628/628/628
f 613/613/613 629/629/629 628/628/628
f 613/613/613 614/614/614 629/629/629
f 614/614/614 630/630/630 629/629/629
f 614/614/614 615/615/615 630/630/630
f 615/615/615 631/631/631 630/630/630
f 615/615/615 616/616/616 631/631/631
f 616/616/616 632/632/632 631/631/631
f 616/616/616 601/601/601 632/632/632
f 601/601/601 617/617/617 632/632/632
f 617/617/617 618/618/618 633/633/633
f 618/618/618 634/634/634 633/633/633
f 618/618/618 619/619/619 634/634/634
f 619/619/619 635/635/635 634/634/634
f 619/619/619 620/620/620 635/635/635
f 620/620/620 636/636/636 635/635/635
f 620/620/620 621/621/621 636/636/636
f 621/621/621 637/637/637 636/636/636
f 621/621/621 622/622/622 637/637/637
f 622/622/622 638/638/638 637/637/637
f 622/622/622 623/623/623 638/638/638
f 623/623/623 639/639/639 638/638/638
f 623/623/623 624/624/624 639/639/639
f 624/624/624 640/640/640 639/639/639
f 624/624/624 625/625/625 640/640/640
f 625/625/625 641/641/641 640/640/640
f 625/625/625 626/626/626 641/641/641
f 626/626/626 642/642/642 641/641/641
f 626/626/626 627/627/627 642/642/642
f 627/627/627 643/643/643 642/642/642
f 627/627/627 628/628/628 643/643/643
f 628/628/628 644/644/644 643/643/643
f 628/628/628 629/629/629 644/644/644
f 629/629/629 645/645/645 644/644/644
f 629/629/629 630/630/630 645/645/645
f 630/630/630 646/646/646 645/645/645
f 630/630/630 631/631/631 646/646/646
f 631/631/631 647/647/647 646/646/646
f 631/631/631 632/632/632 647/647/647
f 632/632/632 648/648/648 647/647/647
f 632/632/632 617/617/617 648/648/648
f 617/617/617 633/633/633 648/648/648
f 633/633/633 634/634/634 649/649/649
f 634/634/634 650/650/650 649/649/649
f 634/634/634 635/635/635 650/650/650
f 635/635/635 651/651/651 650/650/650
f 635/635/635 636/636/636 651/651/651
f 636/636/636 652/652/652 651/651/651
f 636/636/636 637/637/637 652/652/652
f 637/637/637 653/653/653 652/652/652
f 637/637/637 638/638/638 653/653/653
f 638/638/638 654/654/654 653/653/653
f 638/638/638 639/639/639 654/654/654
f 639/639/639 655/655/655 654/654/654
f 639/639/639 640/640/640 655/655/655
f 640/640/640 656/656/656 655/655/655
f 640/640/640 641/641/641 656/656/656
f 641/641/641 657/657/657 656/656/656
f 641/641/641 642/642/642 657/657/657
f 642/642/642 658/658/658 657/657/657
f 642/642/642 643/643/643 658/658/658
f 643/643/643 659/659/659 658/658/658
f 643/643/643 644/644/644 659/659/659
f 644/644/644 660/660/660 659/659/659
f 644/644/644 645/645/645 660/660/660
f 645/645/645 661/661/661 660/660/660
f 645/645/645 646/646/646 661/661/661
f 646/646/646 662/662/662 661/661/661
f 646/646/646 647/647/647 662/662/662
f 647/647/647 663/663/663 662/662/662
f 647/647/647 648/648/648 663/663/663
f 648/648/648 664/664/664 663/663/663
f 648/648/648 633/633/633 664/664/664
f 633/633/633 649/649/649 664/664/664
f 649/649/649 650/650/650 665/665/665
f 650/650/650 666/666/666 665/665/665
f 650/650/650 651/651/651 666/666/666
f 651/651/651 667/667/667 666/666/666
f 651/651/651 652/652/652 667/667/667
f 652/652/652 668/668/668 667/667/667
f 652/652/652 653/653/653 668/668/668
f 653/653/653 669/669/669 668/668/668
f 653/653/653 654/654/654 669/669/669
f 654/654/654 670/670/670 669/669/669
f 654/654/654 655/655/655 670/670/670
f 655/655/655 671/671/671 670/670/670
f 655/655/655 656/656/656 671/671/671
f 656/656/656 672/672/672 671/671/671
f 656/656/656 657/657/657 672/672/672
f 657/657/657 673/673/673 672/672/672
f 657/657/657 658/658/658 673/673/673
f 658/658/658 674/674/674 673/673/673
f 658/658/658 659/659/659 674/674/674
f 659/659/659 675/675/675 674/674/674
f 659/659/659 660/660/660 675/675/675
f 660/660/660 676/676/676 675/675/675
f 660/660/660 661/661/661 676/676/676
f 661/661/661 677/677/677 676/676/676
f 661/661/661 662/662/662 677/677/677
f 662/662/662 678/678/678 677/677/677
f 662/662/662 663/663/663 678/678/678
f 663/663/663 679/679/679 678/678/678
f 663/663/663 664/664/664 679/679/679
f 664/664/664 680/680/680 679/679/679
f 664/664/664 649/649/649 680/680/680
f 649/649/649 665/665/665 680/680/680
f 665/665/665 666/666/666 681/681/681
f 666/666/666 682/682/682 681/681/681
f 666/666/666 667/667/667 682/682/682
f 667/667/667 683/683/683 682/682/682
f 667/667/667 668/668/668 683/683/683
f 668/668/668 684/684/684 683/683/683
f 668/668/668 669/669/669 684/684/684
f 669/669/669 685/685/685 684/684/684
f 669/669/669 670/670/670 685/685/685
f 670/670/670 686/686/686 685/685/685
f 670/670/670 671/671/671 686/686/686
f 671/671/671 687/687/687 686/686/686
f 671/671/671 672/672/672 687/687/687
f 672/672/672 688/688/688 687/687/687
f 672/672/672 673/673/673 688/688/688
f 673/673/673 689/689/689 688/688/688
f 673/673/673 674/674/674 689/689/689
f 674/674/674 690/690/690 689/689/689
f 674/674/674 675/675/675 690/690/690
f 675/675/675 691/691/691 690/690/690
f 675/675/675 676/676/676 691/691/691
f 676/676/676 692/692/692 691/691/691
f 676/676/676 677/677/677 692/692/692
f 677/677/677 693/693/693 692/692/692
f 677/677/677 678/678/678 693/693/693
f 678/678/678 694/694/694 693/693/693
f 678/678/678 679/679/679 694/694/694
f 679/679/679 695/695/695 694/694/694
f 679/679/679 680/680/680 695/695/695
f 680/680/680 696/696/696 695/695/695
f 680/680/680 665/665/665 696/696/696
f 665/665/665 681/681/681 696/696/696
f 681/681/681 682/682/682 697/697/697
f 682/682/682 698/698/698 697/697/697
f 682/682/682 683/683/683 698/698/698
f 683/683/683 699/699/699 698/698/698
f 683/683/683 684/684/684 699/699/699
f 684/684/684 700/700/700 699/699/699
f 684/684/684 685/685/685 700/700/700
f 685/685/685 701/701/701 700/700/700
f 685/685/685 686/686/686 701/701/701
f 686/686/686 702/702/702 701/701/701
f 686/686/686 687/687/687 702/702/702
f 687/687/687 703/703/703 702/702/702
f 687/687/687 688/688/688 703/703/703
f 688/688/688 704/704/704 703/703/703
f 688/688/688 689/689/689 704/704/704
f 689/689/689 705/705/705 704/704/704
f 689/689/689 690/690/690 705/705/705
f 690/690/690 706/706/706 705/705/705
f 690/690/690 691/691/691 706/706/706
f 691/691/691 707/707/707 706/706/706
f 691/691/691 692/692/692 707/707/707
f 692/692/692 708/708/708 707/707/707
f 692/692/692 693/693/693 708/708/708
f 693/693/693 709/709/709 708/708/708
f 693/693/693 694/694/694 709/709/709
f 694/694/694 710/710/710 709/709/709
f 694/694/694 695/695/695 710/710/710
f 695/695/695 711/711/711 710/710/710
f 695/695/695 696/696/696 711/711/711
f 696/696/696 712/712/712 711/711/711
f 696/696/696 681/681/681 712/712/712
f 681/681/681 697/697/697 712/712/712
f 697/697/697 698/698/698 713/713/713
f 698/698/698 714/714/714 713/713/713
f 698/698/698 699/699/699 714/714/714
f 699/699/699 715/715/715 714/714/714
f 699/699/699 700/700/700 715/715/715
f 700/700/700 716/716/716 715/715/715
f 700/700/700 701/701/701 716/716/716
f 701/701/701 717/717/717 716/716/716
f 701/701/701 702/702/702 717/717/717
f 702/702/702 718/718/718 717/717/717
f 702/702/702 703/703/703 718/718/718
f 703/703/703 719/719/719 718/718/718
f 703/703/703 704/704/704 719/719/719
f 704/704/704 720/720/720 719/719/719
f 704/704/704 705/705/705 720/720/720
f 705/705/705 721/721/721 720/720/720
f 705/705/705 706/706/706 721/721/721
f 706/706/706 722/722/722 721/721/721
f 706/706/706 707/707/707 722/722/722
f 707/707/707 723/723/723 722/722/722
f 707/707/707 708/708/708 723/723/723
f 708/708/708 724/724/724 723/723/723
f 708/708/708 709/709/709 724/724/724
f 709/709/709 725/725/725 724/724/724
f 709/709/709 710/710/710 725/725/725
f 710/710/710 726/726/726 725/725/725
f 710/710/710 711/711/711 726/726/726
f 711/711/711 727/727/727 726/726/726
f 711/711/711 712/712/712 727/727/727
f 712/712/712 728/728/728 727/727/727
f 712/712/712 697/697/697 728/728/728
f 697/697/697 713/713/713 728/728/728
f 713/713/713 714/714/714 729/729/729
f 714/714/714 730/730/730 729/729/729
f 714/714/714 715/715/715 730/730/730
f 715/715/715 731/731/731 730/730/730
f 715/715/715 716/716/716 731/731/731
f 716/716/716 732/732/732 731/731/731
f 716/716/716 717/717/717 732/732/732
f 717/717/717 733/733/733 732/732/732
f 717/717/717 718/718/718 733/733/733
f 718/718/718 734/734/734 733/733/733
f 718/718/718 719/719/719 734/734/734
f 719/719/719 735/735/735 734/734/734
f 719/719/719 720/720/720 735/735/735
f 720/720/720 736/736/736 735/735/735
f 720/720/720 721/721/721 736/736/736
f 721/721/721 737/737/737 736/736/736
f 721/721/721 722/722/722 737/737/737
f 722/722/722 738/738/738 737/737/737
f 722/722/722 723/723/723 738/738/738
f 723/723/723 739/739/739 738/738/738
f 723/723/723 724/724/724 739/739/739
f 724/724/724 740/740/740 739/739/739
f 724/724/724 725/725/725 740/740/740
f 725/725/725 741/741/741 740/740/740
f 725/725/725 726/726/726 741/741/741
f 726/726/726 742/742/742 741/741/741
f 726/726/726 727/727/727 742/742/742
f 727/727/727 743/743/743 742/742/742
f 727/727/727 728/728/728 743/743/743
f 728/728/728 744/744/744 743/743/743
f 728/728/728 713/713/713 744/744/744
f 713/713/713 729/729/729 744/744/744
f 729/729/729 730/730/730 745/745/745
f 730/730/730 746/746/746 745/745/745
f 730/730/730 731/731/731 746/746/746
f 731/731/731 747/747/747 746/746/746
f 731/731/731 732/732/732 747/747/747
f 732/732/732 748/748/748 747/747/747
f 732/732/732 733/733/733 748/748/748
f 733/733/733 749/749/749 748/748/748
f 733/733/733 734/734/734 749/749/749
f 734/734/734 750/750/750 749/749/749
f 734/734/734 735/735/735 750/750/750
f 735/735/735 751/751/751 750/750/750
f 735/735/735 736/736/736 751/751/751
f 736/736/736 752/752/752 751/751/751
f 736/736/736 737/737/737 752/752/752
f 737/737/737 753/753/753 752/752/752
f 737/737/737 738/738/738 753/753/753
f 738/738/738 754/754/754 753/753/753
f 738/738/738 739/739/739 754/754/754
f 739/739/739 755/755/755 754/754/754
f 739/739/739 740/740/740 755/755/755
f 740/740/740 756/756/756 755/755/755
f 740/740/740 741/741/741 756/756/756
f 741/741/741 757/757/757 756/756/756
f 741/741/741 742/742/742 757/757/757
f 742/742/742 758/758/758 757/757/757
f 742/742/742 743/743/743 758/758/758
f 743/743/743 759/759/759 758/758/758
f 743/743/743 744/744/744 759/759/759
f 744/744/744 760/760/760 759/759/759
f 744/744/744 729/729/729 760/760/760
f 729/729/729 745/745/745 760/760/760
f 745/745/745 746/746/746 761/761/761
f 746/746/746 762/762/762 761/761/761
f 746/746/746 747/747/747 762/762/762
f 747/747/747 763/763/763 762/762/762
f 747/747/747 748/748/748 763/763/763
f 748/748/748 764/764/764 763/763/763
f 748/748/748 749/749/749 764/764/764
f 749/749/749 765/765/765 764/764/764
f 749/749/749 750/750/750 765/765/765
f 750/750/750 766/766/766 765/765/765
f 750/750/750 751/751/751 766/766/766
f 751/751/751 767/767/767 766/766/766
f 751/751/751 752/752/752 767/767/767
f 752/752/752 768/768/768 767/767/767
f 752/752/752 753/753/753 768/768/768
f 753/753/753 769/769/769 768/768/768
f 753/753/753 754/754/754 769/769/769
f 754/754/754 770/770/770 769/769/769
f 754/754/754 755/755/755 770/770/770
f 755/755/755 771/771/771 770/770/770
f 755/755/755 756/756/756 771/771/771
f 756/756/756 772/772/772 771/771/771
f 756/756/756 757/757/757 772/772/772
f 757/757/757 773/773/773 772/772/772
f 757/757/757 758/758/758 773/773/773
f 758/758/758 774/774/774 773/773/773
f 758/758/758 759/759/759 774/774/774
f 759/759/759 775/775/775 774/774/774
f 759/759/759 760/760/760 775/775/775
f 760/760/760 776/776/776 775/775/775
f 760/760/760 745/745/745 776/776/776
f 745/745/745 761/761/761 776/776/776
f 761/761/761 762/762/762 777/777/777
f 762/762/762 778/778/778 777/777/777
f 762/762/762 763/763/763 778/778/778
f 763/763/763 779/779/779 778/778/778
f 763/763/763 764/764/764 779/779/779
f 764/764/764 780/780/780 779/779/779
f 764/764/764 765/765/765 780/780/780
f 765/765/765 781/781/781 780/780/780
f 765/765/765 766/766/766 781/781/781
f 766/766/766 782/782/782 781/781/781
f 766/766/766 767/767/767 782/782/782
f 767/767/767 783/783/783 782/782/782
f 767/767/767 768/768/768 783/783/783
f 768/768/768 784/784/784 783/783/783
f 768/768/768 769/769/769 784/784/784
f 769/769/769 785/785/785 784/784/784
f 769/769/769 770/770/770 785/785/785
f 770/770/770 786/786/786 785/785/785
f 770/770/770 771/771/771 786/786/786
f 771/771/771 787/787/787 786/786/786
f 771/771/771 772/772/772 787/787/787
f 772/772/772 788/788/788 787/787/787
f 772/772/772 773/773/773 788/788/788
f 773/773/773 789/789/789 788/788/788
f 773/773/773 774/774/774 789/789/789
f 774/774/774 790/790/790 789/789/789
f 774/774/774 775/775/775 790/790/790
f 775/775/775 791/791/791 790/790/790
f 775/775/775 776/776/776 791/791/791
f 776/776/776 792/792/792 791/791/791
f 776/776/776 761/761/761 792/792/792
f 761/761/761 777/777/777 792/792/792
f 777/777/777 778/778/778 409/409/409
f 778/778/778 410/410/410 409/409/409
f 778/778/778 779/779/779 410/410/410
f 779/779/779 411/411/411 410/410/410
f 779/779/779 780/780/780 411/411/411
f 780/780/780 412/412/412 411/411/411
f 780/780/780 781/781/781 412/412/412
f 781/781/781 413/413/413 412/412/412
f 781/781/781 782/782/782 413/413/413
f 782/782/782 414/414/414 413/413/413
f 782/782/782 783/783/783 414/414/414
f 783/783/783 415/415/415 414/414/414
f 783/783/783 784/784/784 415/415/415
f 784/784/784 416/416/416 415/415/415
f 784/784/784 785/785/785 416/416/416
f 785/785/785 417/417/417 416/416/416
f 785/785/785 786/786/786 417/417/417
f 786/786/786 418/418/418 417/417/417
f 786/786/786 787/787/787 418/418/418
f 787/787/787 419/419/419 418/418/418
f 787/787/787 788/788/788 419/419/419
f 788/788/788 420/420/420 419/419/419
f 788/788/788 789/789/789 420/420/420
f 789/789/789 421/421/421 420/420/420
f 789/789/789 790/790/790 421/421/421
f 790/790/790 422/422/422 421/421/421
f 790/790/790 791/791/791 422/422/422
f 791/791/791 423/423/423 422/422/422
f 791/791/791 792/792/792 423/423/423
f 792/792/792 424/424/424 423/423/423
f 792/792/792 777/777/777 424/424/424
f 777/777/777 409/409/409 424/424/424
