# Poly-Spinor Nexus 7D Avatar
# Vault: vault_00017
# Avatar ID: f0247f56f942a3e8
# Type: hybrid_form
# Rarity: primordial (100.0)
# Generated: 2026-01-07T02:36:35.669996

v 0.256975 1.37716 0.31542
v 0.256975 1.37716 0.31542
v 0.256975 1.37716 0.31542
v 0.256975 1.37716 0.31542
v 0.256975 1.37716 0.31542
v 0.256975 1.37716 0.31542
v 0.256975 1.37716 0.31542
v 0.256975 1.37716 0.31542
v 0.256975 1.37716 0.31542
v 0.256975 1.37716 0.31542
v 0.256975 1.37716 0.31542
v 0.256975 1.37716 0.31542
v 0.256975 1.37716 0.31542
v 0.256975 1.37716 0.31542
v 0.256975 1.37716 0.31542
v 0.256975 1.37716 0.31542
v 0.256975 1.37716 0.31542
v 0.256975 1.37716 0.31542
v 0.256975 1.37716 0.31542
v 0.256975 1.37716 0.31542
v 0.256975 1.37716 0.31542
v 0.256975 1.37716 0.31542
v 0.256975 1.37716 0.31542
v 0.256975 1.37716 0.31542
v 0.224034 1.316302 0.503679
v 0.276711 1.305392 0.502152
v 0.327195 1.296016 0.48688
v 0.372328 1.290387 0.459605
v 0.409593 1.290439 0.422773
v 0.436854 1.296817 0.378961
v 0.452142 1.308467 0.330721
v 0.453828 1.323042 0.28079
v 0.441169 1.33794 0.232304
v 0.414833 1.351414 0.188682
v 0.376985 1.36315 0.1532
v 0.330815 1.373968 0.128499
v 0.27985 1.384837 0.116321
v 0.227477 1.395778 0.117467
v 0.17688 1.405381 0.131838
v 0.131176 1.411279 0.158401
v 0.093424 1.411331 0.195181
v 0.066347 1.404819 0.239425
v 0.051933 1.39293 0.287997
v 0.05119 1.378211 0.33779
v 0.064154 1.363343 0.385896
v 0.090003 1.349971 0.429466
v 0.12709 1.338247 0.465518
v 0.172885 1.327304 0.491068
v 0.181695 1.200721 0.67178
v 0.285283 1.180527 0.669019
v 0.38484 1.165066 0.639629
v 0.473853 1.15696 0.586716
v 0.547122 1.158277 0.514738
v 0.600391 1.16957 0.428569
v 0.629933 1.18949 0.333312
v 0.632802 1.215158 0.234689
v 0.607777 1.243181 0.139263
v 0.556289 1.270827 0.053967
v 0.482507 1.296754 -0.014907
v 0.392444 1.320868 -0.062601
v 0.292716 1.343377 -0.086167
v 0.189792 1.363638 -0.084235
v 0.089988 1.379594 -0.05681
v -0.000268 1.388287 -0.005448
v -0.074599 1.387195 0.066417
v -0.127469 1.375611 0.153528
v -0.155105 1.355171 0.249507
v -0.155916 1.329187 0.34783
v -0.130229 1.301231 0.442428
v -0.079802 1.273808 0.527611
v -0.007679 1.247906 0.597726
v 0.081569 1.22352 0.647272
v 0.131907 1.035496 0.811516
v 0.282238 1.007878 0.80838
v 0.427697 0.989343 0.767798
v 0.558418 0.981435 0.692829
v 0.66572 0.984955 0.588796
v 0.742502 0.999779 0.46276
v 0.783517 1.024801 0.323095
v 0.785721 1.058051 0.179128
v 0.748686 1.096958 0.040666
v 0.674869 1.138704 -0.082702
v 0.569487 1.180525 -0.182441
v 0.439985 1.219884 -0.251782
v 0.295299 1.254466 -0.286136
v 0.145172 1.282104 -0.283254
v -0.000363 1.300791 -0.243275
v -0.131465 1.308879 -0.168781
v -0.239093 1.305427 -0.064783
v -0.315752 1.290515 0.061542
v -0.356183 1.265333 0.201428
v -0.357756 1.231986 0.345304
v -0.320518 1.193099 0.483511
v -0.247027 1.151422 0.606845
v -0.142153 1.109609 0.706965
v -0.012901 1.070167 0.776873
v 0.077298 0.830957 0.918692
v 0.268247 0.796887 0.915709
v 0.454117 0.775601 0.866461
v 0.622128 0.767757 0.773073
v 0.759868 0.773175 0.641028
v 0.857021 0.791165 0.479504
v 0.90699 0.82073 0.300462
v 0.907425 0.860581 0.116866
v 0.859479 0.908902 -0.058876
v 0.766698 0.962971 -0.21553
v 0.634582 1.018929 -0.342964
v 0.471006 1.07202 -0.432258
v 0.286709 1.117436 -0.476571
v 0.094822 1.151413 -0.472417
v -0.0907 1.171998 -0.420391
v -0.256953 1.179011 -0.324808
v -0.393192 1.173276 -0.192603
v -0.490909 1.155697 -0.032411
v -0.543573 1.126869 0.145609
v -0.546917 1.087463 0.329629
v -0.499909 1.039049 0.506542
v -0.405626 0.984663 0.663357
v -0.271164 0.92867 0.789035
v -0.106435 0.875963 0.87571
v 0.020172 0.597562 0.992398
v 0.244478 0.557409 0.989142
v 0.463086 0.532052 0.931827
v 0.661014 0.522473 0.822474
v 0.823309 0.528702 0.667226
v 0.937432 0.550018 0.477007
v 0.995608 0.585119 0.266281
v 0.995489 0.632248 0.05053
v 0.938909 0.689116 -0.155837
v 0.83014 0.752553 -0.340023
v 0.67529 0.818176 -0.490307
v 0.483177 0.880525 -0.595939
v 0.266324 0.933952 -0.648365
v 0.040489 0.973953 -0.643198
v -0.177551 0.998166 -0.581351
v -0.372613 1.006392 -0.468421
v -0.532459 0.999645 -0.312911
v -0.647502 0.978999 -0.124865
v -0.710073 0.9451 0.084194
v -0.7147 0.898698 0.300636
v -0.65965 0.841678 0.508915
v -0.548431 0.777724 0.693362
v -0.389754 0.712043 0.840783
v -0.19576 0.650321 0.942145
v -0.037734 0.342938 1.031448
v 0.21188 0.297633 1.027013
v 0.454259 0.268057 0.961382
v 0.67288 0.256084 0.838255
v 0.852244 0.26244 0.665494
v 0.979502 0.286639 0.45504
v 1.045966 0.327022 0.221868
v 1.047774 0.380931 -0.017686
v 0.985563 0.44491 -0.247467
v 0.863737 0.514833 -0.452382
v 0.690047 0.585981 -0.618808
v 0.475612 0.653259 -0.735143
v 0.234831 0.711657 -0.792829
v -0.015447 0.756896 -0.787565
v -0.257579 0.785975 -0.719971
v -0.474958 0.797362 -0.595292
v -0.65326 0.790781 -0.422417
v -0.780916 0.766873 -0.212905
v -0.849286 0.727011 0.019543
v -0.853152 0.673418 0.259398
v -0.791604 0.609372 0.490007
v -0.668716 0.539225 0.695035
v -0.493367 0.468052 0.86022
v -0.278116 0.401046 0.974704
v -0.094594 0.073976 1.032342
v 0.171179 0.025541 1.026457
v 0.427975 -0.006239 0.953993
v 0.658253 -0.019213 0.821027
v 0.847204 -0.012599 0.63738
v 0.982898 0.013138 0.415286
v 1.056127 0.056357 0.168929
v 1.060917 0.114204 -0.085536
v 0.995816 0.182636 -0.330451
v 0.865025 0.256731 -0.548232
v 0.678286 0.331267 -0.723529
v 0.449389 0.401308 -0.844856
v 0.194218 0.462499 -0.904967
v -0.070533 0.511036 -0.900359
v -0.327708 0.54358 -0.830922
v -0.559901 0.557459 -0.700347
v -0.750489 0.551191 -0.516875
v -0.885568 0.525006 -0.29333
v -0.955861 0.480984 -0.045858
v -0.957479 0.422651 0.208144
v -0.891356 0.354321 0.451782
v -0.762201 0.280571 0.669388
v -0.578019 0.206074 0.846599
v -0.35038 0.135615 0.970779
v -0.147938 -0.199471 0.991442
v 0.123492 -0.248635 0.984962
v 0.385244 -0.280295 0.909942
v 0.619333 -0.292724 0.773494
v 0.811352 -0.285662 0.586219
v 0.949922 -0.259781 0.360326
v 1.025703 -0.216473 0.109497
v 1.031799 -0.158121 -0.150239
v 0.965807 -0.088485 -0.400514
v 0.831819 -0.012619 -0.622592
v 0.640459 0.063823 -0.800444
v 0.406646 0.135495 -0.922886
v 0.146759 0.197882 -0.983542
v -0.122795 0.247233 -0.979406
v -0.385244 0.280295 -0.909942
v -0.622847 0.294385 -0.777882
v -0.817869 0.287956 -0.590928
v -0.95531 0.261255 -0.36237
v -1.025703 0.216473 -0.109497
v -1.025979 0.157229 0.149392
v -0.958111 0.08778 0.397323
v -0.827126 0.012548 0.61908
v -0.640459 -0.063823 0.800444
v -0.408953 -0.136264 0.928122
v -0.195083 -0.46456 0.908998
v 0.070755 -0.512645 0.903193
v 0.327708 -0.54358 0.830922
v 0.558144 -0.55571 0.69815
v 0.74716 -0.548747 0.514583
v 0.882789 -0.523359 0.292409
v 0.955861 -0.480984 0.045858
v 0.960493 -0.423981 -0.2088
v 0.895327 -0.355899 -0.453795
v 0.764601 -0.281454 -0.671495
v 0.578019 -0.206074 -0.846599
v 0.34928 -0.135189 -0.967733
v 0.094174 -0.073648 -1.027764
v -0.170642 -0.025461 -1.023236
v -0.427975 0.006239 -0.953993
v -0.660325 0.019274 -0.823611
v -0.850978 0.012656 -0.640219
v -0.985992 -0.013179 -0.416594
v -1.056127 -0.056357 -0.168929
v -1.057588 -0.113846 0.085267
v -0.9914 -0.181826 0.328985
v -0.862311 -0.255926 0.546511
v -0.678286 -0.331267 0.723529
v -0.450804 -0.402571 0.847515
v -0.234113 -0.709482 0.790406
v 0.015413 -0.755259 0.785862
v 0.257579 -0.785975 0.719971
v 0.475987 -0.79909 0.596582
v 0.655263 -0.793206 0.423713
v 0.782609 -0.768534 0.213367
v 0.849286 -0.727011 -0.019543
v 0.851307 -0.671961 -0.258837
v 0.789184 -0.607509 -0.488509
v 0.667269 -0.538059 -0.693532
v 0.493367 -0.468052 -0.86022
v 0.278719 -0.401915 -0.976816
v 0.03785 -0.343989 -1.034611
v -0.21234 -0.298278 -1.029238
v -0.454259 -0.268057 -0.961382
v -0.671425 -0.25553 -0.836442
v -0.849639 -0.261638 -0.66346
v -0.977384 -0.286019 -0.454056
v -1.045966 -0.327022 -0.221868
v -1.050045 -0.381756 0.017725
v -0.988585 -0.446275 0.248226
v -0.865609 -0.515948 0.453362
v -0.690047 -0.585981 0.618808
v -0.474583 -0.651846 0.733553
v -0.264243 -0.926653 0.643298
v -0.040265 -0.968564 0.639639
v 0.177551 -0.998166 0.581351
v 0.374686 -1.011991 0.471027
v 0.536653 -1.007519 0.315376
v 0.651105 -0.984445 0.12556
v 0.710073 -0.9451 -0.084194
v 0.710745 -0.893725 -0.298973
v 0.654494 -0.8351 -0.504938
v 0.545396 -0.773421 -0.689526
v 0.389754 -0.712043 -0.840783
v 0.196849 -0.653939 -0.947387
v -0.020331 -0.602269 -1.000216
v -0.245838 -0.56051 -0.994645
v -0.463086 -0.532052 -0.931827
v -0.657357 -0.519582 -0.817924
v -0.816874 -0.52457 -0.662011
v -0.932246 -0.546975 -0.474368
v -0.995608 -0.585119 -0.266281
v -1.001027 -0.635766 -0.050811
v -0.946305 -0.694544 0.157065
v -0.834758 -0.75674 0.341914
v -0.67529 -0.818176 0.490307
v -0.480504 -0.875653 0.592642
v -0.285091 -1.111133 0.473883
v -0.094444 -1.146817 0.470531
v 0.0907 -1.171998 0.420391
v 0.257983 -1.183737 0.32611
v 0.395423 -1.179932 0.193695
v 0.492876 -1.160329 0.032541
v 0.543573 -1.126869 -0.145609
v 0.544734 -1.083122 -0.328313
v 0.497089 -1.033188 -0.503685
v 0.404007 -0.980732 -0.660708
v 0.271164 -0.92867 -0.789035
v 0.106862 -0.879473 -0.87922
v -0.077737 -0.835671 -0.923903
v -0.269322 -0.800081 -0.919379
v -0.454117 -0.775601 -0.866461
v -0.619644 -0.764692 -0.769987
v -0.755582 -0.768814 -0.637412
v -0.853599 -0.788006 -0.47759
v -0.90699 -0.82073 -0.300462
v -0.911062 -0.864031 -0.117334
v -0.864354 -0.914058 0.05921
v -0.769771 -0.966831 0.216394
v -0.634582 -1.018929 0.342964
v -0.469126 -1.067741 0.430532
v -0.29576 -1.256425 0.286583
v -0.145332 -1.283519 0.283567
v 0.000363 -1.300791 0.243275
v 0.13132 -1.307435 0.168595
v 0.23872 -1.303392 0.064682
v 0.315404 -1.289091 -0.061474
v 0.356183 -1.265333 -0.201428
v 0.358151 -1.233347 -0.345685
v 0.321019 -1.194963 -0.484267
v 0.2473 -1.152694 -0.607515
v 0.142153 -1.109609 -0.706965
v 0.012887 -1.068986 -0.776016
v -0.131702 -1.033881 -0.81025
v -0.281926 -1.006766 -0.807488
v -0.427697 -0.989343 -0.767798
v -0.559034 -0.982518 -0.693594
v -0.66676 -0.986494 -0.589715
v -0.743322 -1.000883 -0.463271
v -0.783517 -1.024801 -0.323095
v -0.784854 -1.056884 -0.17893
v -0.747519 -1.095248 -0.040603
v -0.674125 -1.137448 0.082611
v -0.569487 -1.180525 0.182441
v -0.440471 -1.221231 0.25206
v -0.294888 -1.353343 0.086807
v -0.190786 -1.370783 0.084677
v -0.089988 -1.379594 0.05681
v 0.000266 -1.38105 0.005419
v 0.074049 -1.37698 -0.065928
v 0.126804 -1.368441 -0.152728
v 0.155105 -1.355171 -0.249507
v 0.156733 -1.336152 -0.349653
v 0.131195 -1.310884 -0.44571
v 0.08022 -1.280483 -0.530376
v 0.007679 -1.247906 -0.597726
v -0.081143 -1.217142 -0.643898
v -0.180357 -1.191879 -0.666833
v -0.283795 -1.174373 -0.665531
v -0.38484 -1.165066 -0.639629
v -0.476336 -1.163023 -0.58979
v -0.551181 -1.166869 -0.518556
v -0.603537 -1.175699 -0.430814
v -0.629933 -1.18949 -0.333312
v -0.629504 -1.208823 -0.233466
v -0.603302 -1.234026 -0.138237
v -0.553389 -1.264202 -0.053685
v -0.482507 -1.296754 0.014907
v -0.3945 -1.32779 0.062929
v -0.281717 -1.39408 -0.117097
v -0.228549 -1.402358 -0.118021
v -0.17688 -1.405381 -0.131838
v -0.130561 -1.404657 -0.157658
v -0.092805 -1.401974 -0.193887
v -0.066035 -1.398227 -0.238302
v -0.051933 -1.39293 -0.287997
v -0.051432 -1.384708 -0.339383
v -0.064583 -1.372442 -0.388472
v -0.090427 -1.356336 -0.43149
v -0.12709 -1.338247 -0.465518
v -0.172074 -1.321076 -0.488764
v -0.222548 -1.307575 -0.500339
v -0.275412 -1.299266 -0.499795
v -0.327195 -1.296016 -0.48688
v -0.374084 -1.296471 -0.461772
v -0.412327 -1.299051 -0.425595
v -0.438913 -1.302931 -0.380748
v -0.452142 -1.308467 -0.330721
v -0.451699 -1.316833 -0.279472
v -0.438244 -1.32907 -0.230764
v -0.412886 -1.345073 -0.187797
v -0.376985 -1.36315 -0.1532
v -0.332375 -1.380446 -0.129105
v -0.256975 -1.37716 -0.31542
v -0.256975 -1.37716 -0.31542
v -0.256975 -1.37716 -0.31542
v -0.256975 -1.37716 -0.31542
v -0.256975 -1.37716 -0.31542
v -0.256975 -1.37716 -0.31542
v -0.256975 -1.37716 -0.31542
v -0.256975 -1.37716 -0.31542
v -0.256975 -1.37716 -0.31542
v -0.256975 -1.37716 -0.31542
v -0.256975 -1.37716 -0.31542
v -0.256975 -1.37716 -0.31542
v -0.256975 -1.37716 -0.31542
v -0.256975 -1.37716 -0.31542
v -0.256975 -1.37716 -0.31542
v -0.256975 -1.37716 -0.31542
v -0.256975 -1.37716 -0.31542
v -0.256975 -1.37716 -0.31542
v -0.256975 -1.37716 -0.31542
v -0.256975 -1.37716 -0.31542
v -0.256975 -1.37716 -0.31542
v -0.256975 -1.37716 -0.31542
v -0.256975 -1.37716 -0.31542
v -0.256975 -1.37716 -0.31542
v 1.487994 1.640962 1.429522
v -0.341304 1.918625 2.350528
v -0.422133 2.515666 0.354713
v 1.546468 2.110018 0.886201
v 0.190109 2.067219 2.306003
v -0.689374 2.627085 0.450184
v 1.364844 2.22204 0.180855
v 0.66679 1.814983 1.981742
v -0.887698 2.260451 0.660252
v 0.941599 1.982788 -0.260754
v 1.022428 1.385747 1.735061
v -0.946172 1.791395 1.203573
v 0.410187 1.834195 -0.216228
v 1.28967 1.274328 1.63959
v -0.764548 1.679373 1.908919
v -0.066494 2.086431 0.108032
v 1.714125 1.599783 1.425084
v -0.120464 1.87841 2.346195
v -0.216362 2.478195 0.350675
v 1.729685 2.076654 0.882606
v 0.346724 2.038698 2.302929
v -0.559362 2.603409 0.447633
v 1.472303 2.202472 0.178746
v 0.75918 1.798158 1.979929
v -0.8006 2.24459 0.658543
v 1.033989 1.965964 -0.262567
v 1.129888 1.366178 1.732953
v -0.81616 1.76772 1.201022
v 0.566802 1.805675 -0.219302
v 1.472888 1.240964 1.635995
v -0.558778 1.641902 1.904881
v 0.154346 2.046215 0.103699
v 1.933241 1.572729 1.36469
v 0.093525 1.851989 2.287213
v -0.016976 2.453577 0.295718
v 1.907219 2.054734 0.833673
v 0.49848 2.019961 2.261101
v -0.433384 2.587855 0.41291
v 1.576428 2.189615 0.150046
v 0.848704 1.787105 1.955253
v -0.716204 2.23417 0.635281
v 1.123513 1.95491 -0.287242
v 1.234013 1.353322 1.704253
v -0.690181 1.752165 1.166298
v 0.718558 1.786938 -0.26113
v 1.650421 1.219044 1.587061
v -0.359391 1.617284 1.849925
v 0.368334 2.019794 0.044718
v 2.130409 1.561644 1.252454
v 0.286078 1.841163 2.177604
v 0.162439 2.44349 0.193588
v 2.066969 2.045752 0.742736
v 0.635035 2.012284 2.183368
v -0.320024 2.581482 0.348381
v 1.670124 2.184348 0.096711
v 0.92926 1.782576 1.909398
v -0.640261 2.229901 0.592052
v 1.204069 1.950381 -0.333098
v 1.327709 1.348054 1.650917
v -0.576822 1.745792 1.10177
v 0.855113 1.77926 -0.338863
v 1.810172 1.210063 1.496125
v -0.179976 1.607197 1.747795
v 0.560888 2.008969 -0.064892
v 2.292191 1.567283 1.096026
v 0.444075 1.84667 2.024836
v 0.309655 2.448622 0.051245
v 2.19805 2.050322 0.615994
v 0.747083 2.01619 2.075029
v -0.227009 2.584724 0.258444
v 1.747004 2.187027 0.022375
v 0.995359 1.78488 1.845486
v -0.577948 2.232073 0.531801
v 1.270169 1.952685 -0.39701
v 1.404589 1.350734 1.576582
v -0.483806 1.749034 1.011833
v 0.967161 1.783166 -0.447202
v 1.941252 1.214632 1.369383
v -0.032761 1.612328 1.605451
v 0.718885 2.014476 -0.217659
v 2.407564 1.589263 0.906066
v 0.556748 1.868136 1.839321
v 0.414639 2.468622 -0.121611
v 2.291528 2.06813 0.462083
v 0.826988 2.031412 1.943465
v -0.160676 2.597361 0.149228
v 1.80183 2.197472 -0.067895
v 1.042497 1.79386 1.767874
v -0.53351 2.240538 0.458634
v 1.317306 1.961665 -0.474622
v 1.459415 1.361179 1.486311
v -0.417474 1.761671 0.902617
v 1.047066 1.798389 -0.578766
v 2.034731 1.23244 1.215472
v 0.072224 1.632329 1.432595
v 0.831558 2.035941 -0.403175
v 2.468665 1.626084 0.695518
v 0.616419 1.904096 1.633701
v 0.470238 2.502128 -0.313201
v 2.341033 2.097964 0.291492
v 0.869306 2.056915 1.797644
v -0.125547 2.618531 0.028176
v 1.830866 2.21497 -0.167949
v 1.067461 1.808904 1.681851
v -0.509976 2.254721 0.377538
v 1.34227 1.97671 -0.560645
v 1.488451 1.378677 1.386257
v -0.382345 1.782841 0.781565
v 1.089383 1.823891 -0.724587
v 2.084236 1.262274 1.044881
v 0.127823 1.665835 1.241006
v 0.891228 2.071901 -0.608795
v 2.471329 1.675239 0.478733
v 0.619021 1.9521 1.421989
v 0.472662 2.546857 -0.510467
v 2.343192 2.13779 0.115847
v 0.871151 2.090958 1.647502
v -0.124015 2.646792 -0.096463
v 1.832132 2.238329 -0.270967
v 1.068549 1.828987 1.59328
v -0.50895 2.273654 0.294039
v 1.343358 1.996793 -0.649216
v 1.489717 1.402036 1.283239
v -0.380813 1.811102 0.656926
v 1.091228 1.857935 -0.874729
v 2.086394 1.3021 0.869235
v 0.130247 1.710564 1.04374
v 0.89383 2.119906 -0.820507
v 2.415375 1.733377 0.270483
v 0.564376 2.008877 1.218612
v 0.421746 2.59976 -0.699966
v 2.297857 2.184895 -0.052883
v 0.832398 2.131223 1.503271
v -0.156185 2.680218 -0.216194
v 1.805542 2.265956 -0.369929
v 1.045688 1.85274 1.508195
v -0.530501 2.296047 0.213828
v 1.320497 2.020546 -0.734301
v 1.463127 1.429663 1.184277
v -0.412983 1.844528 0.537194
v 1.052476 1.8982 -1.01896
v 2.041059 1.349205 0.700505
v 0.079331 1.763467 0.85424
v 0.839185 2.176683 -1.023884
v 2.304616 1.796535 0.08496
v 0.456209 2.070558 1.03743
v 0.320961 2.657232 -0.868785
v 2.208117 2.236068 -0.203199
v 0.755688 2.174966 1.374781
v -0.219865 2.716531 -0.322859
v 1.752909 2.29597 -0.458091
v 1.000436 1.878545 1.432397
v -0.573162 2.320373 0.142371
v 1.275245 2.046351 -0.810099
v 1.410494 1.459677 1.096115
v -0.476663 1.880841 0.43053
v 0.975766 1.941943 -1.14745
v 1.951319 1.400378 0.55019
v -0.021455 1.820939 0.685422
v 0.731019 2.238364 -1.205066
v 2.146601 1.860411 -0.065193
v 0.301892 2.132939 0.890791
v 0.177173 2.715356 -1.005418
v 2.080089 2.287822 -0.324857
v 0.646249 2.219205 1.270788
v -0.310714 2.753255 -0.409188
v 1.677819 2.326324 -0.529445
v 0.935876 1.904643 1.371049
v -0.634024 2.344976 0.084537
v 1.210685 2.072448 -0.871447
v 1.335404 1.490031 1.024762
v -0.567512 1.917565 0.344201
v 0.866327 1.986182 -1.251444
v 1.823291 1.452132 0.428532
v -0.165242 1.879063 0.548789
v 0.576701 2.300745 -1.351705
v 1.952097 1.920651 -0.169743
v 0.11194 2.191769 0.788688
v 0.000183 2.770172 -1.100554
v 1.922497 2.33663 -0.409566
v 0.511539 2.260926 1.198378
v -0.422542 2.787889 -0.469298
v 1.585389 2.35495 -0.579128
v 0.856408 1.929255 1.328333
v -0.708941 2.368178 0.044268
v 1.131217 2.09706 -0.914163
v 1.242974 1.518657 0.975079
v -0.67934 1.9522 0.284091
v 0.731617 2.027903 -1.323853
v 1.665699 1.50094 0.343823
v -0.342233 1.933879 0.453653
v 0.386749 2.359575 -1.453808
v 1.734361 1.973149 -0.221565
v -0.100702 2.243039 0.738078
v -0.197949 2.817943 -1.147709
v 1.746081 2.379165 -0.451553
v 0.360738 2.297286 1.162487
v -0.547728 2.818073 -0.499092
v 1.481919 2.379898 -0.603754
v 0.767447 1.950704 1.30716
v -0.792806 2.388399 0.024308
v 1.042257 2.118509 -0.935335
v 1.139504 1.543605 0.950453
v -0.804526 1.982383 0.254296
v 0.580816 2.064262 -1.359744
v 1.489283 1.543475 0.301835
v -0.540364 1.98165 0.406497
v 0.174107 2.410844 -1.504417
v 1.508229 2.014328 -0.217127
v -0.321542 2.283255 0.742412
v -0.40372 2.855415 -1.143672
v 1.562863 2.41253 -0.447958
v 0.204124 2.325806 1.16556
v -0.67774 2.841748 -0.496541
v 1.37446 2.399467 -0.601645
v 0.675057 1.967528 1.308973
v -0.879904 2.40426 0.026017
v 0.949867 2.135334 -0.933522
v 1.032044 1.563174 0.952561
v -0.934538 2.006059 0.256848
v 0.424201 2.092782 -1.356671
v 1.306065 1.57684 0.305431
v -0.746135 2.019122 0.410535
v -0.046733 2.45106 -1.500084
v 1.289113 2.041382 -0.156733
v -0.53553 2.309675 0.801393
v -0.603106 2.880033 -1.088715
v 1.385329 2.43445 -0.399025
v 0.052368 2.344543 1.207389
v -0.803719 2.857303 -0.461818
v 1.270334 2.412323 -0.572945
v 0.585534 1.978582 1.333649
v -0.964301 2.41468 0.049279
v 0.860343 2.146387 -0.908847
v 0.927919 1.57603 0.981261
v -1.060517 2.021613 0.291571
v 0.272445 2.111519 -1.314842
v 1.128532 1.59876 0.354364
v -0.945521 2.04374 0.465491
v -0.260721 2.477481 -1.441103
v 1.091946 2.052467 -0.044497
v -0.728084 2.320501 0.911003
v -0.782521 2.89012 -0.986585
v 1.225579 2.443431 -0.308088
v -0.084188 2.35222 1.285121
v -0.917078 2.863676 -0.397289
v 1.176639 2.417591 -0.51961
v 0.504977 1.983111 1.379505
v -1.040243 2.41895 0.092508
v 0.779787 2.150916 -0.862991
v 0.834223 1.581298 1.034596
v -1.173876 2.027986 0.3561
v 0.13589 2.119197 -1.23711
v 0.968781 1.607741 0.4453
v -1.124936 2.053826 0.567621
v -0.453274 2.488307 -1.331493
v 0.930163 2.046828 0.111931
v -0.886081 2.314994 1.06377
v -0.929737 2.884988 -0.844242
v 1.094498 2.438862 -0.181346
v -0.196236 2.348315 1.393461
v -1.010094 2.860434 -0.307352
v 1.099758 2.414911 -0.445274
v 0.438878 1.980807 1.443416
v -1.102557 2.416778 0.152759
v 0.713687 2.148612 -0.79908
v 0.757343 1.578618 1.108932
v -1.266892 2.024744 0.446037
v 0.023842 2.115291 -1.12877
v 0.8377 1.603172 0.572043
v -1.272152 2.048695 0.709965
v -0.611271 2.482799 -1.178726
v 0.81479 2.024848 0.301892
v -0.998754 2.293528 1.249285
v -1.034721 2.864988 -0.671385
v 1.00102 2.421053 -0.027435
v -0.276141 2.333092 1.525024
v -1.076427 2.847797 -0.198136
v 1.044932 2.404466 -0.355003
v 0.39174 1.971826 1.521028
v -1.146994 2.408312 0.225926
v 0.66655 2.139632 -0.721468
v 0.702517 1.568173 1.199203
v -1.333224 2.012107 0.555253
v -0.056063 2.100068 -0.997207
v 0.744222 1.585363 0.725954
v -1.377136 2.028694 0.882821
v -0.723945 2.461334 -0.99321
v 0.75369 1.988027 0.512439
v -1.058424 2.257568 1.454906
v -1.09032 2.831481 -0.479796
v 0.951515 2.391219 0.143156
v -0.318458 2.30759 1.670846
v -1.111556 2.826627 -0.077084
v 1.015897 2.386968 -0.25495
v 0.366777 1.956782 1.607051
v -1.170528 2.394129 0.307022
v 0.641586 2.124588 -0.635445
v 0.673482 1.550675 1.299257
v -1.368353 1.990937 0.676305
v -0.09838 2.074566 -0.851385
v 0.694717 1.555529 0.896545
v -1.432735 1.995188 1.074411
v -0.783615 2.425374 -0.78759
v 0.751026 1.938872 0.729224
v -1.061026 2.209564 1.666618
v -1.092744 2.786753 -0.28253
v 0.949356 2.351393 0.318801
v -0.320303 2.273546 1.820988
v -1.113087 2.798366 0.047555
v 1.014631 2.363609 -0.151932
v 0.365688 1.936699 1.695622
v -1.171554 2.375197 0.390521
v 0.640497 2.104505 -0.546873
v 0.672216 1.527316 1.402275
v -1.369885 1.962676 0.800943
v -0.100225 2.040523 -0.701243
v 0.692559 1.515703 1.07219
v -1.435159 1.950459 1.271677
v -0.786217 2.377369 -0.575878
v 0.80698 1.880734 0.937474
v -1.006382 2.152787 1.869995
v -1.041829 2.73385 -0.093031
v 0.994692 2.304288 0.487531
v -0.28155 2.233281 1.965219
v -1.080917 2.76494 0.167286
v 1.04122 2.335982 -0.05297
v 0.388549 1.912946 1.780707
v -1.150003 2.352804 0.470732
v 0.663358 2.080752 -0.461789
v 0.698805 1.499689 1.501237
v -1.337715 1.92925 0.920675
v -0.061473 2.000257 -0.557012
v 0.737894 1.468598 1.24092
v -1.384244 1.897556 1.461176
v -0.731572 2.320592 -0.372501
v 0.917738 1.817576 1.122997
v -0.898215 2.091106 2.051177
v -0.941043 2.676378 0.075788
v 1.084431 2.253115 0.637847
v -0.204841 2.189538 2.093709
v -1.017237 2.728627 0.273951
v 1.093854 2.305968 0.035192
v 0.433802 1.887141 1.856506
v -1.107342 2.328477 0.542189
v 0.708611 2.054947 -0.38599
v 0.751439 1.469675 1.589399
v -1.274035 1.892938 1.02734
v 0.015237 1.956515 -0.428522
v 0.827634 1.417425 1.391236
v -1.283458 1.840084 1.629994
v -0.623405 2.258911 -0.191319
v 1.075754 1.7537 1.27315
v -0.743897 2.028725 2.197816
v -0.797255 2.618253 0.212421
v 1.21246 2.201361 0.759505
v -0.095402 2.145299 2.197702
v -0.926388 2.691903 0.36028
v 1.168944 2.275614 0.106546
v 0.498362 1.861044 1.917853
v -1.04648 2.303874 0.600023
v 0.773171 2.028849 -0.324643
v 0.826529 1.439321 1.660752
v -1.183186 1.856213 1.113668
v 0.124676 1.912275 -0.324529
v 0.955662 1.365672 1.512893
v -1.13967 1.78196 1.766627
v -0.469088 2.19653 -0.04468
v 1.270257 1.69346 1.3777
v -0.553945 1.969895 2.299919
v -0.620265 2.563438 0.307557
v 1.370052 2.152554 0.844214
v 0.039308 2.103578 2.270112
v -0.81456 2.657268 0.42039
v 1.261373 2.246988 0.156229
v 0.57783 1.836432 1.960569
v -0.971563 2.280672 0.640292
v 0.852639 2.004237 -0.281927
v 0.918958 1.410695 1.710435
v -1.071358 1.821579 1.173778
v 0.259386 1.870554 -0.25212
v 1.113254 1.316864 1.597602
v -0.96268 1.727145 1.861763
v -0.279136 2.137701 0.057423

vt 0.7206 0.4295
vt 0.7206 0.4295
vt 0.7206 0.4295
vt 0.7206 0.4295
vt 0.7206 0.4295
vt 0.7206 0.4295
vt 0.7206 0.4295
vt 0.7206 0.4295
vt 0.7206 0.4295
vt 0.7206 0.4295
vt 0.7206 0.4295
vt 0.7206 0.4295
vt 0.7206 0.4295
vt 0.7206 0.4295
vt 0.7206 0.4295
vt 0.7206 0.4295
vt 0.7206 0.4295
vt 0.7206 0.4295
vt 0.7206 0.4295
vt 0.7206 0.4295
vt 0.7206 0.4295
vt 0.7206 0.4295
vt 0.7206 0.4295
vt 0.7206 0.4295
vt 0.7232 0.3852
vt 0.7168 0.3854
vt 0.7106 0.3888
vt 0.7053 0.395
vt 0.7011 0.4037
vt 0.6983 0.414
vt 0.697 0.4254
vt 0.6974 0.4369
vt 0.6993 0.448
vt 0.7026 0.4578
vt 0.7071 0.4657
vt 0.7124 0.4711
vt 0.7183 0.4739
vt 0.7243 0.4736
vt 0.7301 0.4705
vt 0.7352 0.4646
vt 0.7395 0.4564
vt 0.7425 0.4463
vt 0.7441 0.4351
vt 0.7441 0.4235
vt 0.7425 0.4123
vt 0.7394 0.4022
vt 0.7349 0.3939
vt 0.7294 0.3881
vt 0.7261 0.3392
vt 0.7123 0.3397
vt 0.6992 0.347
vt 0.6881 0.3603
vt 0.6798 0.3784
vt 0.6745 0.3997
vt 0.6725 0.4227
vt 0.6736 0.446
vt 0.6776 0.4681
vt 0.6843 0.4876
vt 0.6933 0.5034
vt 0.704 0.5145
vt 0.7159 0.5199
vt 0.728 0.5195
vt 0.7396 0.5131
vt 0.75 0.5012
vt 0.7586 0.4848
vt 0.7647 0.4648
vt 0.7681 0.4424
vt 0.7686 0.4191
vt 0.7659 0.3962
vt 0.76 0.3752
vt 0.751 0.3578
vt 0.7394 0.3454
vt 0.7298 0.2897
vt 0.7065 0.2907
vt 0.6851 0.303
vt 0.6677 0.3248
vt 0.6554 0.3536
vt 0.6483 0.3868
vt 0.6461 0.4219
vt 0.6483 0.457
vt 0.6547 0.4903
vt 0.6649 0.5199
vt 0.6785 0.544
vt 0.6949 0.561
vt 0.7132 0.5695
vt 0.7321 0.5688
vt 0.75 0.5589
vt 0.7659 0.5406
vt 0.7788 0.5155
vt 0.7882 0.4853
vt 0.7937 0.4516
vt 0.795 0.4163
vt 0.7918 0.3813
vt 0.7836 0.3485
vt 0.7703 0.3206
vt 0.7519 0.3001
vt 0.7352 0.2347
vt 0.6983 0.2364
vt 0.6657 0.2558
vt 0.6416 0.2887
vt 0.6264 0.33
vt 0.6186 0.3758
vt 0.6171 0.4233
vt 0.6208 0.4703
vt 0.6294 0.515
vt 0.643 0.5552
vt 0.6613 0.5886
vt 0.6841 0.6126
vt 0.71 0.6247
vt 0.7369 0.6236
vt 0.7623 0.6093
vt 0.7842 0.5837
vt 0.8015 0.5492
vt 0.8139 0.5082
vt 0.8215 0.4631
vt 0.8242 0.4158
vt 0.8214 0.3682
vt 0.8122 0.3227
vt 0.7952 0.2822
vt 0.7692 0.2512
vt 0.7446 0.1726
vt 0.6842 0.1756
vt 0.636 0.2062
vt 0.6065 0.2538
vt 0.5909 0.3095
vt 0.5844 0.3684
vt 0.5846 0.4279
vt 0.5901 0.4864
vt 0.6008 0.5423
vt 0.6172 0.5938
vt 0.6402 0.6378
vt 0.6701 0.6705
vt 0.7058 0.6874
vt 0.7434 0.6857
vt 0.778 0.6657
vt 0.8064 0.631
vt 0.8279 0.5858
vt 0.843 0.5337
vt 0.8526 0.4774
vt 0.8569 0.4185
vt 0.8558 0.3586
vt 0.8478 0.2996
vt 0.8297 0.2444
vt 0.7965 0.1988
vt 0.7674 0.1027
vt 0.6515 0.1088
vt 0.5848 0.1597
vt 0.5579 0.2259
vt 0.5475 0.2959
vt 0.5453 0.3665
vt 0.5482 0.4364
vt 0.5555 0.505
vt 0.5675 0.5716
vt 0.5855 0.6346
vt 0.612 0.6909
vt 0.6498 0.735
vt 0.6993 0.759
vt 0.7532 0.7563
vt 0.8004 0.728
vt 0.8355 0.6815
vt 0.8599 0.6244
vt 0.8764 0.5612
vt 0.8873 0.4944
vt 0.8937 0.4254
vt 0.8956 0.3548
vt 0.892 0.2835
vt 0.8792 0.2129
vt 0.8465 0.1478
vt 0.8944 0.0369
vt 0.5236 0.0532
vt 0.4977 0.1342
vt 0.4954 0.2152
vt 0.4976 0.2947
vt 0.5021 0.3728
vt 0.5085 0.4496
vt 0.5171 0.5255
vt 0.5289 0.6004
vt 0.5459 0.6738
vt 0.5723 0.7433
vt 0.616 0.8028
vt 0.6867 0.8389
vt 0.7718 0.8344
vt 0.8363 0.7924
vt 0.8753 0.7309
vt 0.8992 0.6613
vt 0.9148 0.5884
vt 0.9258 0.5136
vt 0.9338 0.4375
vt 0.9398 0.3599
vt 0.9439 0.2806
vt 0.9455 0.1996
vt 0.9412 0.1175
vt 0.1484 0.0781
vt 0.3234 0.0874
vt 0.3999 0.1535
vt 0.4297 0.2307
vt 0.4461 0.3096
vt 0.4575 0.3884
vt 0.4669 0.4669
vt 0.4758 0.5455
vt 0.4855 0.6247
vt 0.4976 0.7045
vt 0.5158 0.7844
vt 0.5512 0.8616
vt 0.6484 0.9219
vt 0.8234 0.9126
vt 0.8999 0.8465
vt 0.9297 0.7693
vt 0.9461 0.6904
vt 0.9575 0.6116
vt 0.9669 0.5331
vt 0.9758 0.4545
vt 0.9855 0.3753
vt 0.9976 0.2955
vt 0.0158 0.2156
vt 0.0512 0.1384
vt 0.1867 0.1611
vt 0.2718 0.1656
vt 0.3363 0.2076
vt 0.3753 0.2691
vt 0.3992 0.3387
vt 0.4148 0.4116
vt 0.4258 0.4864
vt 0.4338 0.5625
vt 0.4398 0.6401
vt 0.4439 0.7194
vt 0.4455 0.8004
vt 0.4412 0.8825
vt 0.3944 0.9631
vt 0.0236 0.9468
vt 0.9977 0.8658
vt 0.9954 0.7848
vt 0.9976 0.7053
vt 0.0021 0.6272
vt 0.0085 0.5504
vt 0.0171 0.4745
vt 0.0289 0.3996
vt 0.0459 0.3262
vt 0.0723 0.2567
vt 0.116 0.1972
vt 0.1993 0.241
vt 0.2532 0.2437
vt 0.3004 0.272
vt 0.3355 0.3185
vt 0.3599 0.3756
vt 0.3764 0.4388
vt 0.3873 0.5056
vt 0.3937 0.5746
vt 0.3956 0.6452
vt 0.392 0.7165
vt 0.3792 0.7871
vt 0.3465 0.8522
vt 0.2674 0.8973
vt 0.1515 0.8912
vt 0.0848 0.8403
vt 0.0579 0.7741
vt 0.0475 0.7041
vt 0.0453 0.6335
vt 0.0482 0.5636
vt 0.0555 0.495
vt 0.0675 0.4284
vt 0.0855 0.3654
vt 0.112 0.3091
vt 0.1498 0.265
vt 0.2058 0.3126
vt 0.2434 0.3143
vt 0.278 0.3343
vt 0.3064 0.369
vt 0.3279 0.4142
vt 0.343 0.4663
vt 0.3526 0.5226
vt 0.3569 0.5815
vt 0.3558 0.6414
vt 0.3478 0.7004
vt 0.3297 0.7556
vt 0.2965 0.8012
vt 0.2446 0.8274
vt 0.1842 0.8244
vt 0.136 0.7938
vt 0.1065 0.7462
vt 0.0909 0.6905
vt 0.0844 0.6316
vt 0.0846 0.5721
vt 0.0901 0.5136
vt 0.1008 0.4577
vt 0.1172 0.4062
vt 0.1402 0.3622
vt 0.1701 0.3295
vt 0.21 0.3753
vt 0.2369 0.3764
vt 0.2623 0.3907
vt 0.2842 0.4163
vt 0.3015 0.4508
vt 0.3139 0.4918
vt 0.3215 0.5369
vt 0.3242 0.5842
vt 0.3214 0.6318
vt 0.3122 0.6773
vt 0.2952 0.7178
vt 0.2692 0.7488
vt 0.2352 0.7653
vt 0.1983 0.7636
vt 0.1657 0.7442
vt 0.1416 0.7113
vt 0.1264 0.67
vt 0.1186 0.6242
vt 0.1171 0.5767
vt 0.1208 0.5297
vt 0.1294 0.485
vt 0.143 0.4448
vt 0.1613 0.4114
vt 0.1841 0.3874
vt 0.2132 0.4305
vt 0.2321 0.4312
vt 0.25 0.4411
vt 0.2659 0.4594
vt 0.2788 0.4845
vt 0.2882 0.5147
vt 0.2937 0.5484
vt 0.295 0.5837
vt 0.2918 0.6187
vt 0.2836 0.6515
vt 0.2703 0.6794
vt 0.2519 0.6999
vt 0.2298 0.7103
vt 0.2065 0.7093
vt 0.1851 0.697
vt 0.1677 0.6752
vt 0.1554 0.6464
vt 0.1483 0.6132
vt 0.1461 0.5781
vt 0.1483 0.543
vt 0.1547 0.5097
vt 0.1649 0.4801
vt 0.1785 0.456
vt 0.1949 0.439
vt 0.2159 0.4801
vt 0.228 0.4805
vt 0.2396 0.4869
vt 0.25 0.4988
vt 0.2586 0.5152
vt 0.2647 0.5352
vt 0.2681 0.5576
vt 0.2686 0.5809
vt 0.2659 0.6038
vt 0.26 0.6248
vt 0.251 0.6422
vt 0.2394 0.6546
vt 0.2261 0.6608
vt 0.2123 0.6603
vt 0.1992 0.653
vt 0.1881 0.6397
vt 0.1798 0.6216
vt 0.1745 0.6003
vt 0.1725 0.5773
vt 0.1736 0.554
vt 0.1776 0.5319
vt 0.1843 0.5124
vt 0.1933 0.4966
vt 0.204 0.4855
vt 0.2183 0.5261
vt 0.2243 0.5264
vt 0.2301 0.5295
vt 0.2352 0.5354
vt 0.2395 0.5436
vt 0.2425 0.5537
vt 0.2441 0.5649
vt 0.2441 0.5765
vt 0.2425 0.5877
vt 0.2394 0.5978
vt 0.2349 0.6061
vt 0.2294 0.6119
vt 0.2232 0.6148
vt 0.2168 0.6146
vt 0.2106 0.6112
vt 0.2053 0.605
vt 0.2011 0.5963
vt 0.1983 0.586
vt 0.197 0.5746
vt 0.1974 0.5631
vt 0.1993 0.552
vt 0.2026 0.5422
vt 0.2071 0.5343
vt 0.2124 0.5289
vt 0.2206 0.5705
vt 0.2206 0.5705
vt 0.2206 0.5705
vt 0.2206 0.5705
vt 0.2206 0.5705
vt 0.2206 0.5705
vt 0.2206 0.5705
vt 0.2206 0.5705
vt 0.2206 0.5705
vt 0.2206 0.5705
vt 0.2206 0.5705
vt 0.2206 0.5705
vt 0.2206 0.5705
vt 0.2206 0.5705
vt 0.2206 0.5705
vt 0.2206 0.5705
vt 0.2206 0.5705
vt 0.2206 0.5705
vt 0.2206 0.5705
vt 0.2206 0.5705
vt 0.2206 0.5705
vt 0.2206 0.5705
vt 0.2206 0.5705
vt 0.2206 0.5705
vt 0.6328 0.3176
vt 0.778 0.2203
vt 0.7765 0.456
vt 0.6493 0.396
vt 0.7354 0.2333
vt 0.7908 0.4477
vt 0.6623 0.478
vt 0.694 0.2461
vt 0.8096 0.4155
vt 0.6794 0.5376
vt 0.6488 0.2488
vt 0.8273 0.3294
vt 0.715 0.5365
vt 0.624 0.266
vt 0.818 0.2446
vt 0.7551 0.4835
vt 0.6195 0.3262
vt 0.7602 0.2152
vt 0.7639 0.4554
vt 0.6395 0.3995
vt 0.7232 0.2329
vt 0.7837 0.447
vt 0.6562 0.4786
vt 0.6864 0.2477
vt 0.8045 0.4142
vt 0.6729 0.5375
vt 0.64 0.2536
vt 0.8188 0.3241
vt 0.7016 0.5367
vt 0.6114 0.2759
vt 0.8022 0.2351
vt 0.738 0.4839
vt 0.6087 0.3405
vt 0.742 0.2169
vt 0.7511 0.4618
vt 0.6309 0.408
vt 0.7115 0.2368
vt 0.7764 0.4503
vt 0.6507 0.4823
vt 0.6794 0.2519
vt 0.7994 0.4158
vt 0.667 0.5403
vt 0.6323 0.2614
vt 0.8097 0.3235
vt 0.6892 0.5429
vt 0.6013 0.2904
vt 0.7848 0.2325
vt 0.7213 0.4931
vt 0.6007 0.3591
vt 0.7255 0.2253
vt 0.7394 0.4749
vt 0.6242 0.4204
vt 0.7013 0.2446
vt 0.7696 0.4576
vt 0.6461 0.4888
vt 0.6735 0.2582
vt 0.7945 0.4205
vt 0.662 0.5459
vt 0.6262 0.2716
vt 0.8008 0.3282
vt 0.6787 0.5541
vt 0.5938 0.3084
vt 0.7677 0.2377
vt 0.7067 0.5099
vt 0.5955 0.3803
vt 0.7124 0.2398
vt 0.73 0.4934
vt 0.6195 0.4357
vt 0.6935 0.2557
vt 0.7639 0.4684
vt 0.6427 0.4975
vt 0.669 0.2662
vt 0.7903 0.4278
vt 0.6582 0.5537
vt 0.6219 0.2835
vt 0.793 0.3381
vt 0.6709 0.5691
vt 0.589 0.3284
vt 0.7532 0.2507
vt 0.6954 0.5323
vt 0.5929 0.4031
vt 0.7039 0.2592
vt 0.7235 0.5155
vt 0.6169 0.4527
vt 0.6885 0.2692
vt 0.7598 0.4818
vt 0.6407 0.5076
vt 0.6662 0.2754
vt 0.7872 0.4374
vt 0.6559 0.5631
vt 0.6195 0.2962
vt 0.787 0.3528
vt 0.6661 0.5863
vt 0.5867 0.3496
vt 0.743 0.2709
vt 0.6883 0.5577
vt 0.5927 0.4264
vt 0.7002 0.2821
vt 0.7204 0.539
vt 0.6163 0.4706
vt 0.6864 0.2843
vt 0.7576 0.4966
vt 0.6401 0.5186
vt 0.6652 0.2851
vt 0.7854 0.4485
vt 0.6551 0.5734
vt 0.6189 0.3092
vt 0.7836 0.3711
vt 0.6643 0.6046
vt 0.5867 0.3711
vt 0.7378 0.2966
vt 0.6853 0.5839
vt 0.5948 0.4494
vt 0.7011 0.3068
vt 0.7208 0.5619
vt 0.6177 0.4884
vt 0.6872 0.2998
vt 0.7575 0.5116
vt 0.6408 0.5297
vt 0.6658 0.2947
vt 0.785 0.46
vt 0.6557 0.5839
vt 0.6202 0.3217
vt 0.783 0.3914
vt 0.6655 0.6228
vt 0.5888 0.3919
vt 0.7379 0.326
vt 0.6865 0.609
vt 0.5991 0.4711
vt 0.7064 0.3317
vt 0.7244 0.5827
vt 0.621 0.5053
vt 0.6907 0.315
vt 0.7593 0.5256
vt 0.6429 0.5404
vt 0.6682 0.3037
vt 0.7861 0.4712
vt 0.6579 0.594
vt 0.6232 0.333
vt 0.7851 0.4119
vt 0.6694 0.6397
vt 0.593 0.4112
vt 0.7428 0.3565
vt 0.6914 0.6316
vt 0.6054 0.4907
vt 0.7155 0.3552
vt 0.7309 0.5999
vt 0.626 0.5206
vt 0.6968 0.3287
vt 0.7629 0.5375
vt 0.6462 0.5501
vt 0.6721 0.3114
vt 0.7885 0.4811
vt 0.6613 0.6032
vt 0.6277 0.3424
vt 0.7895 0.4305
vt 0.6759 0.6546
vt 0.5991 0.4283
vt 0.7519 0.3854
vt 0.6998 0.6506
vt 0.6137 0.5073
vt 0.7276 0.3752
vt 0.7396 0.6127
vt 0.6326 0.5333
vt 0.7049 0.34
vt 0.7679 0.5467
vt 0.6506 0.5581
vt 0.6773 0.3174
vt 0.792 0.4889
vt 0.6659 0.6109
vt 0.6337 0.3493
vt 0.7958 0.4457
vt 0.6845 0.6667
vt 0.607 0.4421
vt 0.764 0.4099
vt 0.7109 0.6649
vt 0.6237 0.5197
vt 0.7419 0.3902
vt 0.75 0.6204
vt 0.6404 0.5428
vt 0.7146 0.3481
vt 0.7739 0.5525
vt 0.6557 0.5641
vt 0.6835 0.3212
vt 0.7963 0.4943
vt 0.6713 0.6166
vt 0.6408 0.3532
vt 0.8033 0.4565
vt 0.6949 0.6753
vt 0.6167 0.4516
vt 0.7779 0.4277
vt 0.7241 0.6739
vt 0.6352 0.5268
vt 0.7571 0.3989
vt 0.7612 0.6228
vt 0.6492 0.5483
vt 0.7252 0.3524
vt 0.7806 0.5548
vt 0.6614 0.5675
vt 0.6903 0.3225
vt 0.801 0.4969
vt 0.6772 0.6201
vt 0.6488 0.3536
vt 0.8114 0.4623
vt 0.7063 0.6799
vt 0.6278 0.4555
vt 0.7924 0.4378
vt 0.7385 0.6772
vt 0.6477 0.5274
vt 0.7723 0.4008
vt 0.7724 0.6202
vt 0.6585 0.5492
vt 0.7361 0.3526
vt 0.7873 0.5536
vt 0.6672 0.5682
vt 0.6974 0.3212
vt 0.8058 0.4968
vt 0.6834 0.621
vt 0.6571 0.3502
vt 0.8194 0.4632
vt 0.7182 0.6802
vt 0.6399 0.4529
vt 0.8063 0.44
vt 0.753 0.6748
vt 0.6604 0.5206
vt 0.7863 0.3962
vt 0.7829 0.6128
vt 0.6677 0.545
vt 0.7464 0.3487
vt 0.7936 0.5491
vt 0.6729 0.5659
vt 0.7042 0.3174
vt 0.8105 0.494
vt 0.6893 0.6192
vt 0.6653 0.3433
vt 0.8269 0.4596
vt 0.7296 0.6761
vt 0.6522 0.443
vt 0.819 0.4351
vt 0.7667 0.6669
vt 0.6722 0.5061
vt 0.7984 0.3859
vt 0.7921 0.6013
vt 0.676 0.5357
vt 0.7557 0.3409
vt 0.7993 0.5418
vt 0.6779 0.5608
vt 0.7103 0.3112
vt 0.8146 0.4888
vt 0.6946 0.6148
vt 0.6727 0.333
vt 0.8335 0.452
vt 0.7398 0.6679
vt 0.6637 0.4259
vt 0.8298 0.4243
vt 0.7787 0.6542
vt 0.6821 0.4842
vt 0.8082 0.371
vt 0.7996 0.5865
vt 0.6829 0.5216
vt 0.7633 0.33
vt 0.804 0.5321
vt 0.682 0.5529
vt 0.7153 0.3032
vt 0.8181 0.4817
vt 0.699 0.608
vt 0.6788 0.3203
vt 0.839 0.4412
vt 0.7482 0.656
vt 0.6734 0.4025
vt 0.8384 0.4089
vt 0.7884 0.6375
vt 0.6891 0.4563
vt 0.8154 0.3526
vt 0.8052 0.5691
vt 0.6876 0.5033
vt 0.7688 0.3167
vt 0.8075 0.5207
vt 0.6848 0.5428
vt 0.7188 0.2938
vt 0.8207 0.4731
vt 0.7019 0.5991
vt 0.683 0.3061
vt 0.8431 0.428
vt 0.7542 0.6411
vt 0.6801 0.3749
vt 0.8449 0.39
vt 0.7955 0.6176
vt 0.6923 0.4247
vt 0.8198 0.3319
vt 0.8085 0.5499
vt 0.6897 0.4823
vt 0.7718 0.3019
vt 0.8096 0.5081
vt 0.686 0.5312
vt 0.7205 0.2838
vt 0.8224 0.4635
vt 0.7033 0.5888
vt 0.6848 0.2914
vt 0.8458 0.4131
vt 0.7575 0.6238
vt 0.6831 0.3458
vt 0.8491 0.3688
vt 0.7997 0.5954
vt 0.6912 0.3926
vt 0.8213 0.3099
vt 0.8095 0.53
vt 0.6889 0.4602
vt 0.7723 0.2866
vt 0.8103 0.495
vt 0.6855 0.5188
vt 0.7203 0.2739
vt 0.8229 0.4534
vt 0.703 0.5776
vt 0.684 0.2775
vt 0.847 0.3972
vt 0.7578 0.6052
vt 0.6818 0.318
vt 0.851 0.3461
vt 0.8008 0.572
vt 0.6855 0.3633
vt 0.8196 0.2878
vt 0.8079 0.5101
vt 0.6851 0.4389
vt 0.77 0.2715
vt 0.8093 0.4821
vt 0.6833 0.5066
vt 0.7181 0.2646
vt 0.8224 0.4434
vt 0.7009 0.5663
vt 0.6806 0.2654
vt 0.8465 0.381
vt 0.7549 0.5864
vt 0.6759 0.2941
vt 0.8503 0.3229
vt 0.7986 0.5484
vt 0.6756 0.3396
vt 0.8146 0.2665
vt 0.8038 0.4915
vt 0.6786 0.4205
vt 0.7648 0.2578
vt 0.8068 0.4701
vt 0.6795 0.4956
vt 0.714 0.2567
vt 0.8207 0.434
vt 0.6972 0.5559
vt 0.6748 0.256
vt 0.8443 0.3653
vt 0.7488 0.5686
vt 0.6659 0.2762
vt 0.8469 0.3
vt 0.7929 0.5259
vt 0.6624 0.3236
vt 0.8059 0.2473
vt 0.797 0.4753
vt 0.6699 0.4066
vt 0.7571 0.2463
vt 0.8028 0.4599
vt 0.6745 0.4868
vt 0.7084 0.2507
vt 0.8179 0.4259
vt 0.6921 0.5472
vt 0.667 0.2499
vt 0.8403 0.3509
vt 0.7396 0.5534
vt 0.6528 0.2654
vt 0.8406 0.2785
vt 0.7835 0.5063
vt 0.6476 0.3164
vt 0.7936 0.2314
vt 0.7878 0.463
vt 0.6598 0.3983
vt 0.747 0.2379
vt 0.7973 0.4522
vt 0.6686 0.4807
vt 0.7015 0.2471
vt 0.8141 0.4195
vt 0.686 0.541
vt 0.6581 0.2475
vt 0.8346 0.3386
vt 0.7281 0.5422
vt 0.6383 0.2621
vt 0.8309 0.2596
vt 0.7707 0.4915

vn -0.121748 -0.938007 -0.32453
vn -0.200482 -0.921391 -0.332935
vn -0.265971 -0.908892 -0.32121
vn -0.297719 -0.904275 -0.306023
vn -0.299634 -0.904179 -0.304433
vn -0.292683 -0.903316 -0.313617
vn -0.293694 -0.903777 -0.311339
vn -0.299678 -0.913051 -0.276641
vn -0.293343 -0.932661 -0.209985
vn -0.264384 -0.954876 -0.135326
vn -0.224226 -0.97108 -0.082016
vn -0.196664 -0.978573 -0.060978
vn -0.194442 -0.979072 -0.060092
vn -0.205391 -0.976761 -0.061261
vn -0.202988 -0.977238 -0.061663
vn -0.17113 -0.982287 -0.076339
vn -0.117967 -0.985778 -0.11969
vn -0.068094 -0.980198 -0.185942
vn -0.041112 -0.967619 -0.249045
vn -0.035743 -0.958221 -0.283787
vn -0.036004 -0.957486 -0.286225
vn -0.031988 -0.960666 -0.275859
vn -0.033427 -0.960052 -0.277819
vn -0.060569 -0.952241 -0.299281
vn -0.105973 -0.859296 -0.500381
vn -0.218877 -0.836778 -0.501892
vn -0.311225 -0.823789 -0.473826
vn -0.369123 -0.820635 -0.436241
vn -0.401411 -0.822544 -0.402853
vn -0.426279 -0.826723 -0.367172
vn -0.451135 -0.836911 -0.30993
vn -0.464311 -0.857937 -0.219905
vn -0.447255 -0.88775 -0.108918
vn -0.396188 -0.918143 -0.006917
vn -0.329451 -0.942203 0.06096
vn -0.270859 -0.958178 0.092357
vn -0.227841 -0.968266 0.102715
vn -0.186392 -0.976838 0.105094
vn -0.126907 -0.987325 0.095307
vn -0.045253 -0.997353 0.056922
vn 0.0406 -0.998995 -0.018966
vn 0.103889 -0.98747 -0.118789
vn 0.131266 -0.968084 -0.2135
vn 0.131221 -0.950437 -0.281868
vn 0.120283 -0.937808 -0.32565
vn 0.103241 -0.925708 -0.363877
vn 0.067532 -0.908709 -0.411932
vn -0.002585 -0.885466 -0.464697
vn -0.062233 -0.714752 -0.696604
vn -0.212104 -0.688402 -0.693624
vn -0.345367 -0.677831 -0.649051
vn -0.449343 -0.679481 -0.579997
vn -0.528214 -0.687003 -0.499015
vn -0.591672 -0.697561 -0.404144
vn -0.639319 -0.71403 -0.285365
vn -0.656842 -0.740663 -0.141336
vn -0.628853 -0.777452 0.01058
vn -0.555538 -0.819233 0.142249
vn -0.454902 -0.859267 0.233934
vn -0.34816 -0.892956 0.285332
vn -0.243748 -0.919341 0.308868
vn -0.135108 -0.940088 0.313019
vn -0.013713 -0.956321 0.291996
vn 0.115624 -0.965851 0.231867
vn 0.231994 -0.964376 0.127112
vn 0.311401 -0.95024 -0.008586
vn 0.344065 -0.927047 -0.149009
vn 0.338812 -0.900111 -0.273873
vn 0.310393 -0.871041 -0.380715
vn 0.263413 -0.837358 -0.479003
vn 0.189279 -0.797233 -0.57323
vn 0.078902 -0.753748 -0.65241
vn -0.015086 -0.544973 -0.838318
vn -0.191907 -0.516789 -0.834327
vn -0.360699 -0.507312 -0.782643
vn -0.509882 -0.511392 -0.691736
vn -0.634313 -0.522676 -0.569611
vn -0.73048 -0.538177 -0.420434
vn -0.790783 -0.559602 -0.248006
vn -0.804419 -0.590743 -0.062713
vn -0.764952 -0.633403 0.116832
vn -0.67636 -0.685079 0.270562
vn -0.551405 -0.73965 0.385837
vn -0.404337 -0.790115 0.460684
vn -0.244478 -0.831355 0.499078
vn -0.076114 -0.86111 0.502689
vn 0.09545 -0.879107 0.46697
vn 0.25818 -0.885819 0.385575
vn 0.394233 -0.881858 0.258664
vn 0.487327 -0.86779 0.097225
vn 0.530369 -0.84394 -0.08046
vn 0.526888 -0.810066 -0.257259
vn 0.484718 -0.765545 -0.42307
vn 0.408212 -0.710895 -0.572705
vn 0.297197 -0.650151 -0.699269
vn 0.15315 -0.591597 -0.791555
vn 0.026516 -0.382882 -0.923417
vn -0.171042 -0.350676 -0.920745
vn -0.367801 -0.334725 -0.867572
vn -0.552827 -0.332973 -0.763879
vn -0.711891 -0.343222 -0.612706
vn -0.829514 -0.364085 -0.423497
vn -0.893696 -0.395138 -0.212543
vn -0.899778 -0.436348 0.000876
vn -0.850187 -0.487063 0.199879
vn -0.751055 -0.545044 0.372618
vn -0.609461 -0.606029 0.511162
vn -0.433368 -0.664265 0.609052
vn -0.23323 -0.713914 0.66025
vn -0.02292 -0.75073 0.660212
vn 0.181515 -0.773102 0.607754
vn 0.364649 -0.781768 0.505836
vn 0.514097 -0.778206 0.360695
vn 0.62093 -0.76277 0.18063
vn 0.678669 -0.734053 -0.023966
vn 0.682788 -0.690282 -0.239397
vn 0.632059 -0.631995 -0.448423
vn 0.530567 -0.563899 -0.632864
vn 0.387807 -0.494185 -0.778066
vn 0.215962 -0.431674 -0.875795
vn 0.061918 -0.23475 -0.970082
vn -0.155054 -0.195822 -0.968304
vn -0.373197 -0.16885 -0.912257
vn -0.580661 -0.157084 -0.798847
vn -0.758955 -0.163916 -0.630173
vn -0.887994 -0.190298 -0.418632
vn -0.954543 -0.233406 -0.18539
vn -0.956525 -0.287741 0.047585
vn -0.89949 -0.347702 0.264615
vn -0.790088 -0.409361 0.456272
vn -0.633688 -0.470318 0.614199
vn -0.437418 -0.52837 0.727661
vn -0.213917 -0.580573 0.785604
vn 0.018781 -0.623437 0.781648
vn 0.241525 -0.653731 0.717148
vn 0.439059 -0.669009 0.599712
vn 0.601751 -0.66748 0.438596
vn 0.722611 -0.647706 0.241474
vn 0.792998 -0.609007 0.01629
vn 0.802704 -0.552947 -0.223419
vn 0.746084 -0.484715 -0.45652
vn 0.628212 -0.412396 -0.659757
vn 0.463991 -0.343927 -0.81635
vn 0.270848 -0.284204 -0.919711
vn 0.092794 -0.092634 -0.991367
vn -0.142521 -0.04724 -0.988664
vn -0.375964 -0.012209 -0.926554
vn -0.593778 0.005934 -0.804607
vn -0.778518 0.001107 -0.627621
vn -0.912536 -0.028668 -0.40799
vn -0.983217 -0.07948 -0.164217
vn -0.986172 -0.142985 0.083791
vn -0.924146 -0.210271 0.318967
vn -0.803634 -0.275386 0.527575
vn -0.633185 -0.336246 0.697148
vn -0.424139 -0.39303 0.815864
vn -0.19109 -0.445776 0.87451
vn 0.049535 -0.492614 0.868837
vn 0.281859 -0.52926 0.800275
vn 0.492291 -0.54989 0.674737
vn 0.669429 -0.549063 0.500394
vn 0.802149 -0.523936 0.28644
vn 0.878325 -0.475973 0.044671
vn 0.887457 -0.411319 -0.207937
vn 0.826158 -0.339065 -0.449998
vn 0.701172 -0.267813 -0.660783
vn 0.526849 -0.202648 -0.825447
vn 0.319471 -0.14457 -0.936503
vn 0.120324 0.050703 -0.991439
vn -0.128738 0.099116 -0.986713
vn -0.371463 0.13476 -0.918616
vn -0.592425 0.151981 -0.79116
vn -0.777276 0.146365 -0.611898
vn -0.912889 0.116768 -0.39115
vn -0.987599 0.066299 -0.142309
vn -0.993094 0.001701 0.117306
vn -0.927615 -0.068872 0.367134
vn -0.797843 -0.138605 0.586715
vn -0.617355 -0.20376 0.759838
vn -0.402407 -0.26345 0.876734
vn -0.167932 -0.317744 0.933187
vn 0.073849 -0.365311 0.927952
vn 0.311869 -0.402077 0.860855
vn 0.53344 -0.421817 0.733152
vn 0.722747 -0.418647 0.549884
vn 0.862434 -0.390185 0.322434
vn 0.938078 -0.339522 0.068802
vn 0.942745 -0.274342 -0.189654
vn 0.878115 -0.20351 -0.43301
vn 0.751975 -0.13354 -0.645524
vn 0.57513 -0.067371 -0.815283
vn 0.359976 -0.005687 -0.932944
vn 0.144742 0.195164 -0.970031
vn -0.109512 0.242358 -0.963986
vn -0.355367 0.272703 -0.894062
vn -0.576834 0.284195 -0.76583
vn -0.761027 0.276422 -0.586881
vn -0.896604 0.249867 -0.365607
vn -0.972048 0.205659 -0.113253
vn -0.977397 0.146242 0.152671
vn -0.909559 0.076151 0.408537
vn -0.776164 0.00157 0.630529
vn -0.593191 -0.071355 0.801893
vn -0.37815 -0.13796 0.915407
vn -0.144743 -0.195164 0.970031
vn 0.097455 -0.240513 0.965741
vn 0.339125 -0.271214 0.900798
vn 0.566672 -0.284037 0.773437
vn 0.761027 -0.276422 0.58688
vn 0.901833 -0.248128 0.353736
vn 0.97474 -0.202029 0.095212
vn 0.975818 -0.143059 -0.165268
vn 0.909558 -0.076152 -0.408539
vn 0.783773 -0.00517 -0.621026
vn 0.606946 0.066512 -0.791955
vn 0.389314 0.13491 -0.911172
vn 0.165989 0.335346 -0.927357
vn -0.083233 0.378832 -0.921715
vn -0.325896 0.403422 -0.85501
vn -0.54674 0.410265 -0.729902
vn -0.731225 0.401568 -0.55141
vn -0.865486 0.378515 -0.328118
vn -0.937274 0.340606 -0.074191
vn -0.938884 0.287104 0.189916
vn -0.870529 0.219386 0.44051
vn -0.740795 0.14223 0.6565
vn -0.563255 0.063122 0.823868
vn -0.351973 -0.009696 0.93596
vn -0.119105 -0.069282 0.990462
vn 0.124466 -0.11131 0.985961
vn 0.366606 -0.134337 0.920627
vn 0.591826 -0.139177 0.79396
vn 0.781759 -0.12779 0.610346
vn 0.918638 -0.102095 0.381682
vn 0.989926 -0.063164 0.126719
vn 0.991074 -0.011347 -0.132826
vn 0.924805 0.052553 -0.376795
vn 0.798354 0.125683 -0.588927
vn 0.621469 0.202333 -0.75686
vn 0.406022 0.274761 -0.87158
vn 0.184247 0.46618 -0.865291
vn -0.051273 0.506193 -0.860895
vn -0.284428 0.529516 -0.799196
vn -0.501367 0.537219 -0.678253
vn -0.684332 0.530295 -0.500476
vn -0.815118 0.508856 -0.276854
vn -0.880957 0.472424 -0.027029
vn -0.878575 0.420889 0.225743
vn -0.812916 0.355594 0.461216
vn -0.692203 0.280339 0.66503
vn -0.524678 0.201859 0.827023
vn -0.31927 0.128919 0.938854
vn -0.087673 0.069906 0.993693
vn 0.15506 0.030217 0.987443
vn 0.391891 0.010897 0.919947
vn 0.606252 0.009248 0.795219
vn 0.783973 0.021271 0.62043
vn 0.913242 0.044652 0.404963
vn 0.983643 0.080056 0.161363
vn 0.987248 0.129405 -0.092711
vn 0.922203 0.192628 -0.335314
vn 0.795175 0.26562 -0.545108
vn 0.619706 0.34086 -0.70695
vn 0.411508 0.409927 -0.814015
vn 0.199822 0.587667 -0.78404
vn -0.017291 0.626085 -0.779563
vn -0.23474 0.653035 -0.72003
vn -0.439922 0.666276 -0.602117
vn -0.614012 0.662794 -0.428595
vn -0.737571 0.640768 -0.213085
vn -0.798752 0.601248 0.022272
vn -0.796735 0.547762 0.255284
vn -0.73741 0.484564 0.470557
vn -0.626865 0.415782 0.658912
vn -0.469722 0.346044 0.812167
vn -0.272711 0.281052 0.920129
vn -0.048452 0.226809 0.972733
vn 0.184903 0.187894 0.964628
vn 0.408091 0.166134 0.897698
vn 0.605728 0.160781 0.779258
vn 0.767849 0.170206 0.617606
vn 0.886827 0.193765 0.419516
vn 0.953419 0.231891 0.192921
vn 0.957591 0.284139 -0.04779
vn 0.894852 0.347154 -0.280577
vn 0.771781 0.41478 -0.481988
vn 0.604192 0.48031 -0.63581
vn 0.409405 0.538771 -0.736283
vn 0.212268 0.704846 -0.676856
vn 0.014632 0.742594 -0.669582
vn -0.180989 0.773048 -0.60798
vn -0.362481 0.790538 -0.493616
vn -0.51536 0.789346 -0.333673
vn -0.625953 0.766915 -0.141503
vn -0.684975 0.725551 0.066221
vn -0.688731 0.671353 0.273743
vn -0.637809 0.611399 0.468392
vn -0.535581 0.551291 0.639712
vn -0.38825 0.494351 0.77774
vn -0.20585 0.442271 0.872939
vn -0.002282 0.396363 0.918091
vn 0.206653 0.358574 0.91034
vn 0.406146 0.33189 0.851408
vn 0.584156 0.320007 0.745894
vn 0.730917 0.326246 0.599436
vn 0.837178 0.351941 0.418654
vn 0.893608 0.395021 0.213126
vn 0.893109 0.449833 -0.002701
vn 0.834726 0.508844 -0.210498
vn 0.725357 0.565602 -0.392367
vn 0.577103 0.616935 -0.535111
vn 0.402617 0.662921 -0.631217
vn 0.219072 0.820018 -0.528751
vn 0.042123 0.854888 -0.517099
vn -0.125113 0.882179 -0.453991
vn -0.270449 0.896647 -0.350546
vn -0.388857 0.8948 -0.21937
vn -0.478336 0.875531 -0.068122
vn -0.533233 0.840079 0.099649
vn -0.543237 0.792405 0.277467
vn -0.500172 0.739016 0.451313
vn -0.405679 0.686935 0.602946
vn -0.272247 0.640722 0.717884
vn -0.116887 0.60088 0.790747
vn 0.047118 0.565247 0.823575
vn 0.213392 0.532654 0.818989
vn 0.378164 0.506063 0.775172
vn 0.533337 0.492236 0.687936
vn 0.664306 0.497699 0.557667
vn 0.754948 0.52404 0.394253
vn 0.795676 0.566197 0.215223
vn 0.78753 0.615097 0.038107
vn 0.738157 0.662695 -0.126331
vn 0.653873 0.70554 -0.273247
vn 0.536698 0.74462 -0.396858
vn 0.388954 0.78248 -0.48625
vn 0.214858 0.920542 -0.326249
vn 0.065025 0.947808 -0.312141
vn -0.065421 0.964238 -0.256838
vn -0.165174 0.969818 -0.179364
vn -0.239689 0.966373 -0.093122
vn -0.298561 0.954382 0.004132
vn -0.34018 0.932284 0.122979
vn -0.349627 0.898698 0.26477
vn -0.312449 0.855892 0.412098
vn -0.230457 0.811016 0.53772
vn -0.122886 0.772137 0.623461
vn -0.011568 0.742322 0.669943
vn 0.094861 0.71859 0.688934
vn 0.203 0.697227 0.687507
vn 0.321603 0.679534 0.659398
vn 0.44603 0.671579 0.59164
vn 0.55561 0.678694 0.480283
vn 0.627163 0.700644 0.340241
vn 0.652323 0.731564 0.198213
vn 0.640957 0.764017 0.073841
vn 0.607396 0.793769 -0.031644
vn 0.554997 0.821936 -0.128059
vn 0.474859 0.852434 -0.218782
vn 0.359099 0.886605 -0.291512
vn 0.193498 0.977308 -0.086183
vn 0.082941 0.993815 -0.073835
vn -0.000364 0.99927 -0.038192
vn -0.049034 0.998797 0.000597
vn -0.076779 0.996465 0.034107
vn -0.100268 0.992172 0.074433
vn -0.120506 0.982591 0.141394
vn -0.121967 0.963093 0.23995
vn -0.090016 0.93237 0.350119
vn -0.028976 0.897268 0.440534
vn 0.039046 0.868856 0.493523
vn 0.09388 0.852102 0.514887
vn 0.13475 0.842742 0.521181
vn 0.179437 0.834915 0.520308
vn 0.245294 0.828733 0.503024
vn 0.32966 0.828436 0.452789
vn 0.408948 0.836093 0.365664
vn 0.458137 0.849612 0.261287
vn 0.47198 0.865019 0.170226
vn 0.464816 0.878683 0.10891
vn 0.451247 0.889737 0.068878
vn 0.429793 0.902441 0.029639
vn 0.384693 0.922858 -0.018573
vn 0.303367 0.950699 -0.064337
vn 0.154771 0.982552 0.103135
vn 0.088279 0.989596 0.11361
vn 0.055804 0.990219 0.127874
vn 0.053838 0.990126 0.129433
vn 0.060771 0.990885 0.120223
vn 0.0598 0.990657 0.122564
vn 0.054656 0.985881 0.158278
vn 0.062076 0.972085 0.226267
vn 0.090936 0.949341 0.300803
vn 0.129905 0.926692 0.352657
vn 0.156584 0.914675 0.372628
vn 0.158815 0.913941 0.373483
vn 0.147846 0.916256 0.372312
vn 0.15026 0.916005 0.371964
vn 0.182988 0.915491 0.358318
vn 0.237371 0.918439 0.316426
vn 0.287325 0.924546 0.250319
vn 0.31322 0.931311 0.185886
vn 0.317755 0.936219 0.150084
vn 0.317455 0.93671 0.147638
vn 0.321482 0.93364 0.158003
vn 0.320086 0.93444 0.156097
vn 0.29367 0.94625 0.135534
vn 0.233529 0.965931 0.111543
vn 0.194684 0.97529 0.104434
vn -0.135458 -0.8724 -0.469649
vn -0.163976 -0.932913 -0.3206
vn 0.185374 0.968714 0.165014
vn -0.246237 -0.907067 -0.341462
vn -0.185456 -0.966315 -0.178443
vn 0.157265 0.923292 0.350427
vn 0.134257 0.87252 0.469769
vn -0.194639 -0.975258 -0.104825
vn 0.140571 0.888306 0.437209
vn 0.16136 0.930367 0.329213
vn -0.185309 -0.967689 -0.170994
vn 0.186377 0.95932 0.21206
vn 0.186727 0.966901 0.173881
vn -0.158296 -0.927974 -0.337352
vn -0.123237 -0.850651 -0.511082
vn 0.165087 0.98107 0.101235
vn -0.195011 -0.903349 -0.382009
vn -0.193367 -0.915716 -0.352241
vn 0.172208 0.970162 0.170674
vn -0.183029 -0.957306 -0.223752
vn -0.17444 -0.96925 -0.173566
vn 0.188812 0.928117 0.320858
vn 0.205932 0.621866 0.755563
vn -0.165137 -0.98102 -0.101639
vn 0.192902 0.909197 0.368984
vn 0.193702 0.906825 0.374364
vn -0.173262 -0.969385 -0.173992
vn 0.180972 0.959438 0.216165
vn 0.174345 0.97059 0.166011
vn -0.187288 -0.930092 -0.315995
vn -0.184731 -0.369427 -0.910713
vn 0.130796 0.98661 0.097436
vn -0.223917 -0.914883 -0.335931
vn -0.256031 -0.87192 -0.417378
vn 0.160354 0.971345 0.175428
vn -0.181578 -0.958191 -0.221134
vn -0.159282 -0.972981 -0.167145
vn 0.209926 0.930223 0.301025
vn 0.103491 -0.889831 0.444399
vn -0.130961 -0.986547 -0.097853
vn 0.220837 0.917752 0.330095
vn 0.279246 0.825886 0.48983
vn -0.161506 -0.970941 -0.176605
vn 0.179657 0.959455 0.217186
vn 0.155406 0.975716 0.154364
vn -0.208611 -0.930737 -0.300349
vn -0.021327 0.962239 -0.27137
vn 0.083977 0.992204 0.092085
vn -0.242648 -0.921097 -0.304469
vn -0.511552 -0.551664 -0.658773
vn 0.147839 0.972476 0.180094
vn -0.18103 -0.958519 -0.220158
vn -0.133344 -0.978632 -0.15652
vn 0.227238 0.931227 0.284919
vn -0.014548 -0.999894 0.00035
vn -0.084296 -0.992136 -0.092517
vn 0.240003 0.922557 0.302139
vn 0.533911 -0.443186 0.720086
vn -0.148042 -0.972599 -0.179259
vn 0.179001 0.95946 0.217705
vn 0.116723 0.984468 0.131143
vn -0.22737 -0.930634 -0.286747
vn 0.037069 0.998947 0.027037
vn 0.003788 0.996584 0.082492
vn -0.257246 -0.92524 -0.278848
vn -0.186658 0.980352 -0.063781
vn 0.132237 0.973708 0.18549
vn -0.180701 -0.958711 -0.21959
vn -0.066687 -0.989313 -0.129667
vn 0.243934 0.931563 0.269606
vn -0.045223 -0.992274 -0.115526
vn -0.004376 -0.996544 -0.082954
vn 0.25559 0.925816 0.278457
vn 0.045103 -0.998013 -0.04399
vn -0.129527 -0.974643 -0.182468
vn 0.178574 0.959459 0.218057
vn -0.041704 0.998465 0.036445
vn -0.246638 -0.929868 -0.272975
vn 0.055409 0.99096 0.122177
vn -0.199418 0.978327 0.055763
vn -0.270388 -0.928423 -0.254797
vn -0.001476 0.989082 0.147359
vn 0.108307 0.975165 0.193193
vn -0.180455 -0.958849 -0.219191
vn 0.661351 -0.723446 0.198092
vn 0.262692 0.931225 0.252613
vn -0.060124 -0.983431 -0.171022
vn 0.198285 -0.978527 -0.056294
vn 0.27016 0.928309 0.255451
vn -0.03633 -0.986278 -0.161048
vn -0.096645 -0.977503 -0.187475
vn 0.178239 0.959457 0.218341
vn -0.498628 -0.794122 -0.347477
vn -0.269785 -0.928101 -0.256603
vn 0.065203 0.982895 0.17224
vn -0.973151 0.205391 -0.10388
vn -0.283881 -0.931102 -0.229041
vn 0.051111 0.977221 0.205976
vn 0.057224 0.976363 0.208426
vn -0.180241 -0.958966 -0.218853
vn 0.350746 0.905935 0.23719
vn 0.287659 0.929673 0.230131
vn -0.069977 -0.975857 -0.206898
vn 0.973155 -0.205356 0.103911
vn 0.285687 0.930331 0.229928
vn -0.067911 -0.976051 -0.206671
vn -0.000589 -0.979835 -0.199808
vn 0.177937 0.959453 0.218607
vn -0.296979 -0.925763 -0.234021
vn -0.303287 -0.924 -0.232896
vn 0.072081 0.975803 0.206431
vn -0.558088 -0.818455 -0.136633
vn -0.299776 -0.933389 -0.197281
vn 0.07791 0.968596 0.236119
vn -0.198608 0.941277 0.273042
vn -0.180028 -0.95908 -0.21853
vn 0.266432 0.941669 0.205604
vn 0.329212 0.924464 0.192315
vn -0.077889 -0.968888 -0.234922
vn 0.557059 0.819106 0.136931
vn 0.304779 0.931796 0.197144
vn -0.086304 -0.968451 -0.233783
vn 0.920544 0.389543 -0.029235
vn 0.177632 0.959445 0.218888
vn -0.253915 -0.944434 -0.208737
vn -0.366892 -0.911339 -0.186687
vn 0.077863 0.969055 0.234245
vn -0.378304 -0.917544 -0.122472
vn -0.32188 -0.934722 -0.150623
vn 0.096001 0.961659 0.256895
vn -0.429047 -0.899113 -0.086684
vn -0.179785 -0.959204 -0.218185
vn 0.236904 0.951981 0.193931
vn 0.430378 0.897662 0.094749
vn -0.085268 -0.961761 -0.260279
vn 0.377674 0.917759 0.122802
vn 0.332859 0.931569 0.146232
vn -0.09978 -0.961986 -0.254218
vn 0.309638 0.938038 0.155593
vn 0.177275 0.959434 0.219228
vn -0.233494 -0.952338 -0.1963
vn -0.571669 -0.820305 -0.017167
vn 0.083478 0.961913 0.260296
vn -0.302921 -0.945996 -0.115458
vn -0.360704 -0.930645 -0.061587
vn 0.110748 0.955246 0.274298
vn -0.262652 -0.95367 -0.146723
vn -0.179474 -0.95936 -0.217756
vn 0.220181 0.957375 0.18696
vn 0.800082 0.161746 -0.577674
vn -0.093116 -0.953557 -0.28646
vn 0.302519 0.946081 0.115814
vn 0.386746 0.921345 0.039384
vn -0.111471 -0.955658 -0.272565
vn 0.240328 0.956053 0.167944
vn 0.17679 0.959415 0.2197
vn -0.220144 -0.957216 -0.187812
vn -0.37004 0.73772 0.564659
vn 0.089694 0.953378 0.288142
vn -0.257744 -0.959818 -0.110988
vn -0.458581 -0.860955 0.220137
vn 0.124811 0.948423 0.291402
vn -0.219878 -0.962109 -0.161246
vn -0.178996 -0.959594 -0.217116
vn 0.208015 0.961125 0.18157
vn 0.018562 -0.888741 -0.458034
vn -0.102675 -0.94269 -0.31748
vn 0.257483 0.959845 0.111356
vn 0.538081 0.754421 -0.375921
vn -0.123293 -0.948508 -0.291774
vn 0.212731 0.961701 0.172849
vn 0.175969 0.959374 0.220535
vn -0.209447 -0.960984 -0.180669
vn 0.035244 0.918517 0.393807
vn 0.097595 0.941543 0.322447
vn -0.224102 -0.968615 -0.107537
vn -0.201632 0.450957 0.869472
vn 0.140452 0.939976 0.310996
vn -0.198537 -0.965484 -0.168595
vn -0.178011 -0.960063 -0.215849
vn 0.197414 0.964288 0.176568
vn -0.113617 -0.923726 -0.365815
vn -0.11637 -0.92535 -0.360811
vn 0.223954 0.968606 0.107918
vn 0.088292 -0.683981 -0.724137
vn -0.13732 -0.938983 -0.315362
vn 0.196392 0.964617 0.175909
vn 0.173788 0.959256 0.22277
vn -0.199336 -0.964437 -0.17357
vn 0.121942 0.930789 0.34462
vn 0.109508 0.921395 0.372878
vn -0.194684 -0.975291 -0.104434
vn 0.126517 0.849959 0.511432
vn 0.161211 0.92736 0.337661
vn -0.184405 -0.967392 -0.173632
vn -0.173973 -0.961937 -0.210739
vn 0.186569 0.967423 0.17113
vn -0.161073 -0.930428 -0.329178
vn -0.141009 -0.888216 -0.437252
vn 0.194637 0.975258 0.104828
vn -0.133762 -0.872631 -0.469705
vn -0.157617 -0.923218 -0.350465
vn 0.184384 0.966541 0.178328
vn 0.073533 0.943548 0.322971
vn -0.18813 -0.968132 -0.165308
vn 0.161489 0.933439 0.320332
vn 0.132664 0.872991 0.469347
vn -0.165088 -0.981069 -0.101236
vn 0.196441 0.895502 0.399358
vn 0.196301 0.902436 0.383504
vn -0.173213 -0.968702 -0.177801
vn 0.189477 0.9545 0.230277
vn 0.173478 0.971056 0.164184
vn -0.187614 -0.93286 -0.307527
vn -0.207032 -0.740887 -0.638924
vn 0.16514 0.981019 0.101638
vn -0.19408 -0.902689 -0.384039
vn -0.197209 -0.885704 -0.420283
vn 0.174103 0.96803 0.180572
vn -0.182361 -0.959708 -0.213788
vn -0.173236 -0.972789 -0.153851
vn 0.186359 0.934195 0.304222
vn 0.20193 0.616707 0.760853
vn -0.130797 -0.98661 -0.097434
vn 0.227513 0.91045 0.345425
vn 0.287387 0.815656 0.502109
vn -0.163036 -0.96973 -0.181777
vn 0.182826 0.957791 0.221835
vn 0.15408 0.976079 0.153393
vn -0.206358 -0.934036 -0.291536
vn -0.234981 0.663052 -0.710736
vn 0.130963 0.986547 0.09785
vn -0.224097 -0.913753 -0.338875
vn -0.338492 -0.662801 -0.667921
vn 0.164082 0.969336 0.182935
vn -0.1799 -0.959604 -0.216325
vn -0.147817 -0.979947 -0.133617
vn 0.205337 0.934324 0.291334
vn 0.099025 -0.889972 0.445134
vn -0.083975 -0.992204 -0.092086
vn 0.247074 0.917945 0.310374
vn 0.525232 -0.496142 0.691357
vn -0.152542 -0.970622 -0.186073
vn 0.181635 0.958372 0.2203
vn 0.114565 0.984797 0.130572
vn -0.221896 -0.934692 -0.277692
vn -0.018374 0.998851 -0.04425
vn 0.0843 0.992136 0.092518
vn -0.244225 -0.919553 -0.307857
vn -0.144009 0.966855 -0.210838
vn 0.153005 0.970613 0.185741
vn -0.179013 -0.959567 -0.217222
vn -0.078701 -0.9939 -0.077261
vn 0.222095 0.934127 0.279428
vn -0.013408 -0.999898 0.004956
vn -0.003788 -0.996584 -0.082492
vn 0.262316 0.922659 0.282649
vn 0.044077 -0.997831 -0.0489
vn -0.140206 -0.971458 -0.19134
vn 0.181094 0.95864 0.219579
vn -0.06017 0.997848 0.026049
vn -0.236618 -0.935044 -0.264016
vn 0.029339 0.994248 0.103008
vn 0.004366 0.996543 0.082958
vn -0.260623 -0.923249 -0.28229
vn 0.021729 0.995039 0.09708
vn 0.138883 0.972002 0.189534
vn -0.178498 -0.959548 -0.217731
vn 0.755708 -0.203352 0.622538
vn 0.238922 0.93363 0.266931
vn -0.042287 -0.992841 -0.111708
vn 0.199418 -0.978327 -0.055763
vn 0.276293 0.926071 0.25701
vn -0.038472 -0.985732 -0.163864
vn -0.123199 -0.972256 -0.198849
vn 0.180747 0.958815 0.219101
vn -0.449573 -0.83201 -0.325028
vn -0.252465 -0.93511 -0.248658
vn 0.049649 0.98477 0.166623
vn -0.1983 0.978524 0.056291
vn -0.276237 -0.925875 -0.257776
vn 0.063483 0.982965 0.172483
vn 0.11718 0.973655 0.195616
vn -0.178105 -0.959537 -0.218098
vn 0.324356 0.903383 0.280521
vn 0.258194 0.932655 0.251974
vn -0.055899 -0.984156 -0.168261
vn 0.973156 -0.205367 0.103879
vn 0.291116 0.928728 0.229598
vn -0.071412 -0.975439 -0.208374
vn -0.093728 -0.972739 -0.212117
vn 0.180477 0.958955 0.218707
vn -0.283506 -0.930705 -0.231113
vn -0.272113 -0.93467 -0.228792
vn 0.0619 0.976623 0.205856
vn -0.973153 0.205382 -0.103881
vn -0.293426 -0.92776 -0.230569
vn 0.084078 0.974355 0.208718
vn 0.071836 0.975376 0.208521
vn -0.177753 -0.959531 -0.218415
vn 0.26215 0.937194 0.230098
vn 0.28394 0.930585 0.231061
vn -0.06455 -0.976545 -0.205411
vn 0.558088 0.818455 0.136633
vn 0.309405 0.930654 0.195324
vn -0.091029 -0.967935 -0.234128
vn -0.014405 -0.968799 -0.247428
vn 0.180227 0.95909 0.218324
vn -0.244887 -0.946702 -0.209253
vn -0.301292 -0.932775 -0.197872
vn 0.071016 0.969187 0.235865
vn -0.55705 -0.819113 -0.136931
vn -0.31557 -0.928648 -0.19501
vn 0.097799 0.967751 0.232149
vn -0.135075 0.9554 0.262614
vn -0.177376 -0.959526 -0.218741
vn 0.238292 0.947966 0.211133
vn 0.326501 0.924945 0.194612
vn -0.071197 -0.969356 -0.235117
vn 0.378305 0.917543 0.122472
vn 0.336482 0.930752 0.143113
vn -0.105624 -0.961762 -0.252701
vn 0.882797 -0.142407 -0.447649
vn 0.179956 0.95924 0.217887
vn -0.226056 -0.953605 -0.19884
vn -0.3587 -0.923922 -0.133055
vn 0.078967 0.961586 0.262898
vn -0.37768 -0.917757 -0.122804
vn -0.350382 -0.926492 -0.137277
vn 0.108839 0.962012 0.250375
vn -0.447405 -0.890725 -0.080238
vn -0.176897 -0.959525 -0.219131
vn 0.224287 0.953713 0.200317
vn 0.428391 0.898116 0.099341
vn -0.077145 -0.961739 -0.26288
vn 0.302922 0.945996 0.115457
vn 0.388709 0.920692 0.03511
vn -0.118342 -0.956024 -0.268352
vn 0.311314 0.944807 0.102096
vn 0.179602 0.959442 0.217287
vn -0.213638 -0.957816 -0.192214
vn -0.557866 -0.818725 0.135921
vn 0.08698 0.952739 0.291071
vn -0.30252 -0.946081 -0.115816
vn -0.42465 -0.905353 -0.003056
vn 0.119097 0.956388 0.266717
vn -0.264832 -0.953084 -0.146612
vn -0.176162 -0.959527 -0.219717
vn 0.213988 0.957655 0.192631
vn 0.807692 0.2148 -0.549086
vn -0.083283 -0.952513 -0.292889
vn 0.257743 0.959818 0.110989
vn 0.534296 0.756309 -0.377525
vn -0.130994 -0.950014 -0.283396
vn 0.232545 0.962065 0.142666
vn 0.179009 0.959792 0.216229
vn -0.203791 -0.960955 -0.187174
vn -0.172753 0.770687 0.61335
vn 0.096382 0.940707 0.325239
vn -0.257485 -0.959844 -0.111359
vn -0.618822 -0.482841 0.619615
vn 0.129927 0.950167 0.283377
vn -0.221405 -0.96187 -0.160581
vn -0.174557 -0.959536 -0.220953
vn 0.205118 0.960849 0.186268
vn 0.032416 -0.883149 -0.467971
vn -0.090687 -0.939327 -0.330818
vn 0.224103 0.968614 0.107536
vn 0.087859 -0.677865 -0.729918
vn -0.145305 -0.942859 -0.299839
vn 0.20287 0.966535 0.157012
vn 0.177368 0.960762 0.213255
vn -0.194788 -0.963664 -0.182781
vn 0.092749 0.907751 0.409129
vn 0.109672 0.920505 0.375024
vn -0.223955 -0.968606 -0.107918
vn -0.018137 0.788408 0.614885
vn 0.142979 0.94228 0.302764
vn -0.199871 -0.965486 -0.166999
vn -0.16558 -0.959546 -0.227718
vn 0.196413 0.963806 0.180278
vn -0.107685 -0.921139 -0.374041
vn -0.101588 -0.915521 -0.38923

f 1/1/1 2/2/2 25/25/25
f 2/2/2 26/26/26 25/25/25
f 2/2/2 3/3/3 26/26/26
f 3/3/3 27/27/27 26/26/26
f 3/3/3 4/4/4 27/27/27
f 4/4/4 28/28/28 27/27/27
f 4/4/4 5/5/5 28/28/28
f 5/5/5 29/29/29 28/28/28
f 5/5/5 6/6/6 29/29/29
f 6/6/6 30/30/30 29/29/29
f 6/6/6 7/7/7 30/30/30
f 7/7/7 31/31/31 30/30/30
f 7/7/7 8/8/8 31/31/31
f 8/8/8 32/32/32 31/31/31
f 8/8/8 9/9/9 32/32/32
f 9/9/9 33/33/33 32/32/32
f 9/9/9 10/10/10 33/33/33
f 10/10/10 34/34/34 33/33/33
f 10/10/10 11/11/11 34/34/34
f 11/11/11 35/35/35 34/34/34
f 11/11/11 12/12/12 35/35/35
f 12/12/12 36/36/36 35/35/35
f 12/12/12 13/13/13 36/36/36
f 13/13/13 37/37/37 36/36/36
f 13/13/13 14/14/14 37/37/37
f 14/14/14 38/38/38 37/37/37
f 14/14/14 15/15/15 38/38/38
f 15/15/15 39/39/39 38/38/38
f 15/15/15 16/16/16 39/39/39
f 16/16/16 40/40/40 39/39/39
f 16/16/16 17/17/17 40/40/40
f 17/17/17 41/41/41 40/40/40
f 17/17/17 18/18/18 41/41/41
f 18/18/18 42/42/42 41/41/41
f 18/18/18 19/19/19 42/42/42
f 19/19/19 43/43/43 42/42/42
f 19/19/19 20/20/20 43/43/43
f 20/20/20 44/44/44 43/43/43
f 20/20/20 21/21/21 44/44/44
f 21/21/21 45/45/45 44/44/44
f 21/21/21 22/22/22 45/45/45
f 22/22/22 46/46/46 45/45/45
f 22/22/22 23/23/23 46/46/46
f 23/23/23 47/47/47 46/46/46
f 23/23/23 24/24/24 47/47/47
f 24/24/24 48/48/48 47/47/47
f 24/24/24 1/1/1 48/48/48
f 1/1/1 25/25/25 48/48/48
f 25/25/25 26/26/26 49/49/49
f 26/26/26 50/50/50 49/49/49
f 26/26/26 27/27/27 50/50/50
f 27/27/27 51/51/51 50/50/50
f 27/27/27 28/28/28 51/51/51
f 28/28/28 52/52/52 51/51/51
f 28/28/28 29/29/29 52/52/52
f 29/29/29 53/53/53 52/52/52
f 29/29/29 30/30/30 53/53/53
f 30/30/30 54/54/54 53/53/53
f 30/30/30 31/31/31 54/54/54
f 31/31/31 55/55/55 54/54/54
f 31/31/31 32/32/32 55/55/55
f 32/32/32 56/56/56 55/55/55
f 32/32/32 33/33/33 56/56/56
f 33/33/33 57/57/57 56/56/56
f 33/33/33 34/34/34 57/57/57
f 34/34/34 58/58/58 57/57/57
f 34/34/34 35/35/35 58/58/58
f 35/35/35 59/59/59 58/58/58
f 35/35/35 36/36/36 59/59/59
f 36/36/36 60/60/60 59/59/59
f 36/36/36 37/37/37 60/60/60
f 37/37/37 61/61/61 60/60/60
f 37/37/37 38/38/38 61/61/61
f 38/38/38 62/62/62 61/61/61
f 38/38/38 39/39/39 62/62/62
f 39/39/39 63/63/63 62/62/62
f 39/39/39 40/40/40 63/63/63
f 40/40/40 64/64/64 63/63/63
f 40/40/40 41/41/41 64/64/64
f 41/41/41 65/65/65 64/64/64
f 41/41/41 42/42/42 65/65/65
f 42/42/42 66/66/66 65/65/65
f 42/42/42 43/43/43 66/66/66
f 43/43/43 67/67/67 66/66/66
f 43/43/43 44/44/44 67/67/67
f 44/44/44 68/68/68 67/67/67
f 44/44/44 45/45/45 68/68/68
f 45/45/45 69/69/69 68/68/68
f 45/45/45 46/46/46 69/69/69
f 46/46/46 70/70/70 69/69/69
f 46/46/46 47/47/47 70/70/70
f 47/47/47 71/71/71 70/70/70
f 47/47/47 48/48/48 71/71/71
f 48/48/48 72/72/72 71/71/71
f 48/48/48 25/25/25 72/72/72
f 25/25/25 49/49/49 72/72/72
f 49/49/49 50/50/50 73/73/73
f 50/50/50 74/74/74 73/73/73
f 50/50/50 51/51/51 74/74/74
f 51/51/51 75/75/75 74/74/74
f 51/51/51 52/52/52 75/75/75
f 52/52/52 76/76/76 75/75/75
f 52/52/52 53/53/53 76/76/76
f 53/53/53 77/77/77 76/76/76
f 53/53/53 54/54/54 77/77/77
f 54/54/54 78/78/78 77/77/77
f 54/54/54 55/55/55 78/78/78
f 55/55/55 79/79/79 78/78/78
f 55/55/55 56/56/56 79/79/79
f 56/56/56 80/80/80 79/79/79
f 56/56/56 57/57/57 80/80/80
f 57/57/57 81/81/81 80/80/80
f 57/57/57 58/58/58 81/81/81
f 58/58/58 82/82/82 81/81/81
f 58/58/58 59/59/59 82/82/82
f 59/59/59 83/83/83 82/82/82
f 59/59/59 60/60/60 83/83/83
f 60/60/60 84/84/84 83/83/83
f 60/60/60 61/61/61 84/84/84
f 61/61/61 85/85/85 84/84/84
f 61/61/61 62/62/62 85/85/85
f 62/62/62 86/86/86 85/85/85
f 62/62/62 63/63/63 86/86/86
f 63/63/63 87/87/87 86/86/86
f 63/63/63 64/64/64 87/87/87
f 64/64/64 88/88/88 87/87/87
f 64/64/64 65/65/65 88/88/88
f 65/65/65 89/89/89 88/88/88
f 65/65/65 66/66/66 89/89/89
f 66/66/66 90/90/90 89/89/89
f 66/66/66 67/67/67 90/90/90
f 67/67/67 91/91/91 90/90/90
f 67/67/67 68/68/68 91/91/91
f 68/68/68 92/92/92 91/91/91
f 68/68/68 69/69/69 92/92/92
f 69/69/69 93/93/93 92/92/92
f 69/69/69 70/70/70 93/93/93
f 70/70/70 94/94/94 93/93/93
f 70/70/70 71/71/71 94/94/94
f 71/71/71 95/95/95 94/94/94
f 71/71/71 72/72/72 95/95/95
f 72/72/72 96/96/96 95/95/95
f 72/72/72 49/49/49 96/96/96
f 49/49/49 73/73/73 96/96/96
f 73/73/73 74/74/74 97/97/97
f 74/74/74 98/98/98 97/97/97
f 74/74/74 75/75/75 98/98/98
f 75/75/75 99/99/99 98/98/98
f 75/75/75 76/76/76 99/99/99
f 76/76/76 100/100/100 99/99/99
f 76/76/76 77/77/77 100/100/100
f 77/77/77 101/101/101 100/100/100
f 77/77/77 78/78/78 101/101/101
f 78/78/78 102/102/102 101/101/101
f 78/78/78 79/79/79 102/102/102
f 79/79/79 103/103/103 102/102/102
f 79/79/79 80/80/80 103/103/103
f 80/80/80 104/104/104 103/103/103
f 80/80/80 81/81/81 104/104/104
f 81/81/81 105/105/105 104/104/104
f 81/81/81 82/82/82 105/105/105
f 82/82/82 106/106/106 105/105/105
f 82/82/82 83/83/83 106/106/106
f 83/83/83 107/107/107 106/106/106
f 83/83/83 84/84/84 107/107/107
f 84/84/84 108/108/108 107/107/107
f 84/84/84 85/85/85 108/108/108
f 85/85/85 109/109/109 108/108/108
f 85/85/85 86/86/86 109/109/109
f 86/86/86 110/110/110 109/109/109
f 86/86/86 87/87/87 110/110/110
f 87/87/87 111/111/111 110/110/110
f 87/87/87 88/88/88 111/111/111
f 88/88/88 112/112/112 111/111/111
f 88/88/88 89/89/89 112/112/112
f 89/89/89 113/113/113 112/112/112
f 89/89/89 90/90/90 113/113/113
f 90/90/90 114/114/114 113/113/113
f 90/90/90 91/91/91 114/114/114
f 91/91/91 115/115/115 114/114/114
f 91/91/91 92/92/92 115/115/115
f 92/92/92 116/116/116 115/115/115
f 92/92/92 93/93/93 116/116/116
f 93/93/93 117/117/117 116/116/116
f 93/93/93 94/94/94 117/117/117
f 94/94/94 118/118/118 117/117/117
f 94/94/94 95/95/95 118/118/118
f 95/95/95 119/119/119 118/118/118
f 95/95/95 96/96/96 119/119/119
f 96/96/96 120/120/120 119/119/119
f 96/96/96 73/73/73 120/120/120
f 73/73/73 97/97/97 120/120/120
f 97/97/97 98/98/98 121/121/121
f 98/98/98 122/122/122 121/121/121
f 98/98/98 99/99/99 122/122/122
f 99/99/99 123/123/123 122/122/122
f 99/99/99 100/100/100 123/123/123
f 100/100/100 124/124/124 123/123/123
f 100/100/100 101/101/101 124/124/124
f 101/101/101 125/125/125 124/124/124
f 101/101/101 102/102/102 125/125/125
f 102/102/102 126/126/126 125/125/125
f 102/102/102 103/103/103 126/126/126
f 103/103/103 127/127/127 126/126/126
f 103/103/103 104/104/104 127/127/127
f 104/104/104 128/128/128 127/127/127
f 104/104/104 105/105/105 128/128/128
f 105/105/105 129/129/129 128/128/128
f 105/105/105 106/106/106 129/129/129
f 106/106/106 130/130/130 129/129/129
f 106/106/106 107/107/107 130/130/130
f 107/107/107 131/131/131 130/130/130
f 107/107/107 108/108/108 131/131/131
f 108/108/108 132/132/132 131/131/131
f 108/108/108 109/109/109 132/132/132
f 109/109/109 133/133/133 132/132/132
f 109/109/109 110/110/110 133/133/133
f 110/110/110 134/134/134 133/133/133
f 110/110/110 111/111/111 134/134/134
f 111/111/111 135/135/135 134/134/134
f 111/111/111 112/112/112 135/135/135
f 112/112/112 136/136/136 135/135/135
f 112/112/112 113/113/113 136/136/136
f 113/113/113 137/137/137 136/136/136
f 113/113/113 114/114/114 137/137/137
f 114/114/114 138/138/138 137/137/137
f 114/114/114 115/115/115 138/138/138
f 115/115/115 139/139/139 138/138/138
f 115/115/115 116/116/116 139/139/139
f 116/116/116 140/140/140 139/139/139
f 116/116/116 117/117/117 140/140/140
f 117/117/117 141/141/141 140/140/140
f 117/117/117 118/118/118 141/141/141
f 118/118/118 142/142/142 141/141/141
f 118/118/118 119/119/119 142/142/142
f 119/119/119 143/143/143 142/142/142
f 119/119/119 120/120/120 143/143/143
f 120/120/120 144/144/144 143/143/143
f 120/120/120 97/97/97 144/144/144
f 97/97/97 121/121/121 144/144/144
f 121/121/121 122/122/122 145/145/145
f 122/122/122 146/146/146 145/145/145
f 122/122/122 123/123/123 146/146/146
f 123/123/123 147/147/147 146/146/146
f 123/123/123 124/124/124 147/147/147
f 124/124/124 148/148/148 147/147/147
f 124/124/124 125/125/125 148/148/148
f 125/125/125 149/149/149 148/148/148
f 125/125/125 126/126/126 149/149/149
f 126/126/126 150/150/150 149/149/149
f 126/126/126 127/127/127 150/150/150
f 127/127/127 151/151/151 150/150/150
f 127/127/127 128/128/128 151/151/151
f 128/128/128 152/152/152 151/151/151
f 128/128/128 129/129/129 152/152/152
f 129/129/129 153/153/153 152/152/152
f 129/129/129 130/130/130 153/153/153
f 130/130/130 154/154/154 153/153/153
f 130/130/130 131/131/131 154/154/154
f 131/131/131 155/155/155 154/154/154
f 131/131/131 132/132/132 155/155/155
f 132/132/132 156/156/156 155/155/155
f 132/132/132 133/133/133 156/156/156
f 133/133/133 157/157/157 156/156/156
f 133/133/133 134/134/134 157/157/157
f 134/134/134 158/158/158 157/157/157
f 134/134/134 135/135/135 158/158/158
f 135/135/135 159/159/159 158/158/158
f 135/135/135 136/136/136 159/159/159
f 136/136/136 160/160/160 159/159/159
f 136/136/136 137/137/137 160/160/160
f 137/137/137 161/161/161 160/160/160
f 137/137/137 138/138/138 161/161/161
f 138/138/138 162/162/162 161/161/161
f 138/138/138 139/139/139 162/162/162
f 139/139/139 163/163/163 162/162/162
f 139/139/139 140/140/140 163/163/163
f 140/140/140 164/164/164 163/163/163
f 140/140/140 141/141/141 164/164/164
f 141/141/141 165/165/165 164/164/164
f 141/141/141 142/142/142 165/165/165
f 142/142/142 166/166/166 165/165/165
f 142/142/142 143/143/143 166/166/166
f 143/143/143 167/167/167 166/166/166
f 143/143/143 144/144/144 167/167/167
f 144/144/144 168/168/168 167/167/167
f 144/144/144 121/121/121 168/168/168
f 121/121/121 145/145/145 168/168/168
f 145/145/145 146/146/146 169/169/169
f 146/146/146 170/170/170 169/169/169
f 146/146/146 147/147/147 170/170/170
f 147/147/147 171/171/171 170/170/170
f 147/147/147 148/148/148 171/171/171
f 148/148/148 172/172/172 171/171/171
f 148/148/148 149/149/149 172/172/172
f 149/149/149 173/173/173 172/172/172
f 149/149/149 150/150/150 173/173/173
f 150/150/150 174/174/174 173/173/173
f 150/150/150 151/151/151 174/174/174
f 151/151/151 175/175/175 174/174/174
f 151/151/151 152/152/152 175/175/175
f 152/152/152 176/176/176 175/175/175
f 152/152/152 153/153/153 176/176/176
f 153/153/153 177/177/177 176/176/176
f 153/153/153 154/154/154 177/177/177
f 154/154/154 178/178/178 177/177/177
f 154/154/154 155/155/155 178/178/178
f 155/155/155 179/179/179 178/178/178
f 155/155/155 156/156/156 179/179/179
f 156/156/156 180/180/180 179/179/179
f 156/156/156 157/157/157 180/180/180
f 157/157/157 181/181/181 180/180/180
f 157/157/157 158/158/158 181/181/181
f 158/158/158 182/182/182 181/181/181
f 158/158/158 159/159/159 182/182/182
f 159/159/159 183/183/183 182/182/182
f 159/159/159 160/160/160 183/183/183
f 160/160/160 184/184/184 183/183/183
f 160/160/160 161/161/161 184/184/184
f 161/161/161 185/185/185 184/184/184
f 161/161/161 162/162/162 185/185/185
f 162/162/162 186/186/186 185/185/185
f 162/162/162 163/163/163 186/186/186
f 163/163/163 187/187/187 186/186/186
f 163/163/163 164/164/164 187/187/187
f 164/164/164 188/188/188 187/187/187
f 164/164/164 165/165/165 188/188/188
f 165/165/165 189/189/189 188/188/188
f 165/165/165 166/166/166 189/189/189
f 166/166/166 190/190/190 189/189/189
f 166/166/166 167/167/167 190/190/190
f 167/167/167 191/191/191 190/190/190
f 167/167/167 168/168/168 191/191/191
f 168/168/168 192/192/192 191/191/191
f 168/168/168 145/145/145 192/192/192
f 145/145/145 169/169/169 192/192/192
f 169/169/169 170/170/170 193/193/193
f 170/170/170 194/194/194 193/193/193
f 170/170/170 171/171/171 194/194/194
f 171/171/171 195/195/195 194/194/194
f 171/171/171 172/172/172 195/195/195
f 172/172/172 196/196/196 195/195/195
f 172/172/172 173/173/173 196/196/196
f 173/173/173 197/197/197 196/196/196
f 173/173/173 174/174/174 197/197/197
f 174/174/174 198/198/198 197/197/197
f 174/174/174 175/175/175 198/198/198
f 175/175/175 199/199/199 198/198/198
f 175/175/175 176/176/176 199/199/199
f 176/176/176 200/200/200 199/199/199
f 176/176/176 177/177/177 200/200/200
f 177/177/177 201/201/201 200/200/200
f 177/177/177 178/178/178 201/201/201
f 178/178/178 202/202/202 201/201/201
f 178/178/178 179/179/179 202/202/202
f 179/179/179 203/203/203 202/202/202
f 179/179/179 180/180/180 203/203/203
f 180/180/180 204/204/204 203/203/203
f 180/180/180 181/181/181 204/204/204
f 181/181/181 205/205/205 204/204/204
f 181/181/181 182/182/182 205/205/205
f 182/182/182 206/206/206 205/205/205
f 182/182/182 183/183/183 206/206/206
f 183/183/183 207/207/207 206/206/206
f 183/183/183 184/184/184 207/207/207
f 184/184/184 208/208/208 207/207/207
f 184/184/184 185/185/185 208/208/208
f 185/185/185 209/209/209 208/208/208
f 185/185/185 186/186/186 209/209/209
f 186/186/186 210/210/210 209/209/209
f 186/186/186 187/187/187 210/210/210
f 187/187/187 211/211/211 210/210/210
f 187/187/187 188/188/188 211/211/211
f 188/188/188 212/212/212 211/211/211
f 188/188/188 189/189/189 212/212/212
f 189/189/189 213/213/213 212/212/212
f 189/189/189 190/190/190 213/213/213
f 190/190/190 214/214/214 213/213/213
f 190/190/190 191/191/191 214/214/214
f 191/191/191 215/215/215 214/214/214
f 191/191/191 192/192/192 215/215/215
f 192/192/192 216/216/216 215/215/215
f 192/192/192 169/169/169 216/216/216
f 169/169/169 193/193/193 216/216/216
f 193/193/193 194/194/194 217/217/217
f 194/194/194 218/218/218 217/217/217
f 194/194/194 195/195/195 218/218/218
f 195/195/195 219/219/219 218/218/218
f 195/195/195 196/196/196 219/219/219
f 196/196/196 220/220/220 219/219/219
f 196/196/196 197/197/197 220/220/220
f 197/197/197 221/221/221 220/220/220
f 197/197/197 198/198/198 221/221/221
f 198/198/198 222/222/222 221/221/221
f 198/198/198 199/199/199 222/222/222
f 199/199/199 223/223/223 222/222/222
f 199/199/199 200/200/200 223/223/223
f 200/200/200 224/224/224 223/223/223
f 200/200/200 201/201/201 224/224/224
f 201/201/201 225/225/225 224/224/224
f 201/201/201 202/202/202 225/225/225
f 202/202/202 226/226/226 225/225/225
f 202/202/202 203/203/203 226/226/226
f 203/203/203 227/227/227 226/226/226
f 203/203/203 204/204/204 227/227/227
f 204/204/204 228/228/228 227/227/227
f 204/204/204 205/205/205 228/228/228
f 205/205/205 229/229/229 228/228/228
f 205/205/205 206/206/206 229/229/229
f 206/206/206 230/230/230 229/229/229
f 206/206/206 207/207/207 230/230/230
f 207/207/207 231/231/231 230/230/230
f 207/207/207 208/208/208 231/231/231
f 208/208/208 232/232/232 231/231/231
f 208/208/208 209/209/209 232/232/232
f 209/209/209 233/233/233 232/232/232
f 209/209/209 210/210/210 233/233/233
f 210/210/210 234/234/234 233/233/233
f 210/210/210 211/211/211 234/234/234
f 211/211/211 235/235/235 234/234/234
f 211/211/211 212/212/212 235/235/235
f 212/212/212 236/236/236 235/235/235
f 212/212/212 213/213/213 236/236/236
f 213/213/213 237/237/237 236/236/236
f 213/213/213 214/214/214 237/237/237
f 214/214/214 238/238/238 237/237/237
f 214/214/214 215/215/215 238/238/238
f 215/215/215 239/239/239 238/238/238
f 215/215/215 216/216/216 239/239/239
f 216/216/216 240/240/240 239/239/239
f 216/216/216 193/193/193 240/240/240
f 193/193/193 217/217/217 240/240/240
f 217/217/217 218/218/218 241/241/241
f 218/218/218 242/242/242 241/241/241
f 218/218/218 219/219/219 242/242/242
f 219/219/219 243/243/243 242/242/242
f 219/219/219 220/220/220 243/243/243
f 220/220/220 244/244/244 243/243/243
f 220/220/220 221/221/221 244/244/244
f 221/221/221 245/245/245 244/244/244
f 221/221/221 222/222/222 245/245/245
f 222/222/222 246/246/246 245/245/245
f 222/222/222 223/223/223 246/246/246
f 223/223/223 247/247/247 246/246/246
f 223/223/223 224/224/224 247/247/247
f 224/224/224 248/248/248 247/247/247
f 224/224/224 225/225/225 248/248/248
f 225/225/225 249/249/249 248/248/248
f 225/225/225 226/226/226 249/249/249
f 226/226/226 250/250/250 249/249/249
f 226/226/226 227/227/227 250/250/250
f 227/227/227 251/251/251 250/250/250
f 227/227/227 228/228/228 251/251/251
f 228/228/228 252/252/252 251/251/251
f 228/228/228 229/229/229 252/252/252
f 229/229/229 253/253/253 252/252/252
f 229/229/229 230/230/230 253/253/253
f 230/230/230 254/254/254 253/253/253
f 230/230/230 231/231/231 254/254/254
f 231/231/231 255/255/255 254/254/254
f 231/231/231 232/232/232 255/255/255
f 232/232/232 256/256/256 255/255/255
f 232/232/232 233/233/233 256/256/256
f 233/233/233 257/257/257 256/256/256
f 233/233/233 234/234/234 257/257/257
f 234/234/234 258/258/258 257/257/257
f 234/234/234 235/235/235 258/258/258
f 235/235/235 259/259/259 258/258/258
f 235/235/235 236/236/236 259/259/259
f 236/236/236 260/260/260 259/259/259
f 236/236/236 237/237/237 260/260/260
f 237/237/237 261/261/261 260/260/260
f 237/237/237 238/238/238 261/261/261
f 238/238/238 262/262/262 261/261/261
f 238/238/238 239/239/239 262/262/262
f 239/239/239 263/263/263 262/262/262
f 239/239/239 240/240/240 263/263/263
f 240/240/240 264/264/264 263/263/263
f 240/240/240 217/217/217 264/264/264
f 217/217/217 241/241/241 264/264/264
f 241/241/241 242/242/242 265/265/265
f 242/242/242 266/266/266 265/265/265
f 242/242/242 243/243/243 266/266/266
f 243/243/243 267/267/267 266/266/266
f 243/243/243 244/244/244 267/267/267
f 244/244/244 268/268/268 267/267/267
f 244/244/244 245/245/245 268/268/268
f 245/245/245 269/269/269 268/268/268
f 245/245/245 246/246/246 269/269/269
f 246/246/246 270/270/270 269/269/269
f 246/246/246 247/247/247 270/270/270
f 247/247/247 271/271/271 270/270/270
f 247/247/247 248/248/248 271/271/271
f 248/248/248 272/272/272 271/271/271
f 248/248/248 249/249/249 272/272/272
f 249/249/249 273/273/273 272/272/272
f 249/249/249 250/250/250 273/273/273
f 250/250/250 274/274/274 273/273/273
f 250/250/250 251/251/251 274/274/274
f 251/251/251 275/275/275 274/274/274
f 251/251/251 252/252/252 275/275/275
f 252/252/252 276/276/276 275/275/275
f 252/252/252 253/253/253 276/276/276
f 253/253/253 277/277/277 276/276/276
f 253/253/253 254/254/254 277/277/277
f 254/254/254 278/278/278 277/277/277
f 254/254/254 255/255/255 278/278/278
f 255/255/255 279/279/279 278/278/278
f 255/255/255 256/256/256 279/279/279
f 256/256/256 280/280/280 279/279/279
f 256/256/256 257/257/257 280/280/280
f 257/257/257 281/281/281 280/280/280
f 257/257/257 258/258/258 281/281/281
f 258/258/258 282/282/282 281/281/281
f 258/258/258 259/259/259 282/282/282
f 259/259/259 283/283/283 282/282/282
f 259/259/259 260/260/260 283/283/283
f 260/260/260 284/284/284 283/283/283
f 260/260/260 261/261/261 284/284/284
f 261/261/261 285/285/285 284/284/284
f 261/261/261 262/262/262 285/285/285
f 262/262/262 286/286/286 285/285/285
f 262/262/262 263/263/263 286/286/286
f 263/263/263 287/287/287 286/286/286
f 263/263/263 264/264/264 287/287/287
f 264/264/264 288/288/288 287/287/287
f 264/264/264 241/241/241 288/288/288
f 241/241/241 265/265/265 288/288/288
f 265/265/265 266/266/266 289/289/289
f 266/266/266 290/290/290 289/289/289
f 266/266/266 267/267/267 290/290/290
f 267/267/267 291/291/291 290/290/290
f 267/267/267 268/268/268 291/291/291
f 268/268/268 292/292/292 291/291/291
f 268/268/268 269/269/269 292/292/292
f 269/269/269 293/293/293 292/292/292
f 269/269/269 270/270/270 293/293/293
f 270/270/270 294/294/294 293/293/293
f 270/270/270 271/271/271 294/294/294
f 271/271/271 295/295/295 294/294/294
f 271/271/271 272/272/272 295/295/295
f 272/272/272 296/296/296 295/295/295
f 272/272/272 273/273/273 296/296/296
f 273/273/273 297/297/297 296/296/296
f 273/273/273 274/274/274 297/297/297
f 274/274/274 298/298/298 297/297/297
f 274/274/274 275/275/275 298/298/298
f 275/275/275 299/299/299 298/298/298
f 275/275/275 276/276/276 299/299/299
f 276/276/276 300/300/300 299/299/299
f 276/276/276 277/277/277 300/300/300
f 277/277/277 301/301/301 300/300/300
f 277/277/277 278/278/278 301/301/301
f 278/278/278 302/302/302 301/301/301
f 278/278/278 279/279/279 302/302/302
f 279/279/279 303/303/303 302/302/302
f 279/279/279 280/280/280 303/303/303
f 280/280/280 304/304/304 303/303/303
f 280/280/280 281/281/281 304/304/304
f 281/281/281 305/305/305 304/304/304
f 281/281/281 282/282/282 305/305/305
f 282/282/282 306/306/306 305/305/305
f 282/282/282 283/283/283 306/306/306
f 283/283/283 307/307/307 306/306/306
f 283/283/283 284/284/284 307/307/307
f 284/284/284 308/308/308 307/307/307
f 284/284/284 285/285/285 308/308/308
f 285/285/285 309/309/309 308/308/308
f 285/285/285 286/286/286 309/309/309
f 286/286/286 310/310/310 309/309/309
f 286/286/286 287/287/287 310/310/310
f 287/287/287 311/311/311 310/310/310
f 287/287/287 288/288/288 311/311/311
f 288/288/288 312/312/312 311/311/311
f 288/288/288 265/265/265 312/312/312
f 265/265/265 289/289/289 312/312/312
f 289/289/289 290/290/290 313/313/313
f 290/290/290 314/314/314 313/313/313
f 290/290/290 291/291/291 314/314/314
f 291/291/291 315/315/315 314/314/314
f 291/291/291 292/292/292 315/315/315
f 292/292/292 316/316/316 315/315/315
f 292/292/292 293/293/293 316/316/316
f 293/293/293 317/317/317 316/316/316
f 293/293/293 294/294/294 317/317/317
f 294/294/294 318/318/318 317/317/317
f 294/294/294 295/295/295 318/318/318
f 295/295/295 319/319/319 318/318/318
f 295/295/295 296/296/296 319/319/319
f 296/296/296 320/320/320 319/319/319
f 296/296/296 297/297/297 320/320/320
f 297/297/297 321/321/321 320/320/320
f 297/297/297 298/298/298 321/321/321
f 298/298/298 322/322/322 321/321/321
f 298/298/298 299/299/299 322/322/322
f 299/299/299 323/323/323 322/322/322
f 299/299/299 300/300/300 323/323/323
f 300/300/300 324/324/324 323/323/323
f 300/300/300 301/301/301 324/324/324
f 301/301/301 325/325/325 324/324/324
f 301/301/301 302/302/302 325/325/325
f 302/302/302 326/326/326 325/325/325
f 302/302/302 303/303/303 326/326/326
f 303/303/303 327/327/327 326/326/326
f 303/303/303 304/304/304 327/327/327
f 304/304/304 328/328/328 327/327/327
f 304/304/304 305/305/305 328/328/328
f 305/305/305 329/329/329 328/328/328
f 305/305/305 306/306/306 329/329/329
f 306/306/306 330/330/330 329/329/329
f 306/306/306 307/307/307 330/330/330
f 307/307/307 331/331/331 330/330/330
f 307/307/307 308/308/308 331/331/331
f 308/308/308 332/332/332 331/331/331
f 308/308/308 309/309/309 332/332/332
f 309/309/309 333/333/333 332/332/332
f 309/309/309 310/310/310 333/333/333
f 310/310/310 334/334/334 333/333/333
f 310/310/310 311/311/311 334/334/334
f 311/311/311 335/335/335 334/334/334
f 311/311/311 312/312/312 335/335/335
f 312/312/312 336/336/336 335/335/335
f 312/312/312 289/289/289 336/336/336
f 289/289/289 313/313/313 336/336/336
f 313/313/313 314/314/314 337/337/337
f 314/314/314 338/338/338 337/337/337
f 314/314/314 315/315/315 338/338/338
f 315/315/315 339/339/339 338/338/338
f 315/315/315 316/316/316 339/339/339
f 316/316/316 340/340/340 339/339/339
f 316/316/316 317/317/317 340/340/340
f 317/317/317 341/341/341 340/340/340
f 317/317/317 318/318/318 341/341/341
f 318/318/318 342/342/342 341/341/341
f 318/318/318 319/319/319 342/342/342
f 319/319/319 343/343/343 342/342/342
f 319/319/319 320/320/320 343/343/343
f 320/320/320 344/344/344 343/343/343
f 320/320/320 321/321/321 344/344/344
f 321/321/321 345/345/345 344/344/344
f 321/321/321 322/322/322 345/345/345
f 322/322/322 346/346/346 345/345/345
f 322/322/322 323/323/323 346/346/346
f 323/323/323 347/347/347 346/346/346
f 323/323/323 324/324/324 347/347/347
f 324/324/324 348/348/348 347/347/347
f 324/324/324 325/325/325 348/348/348
f 325/325/325 349/349/349 348/348/348
f 325/325/325 326/326/326 349/349/349
f 326/326/326 350/350/350 349/349/349
f 326/326/326 327/327/327 350/350/350
f 327/327/327 351/351/351 350/350/350
f 327/327/327 328/328/328 351/351/351
f 328/328/328 352/352/352 351/351/351
f 328/328/328 329/329/329 352/352/352
f 329/329/329 353/353/353 352/352/352
f 329/329/329 330/330/330 353/353/353
f 330/330/330 354/354/354 353/353/353
f 330/330/330 331/331/331 354/354/354
f 331/331/331 355/355/355 354/354/354
f 331/331/331 332/332/332 355/355/355
f 332/332/332 356/356/356 355/355/355
f 332/332/332 333/333/333 356/356/356
f 333/333/333 357/357/357 356/356/356
f 333/333/333 334/334/334 357/357/357
f 334/334/334 358/358/358 357/357/357
f 334/334/334 335/335/335 358/358/358
f 335/335/335 359/359/359 358/358/358
f 335/335/335 336/336/336 359/359/359
f 336/336/336 360/360/360 359/359/359
f 336/336/336 313/313/313 360/360/360
f 313/313/313 337/337/337 360/360/360
f 337/337/337 338/338/338 361/361/361
f 338/338/338 362/362/362 361/361/361
f 338/338/338 339/339/339 362/362/362
f 339/339/339 363/363/363 362/362/362
f 339/339/339 340/340/340 363/363/363
f 340/340/340 364/364/364 363/363/363
f 340/340/340 341/341/341 364/364/364
f 341/341/341 365/365/365 364/364/364
f 341/341/341 342/342/342 365/365/365
f 342/342/342 366/366/366 365/365/365
f 342/342/342 343/343/343 366/366/366
f 343/343/343 367/367/367 366/366/366
f 343/343/343 344/344/344 367/367/367
f 344/344/344 368/368/368 367/367/367
f 344/344/344 345/345/345 368/368/368
f 345/345/345 369/369/369 368/368/368
f 345/345/345 346/346/346 369/369/369
f 346/346/346 370/370/370 369/369/369
f 346/346/346 347/347/347 370/370/370
f 347/347/347 371/371/371 370/370/370
f 347/347/347 348/348/348 371/371/371
f 348/348/348 372/372/372 371/371/371
f 348/348/348 349/349/349 372/372/372
f 349/349/349 373/373/373 372/372/372
f 349/349/349 350/350/350 373/373/373
f 350/350/350 374/374/374 373/373/373
f 350/350/350 351/351/351 374/374/374
f 351/351/351 375/375/375 374/374/374
f 351/351/351 352/352/352 375/375/375
f 352/352/352 376/376/376 375/375/375
f 352/352/352 353/353/353 376/376/376
f 353/353/353 377/377/377 376/376/376
f 353/353/353 354/354/354 377/377/377
f 354/354/354 378/378/378 377/377/377
f 354/354/354 355/355/355 378/378/378
f 355/355/355 379/379/379 378/378/378
f 355/355/355 356/356/356 379/379/379
f 356/356/356 380/380/380 379/379/379
f 356/356/356 357/357/357 380/380/380
f 357/357/357 381/381/381 380/380/380
f 357/357/357 358/358/358 381/381/381
f 358/358/358 382/382/382 381/381/381
f 358/358/358 359/359/359 382/382/382
f 359/359/359 383/383/383 382/382/382
f 359/359/359 360/360/360 383/383/383
f 360/360/360 384/384/384 383/383/383
f 360/360/360 337/337/337 384/384/384
f 337/337/337 361/361/361 384/384/384
f 361/361/361 362/362/362 385/385/385
f 362/362/362 386/386/386 385/385/385
f 362/362/362 363/363/363 386/386/386
f 363/363/363 387/387/387 386/386/386
f 363/363/363 364/364/364 387/387/387
f 364/364/364 388/388/388 387/387/387
f 364/364/364 365/365/365 388/388/388
f 365/365/365 389/389/389 388/388/388
f 365/365/365 366/366/366 389/389/389
f 366/366/366 390/390/390 389/389/389
f 366/366/366 367/367/367 390/390/390
f 367/367/367 391/391/391 390/390/390
f 367/367/367 368/368/368 391/391/391
f 368/368/368 392/392/392 391/391/391
f 368/368/368 369/369/369 392/392/392
f 369/369/369 393/393/393 392/392/392
f 369/369/369 370/370/370 393/393/393
f 370/370/370 394/394/394 393/393/393
f 370/370/370 371/371/371 394/394/394
f 371/371/371 395/395/395 394/394/394
f 371/371/371 372/372/372 395/395/395
f 372/372/372 396/396/396 395/395/395
f 372/372/372 373/373/373 396/396/396
f 373/373/373 397/397/397 396/396/396
f 373/373/373 374/374/374 397/397/397
f 374/374/374 398/398/398 397/397/397
f 374/374/374 375/375/375 398/398/398
f 375/375/375 399/399/399 398/398/398
f 375/375/375 376/376/376 399/399/399
f 376/376/376 400/400/400 399/399/399
f 376/376/376 377/377/377 400/400/400
f 377/377/377 401/401/401 400/400/400
f 377/377/377 378/378/378 401/401/401
f 378/378/378 402/402/402 401/401/401
f 378/378/378 379/379/379 402/402/402
f 379/379/379 403/403/403 402/402/402
f 379/379/379 380/380/380 403/403/403
f 380/380/380 404/404/404 403/403/403
f 380/380/380 381/381/381 404/404/404
f 381/381/381 405/405/405 404/404/404
f 381/381/381 382/382/382 405/405/405
f 382/382/382 406/406/406 405/405/405
f 382/382/382 383/383/383 406/406/406
f 383/383/383 407/407/407 406/406/406
f 383/383/383 384/384/384 407/407/407
f 384/384/384 408/408/408 407/407/407
f 384/384/384 361/361/361 408/408/408
f 361/361/361 385/385/385 408/408/408
f 409/409/409 410/410/410 425/425/425
f 410/410/410 426/426/426 425/425/425
f 410/410/410 411/411/411 426/426/426
f 411/411/411 427/427/427 426/426/426
f 411/411/411 412/412/412 427/427/427
f 412/412/412 428/428/428 427/427/427
f 412/412/412 413/413/413 428/428/428
f 413/413/413 429/429/429 428/428/428
f 413/413/413 414/414/414 429/429/429
f 414/414/414 430/430/430 429/429/429
f 414/414/414 415/415/415 430/430/430
f 415/415/415 431/431/431 430/430/430
f 415/415/415 416/416/416 431/431/431
f 416/416/416 432/432/432 431/431/431
f 416/416/416 417/417/417 432/432/432
f 417/417/417 433/433/433 432/432/432
f 417/417/417 418/418/418 433/433/433
f 418/418/418 434/434/434 433/433/433
f 418/418/418 419/419/419 434/434/434
f 419/419/419 435/435/435 434/434/434
f 419/419/419 420/420/420 435/435/435
f 420/420/420 436/436/436 435/435/435
f 420/420/420 421/421/421 436/436/436
f 421/421/421 437/437/437 436/436/436
f 421/421/421 422/422/422 437/437/437
f 422/422/422 438/438/438 437/437/437
f 422/422/422 423/423/423 438/438/438
f 423/423/423 439/439/439 438/438/438
f 423/423/423 424/424/424 439/439/439
f 424/424/424 440/440/440 439/439/439
f 424/424/424 409/409/409 440/440/440
f 409/409/409 425/425/425 440/440/440
f 425/425/425 426/426/426 441/441/441
f 426/426/426 442/442/442 441/441/441
f 426/426/426 427/427/427 442/442/442
f 427/427/427 443/443/443 442/442/442
f 427/427/427 428/428/428 443/443/443
f 428/428/428 444/444/444 443/443/443
f 428/428/428 429/429/429 444/444/444
f 429/429/429 445/445/445 444/444/444
f 429/429/429 430/430/430 445/445/445
f 430/430/430 446/446/446 445/445/445
f 430/430/430 431/431/431 446/446/446
f 431/431/431 447/447/447 446/446/446
f 431/431/431 432/432/432 447/447/447
f 432/432/432 448/448/448 447/447/447
f 432/432/432 433/433/433 448/448/448
f 433/433/433 449/449/449 448/448/448
f 433/433/433 434/434/434 449/449/449
f 434/434/434 450/450/450 449/449/449
f 434/434/434 435/435/435 450/450/450
f 435/435/435 451/451/451 450/450/450
f 435/435/435 436/436/436 451/451/451
f 436/436/436 452/452/452 451/451/451
f 436/436/436 437/437/437 452/452/452
f 437/437/437 453/453/453 452/452/452
f 437/437/437 438/438/438 453/453/453
f 438/438/438 454/454/454 453/453/453
f 438/438/438 439/439/439 454/454/454
f 439/439/439 455/455/455 454/454/454
f 439/439/439 440/440/440 455/455/455
f 440/440/440 456/456/456 455/455/455
f 440/440/440 425/425/425 456/456/456
f 425/425/425 441/441/441 456/456/456
f 441/441/441 442/442/442 457/457/457
f 442/442/442 458/458/458 457/457/457
f 442/442/442 443/443/443 458/458/458
f 443/443/443 459/459/459 458/458/458
f 443/443/443 444/444/444 459/459/459
f 444/444/444 460/460/460 459/459/459
f 444/444/444 445/445/445 460/460/460
f 445/445/445 461/461/461 460/460/460
f 445/445/445 446/446/446 461/461/461
f 446/446/446 462/462/462 461/461/461
f 446/446/446 447/447/447 462/462/462
f 447/447/447 463/463/463 462/462/462
f 447/447/447 448/448/448 463/463/463
f 448/448/448 464/464/464 463/463/463
f 448/448/448 449/449/449 464/464/464
f 449/449/449 465/465/465 464/464/464
f 449/449/449 450/450/450 465/465/465
f 450/450/450 466/466/466 465/465/465
f 450/450/450 451/451/451 466/466/466
f 451/451/451 467/467/467 466/466/466
f 451/451/451 452/452/452 467/467/467
f 452/452/452 468/468/468 467/467/467
f 452/452/452 453/453/453 468/468/468
f 453/453/453 469/469/469 468/468/468
f 453/453/453 454/454/454 469/469/469
f 454/454/454 470/470/470 469/469/469
f 454/454/454 455/455/455 470/470/470
f 455/455/455 471/471/471 470/470/470
f 455/455/455 456/456/456 471/471/471
f 456/456/456 472/472/472 471/471/471
f 456/456/456 441/441/441 472/472/472
f 441/441/441 457/457/457 472/472/472
f 457/457/457 458/458/458 473/473/473
f 458/458/458 474/474/474 473/473/473
f 458/458/458 459/459/459 474/474/474
f 459/459/459 475/475/475 474/474/474
f 459/459/459 460/460/460 475/475/475
f 460/460/460 476/476/476 475/475/475
f 460/460/460 461/461/461 476/476/476
f 461/461/461 477/477/477 476/476/476
f 461/461/461 462/462/462 477/477/477
f 462/462/462 478/478/478 477/477/477
f 462/462/462 463/463/463 478/478/478
f 463/463/463 479/479/479 478/478/478
f 463/463/463 464/464/464 479/479/479
f 464/464/464 480/480/480 479/479/479
f 464/464/464 465/465/465 480/480/480
f 465/465/465 481/481/481 480/480/480
f 465/465/465 466/466/466 481/481/481
f 466/466/466 482/482/482 481/481/481
f 466/466/466 467/467/467 482/482/482
f 467/467/467 483/483/483 482/482/482
f 467/467/467 468/468/468 483/483/483
f 468/468/468 484/484/484 483/483/483
f 468/468/468 469/469/469 484/484/484
f 469/469/469 485/485/485 484/484/484
f 469/469/469 470/470/470 485/485/485
f 470/470/470 486/486/486 485/485/485
f 470/470/470 471/471/471 486/486/486
f 471/471/471 487/487/487 486/486/486
f 471/471/471 472/472/472 487/487/487
f 472/472/472 488/488/488 487/487/487
f 472/472/472 457/457/457 488/488/488
f 457/457/457 473/473/473 488/488/488
f 473/473/473 474/474/474 489/489/489
f 474/474/474 490/490/490 489/489/489
f 474/474/474 475/475/475 490/490/490
f 475/475/475 491/491/491 490/490/490
f 475/475/475 476/476/476 491/491/491
f 476/476/476 492/492/492 491/491/491
f 476/476/476 477/477/477 492/492/492
f 477/477/477 493/493/493 492/492/492
f 477/477/477 478/478/478 493/493/493
f 478/478/478 494/494/494 493/493/493
f 478/478/478 479/479/479 494/494/494
f 479/479/479 495/495/495 494/494/494
f 479/479/479 480/480/480 495/495/495
f 480/480/480 496/496/496 495/495/495
f 480/480/480 481/481/481 496/496/496
f 481/481/481 497/497/497 496/496/496
f 481/481/481 482/482/482 497/497/497
f 482/482/482 498/498/498 497/497/497
f 482/482/482 483/483/483 498/498/498
f 483/483/483 499/499/499 498/498/498
f 483/483/483 484/484/484 499/499/499
f 484/484/484 500/500/500 499/499/499
f 484/484/484 485/485/485 500/500/500
f 485/485/485 501/501/501 500/500/500
f 485/485/485 486/486/486 501/501/501
f 486/486/486 502/502/502 501/501/501
f 486/486/486 487/487/487 502/502/502
f 487/487/487 503/503/503 502/502/502
f 487/487/487 488/488/488 503/503/503
f 488/488/488 504/504/504 503/503/503
f 488/488/488 473/473/473 504/504/504
f 473/473/473 489/489/489 504/504/504
f 489/489/489 490/490/490 505/505/505
f 490/490/490 506/506/506 505/505/505
f 490/490/490 491/491/491 506/506/506
f 491/491/491 507/507/507 506/506/506
f 491/491/491 492/492/492 507/507/507
f 492/492/492 508/508/508 507/507/507
f 492/492/492 493/493/493 508/508/508
f 493/493/493 509/509/509 508/508/508
f 493/493/493 494/494/494 509/509/509
f 494/494/494 510/510/510 509/509/509
f 494/494/494 495/495/495 510/510/510
f 495/495/495 511/511/511 510/510/510
f 495/495/495 496/496/496 511/511/511
f 496/496/496 512/512/512 511/511/511
f 496/496/496 497/497/497 512/512/512
f 497/497/497 513/513/513 512/512/512
f 497/497/497 498/498/498 513/513/513
f 498/498/498 514/514/514 513/513/513
f 498/498/498 499/499/499 514/514/514
f 499/499/499 515/515/515 514/514/514
f 499/499/499 500/500/500 515/515/515
f 500/500/500 516/516/516 515/515/515
f 500/500/500 501/501/501 516/516/516
f 501/501/501 517/517/517 516/516/516
f 501/501/501 502/502/502 517/517/517
f 502/502/502 518/518/518 517/517/517
f 502/502/502 503/503/503 518/518/518
f 503/503/503 519/519/519 518/518/518
f 503/503/503 504/504/504 519/519/519
f 504/504/504 520/520/520 519/519/519
f 504/504/504 489/489/489 520/520/520
f 489/489/489 505/505/505 520/520/520
f 505/505/505 506/506/506 521/521/521
f 506/506/506 522/522/522 521/521/521
f 506/506/506 507/507/507 522/522/522
f 507/507/507 523/523/523 522/522/522
f 507/507/507 508/508/508 523/523/523
f 508/508/508 524/524/524 523/523/523
f 508/508/508 509/509/509 524/524/524
f 509/509/509 525/525/525 524/524/524
f 509/509/509 510/510/510 525/525/525
f 510/510/510 526/526/526 525/525/525
f 510/510/510 511/511/511 526/526/526
f 511/511/511 527/527/527 526/526/526
f 511/511/511 512/512/512 527/527/527
f 512/512/512 528/528/528 527/527/527
f 512/512/512 513/513/513 528/528/528
f 513/513/513 529/529/529 528/528/528
f 513/513/513 514/514/514 529/529/529
f 514/514/514 530/530/530 529/529/529
f 514/514/514 515/515/515 530/530/530
f 515/515/515 531/531/531 530/530/530
f 515/515/515 516/516/516 531/531/531
f 516/516/516 532/532/532 531/531/531
f 516/516/516 517/517/517 532/532/532
f 517/517/517 533/533/533 532/532/532
f 517/517/517 518/518/518 533/533/533
f 518/518/518 534/534/534 533/533/533
f 518/518/518 519/519/519 534/534/534
f 519/519/519 535/535/535 534/534/534
f 519/519/519 520/520/520 535/535/535
f 520/520/520 536/536/536 535/535/535
f 520/520/520 505/505/505 536/536/536
f 505/505/505 521/521/521 536/536/536
f 521/521/521 522/522/522 537/537/537
f 522/522/522 538/538/538 537/537/537
f 522/522/522 523/523/523 538/538/538
f 523/523/523 539/539/539 538/538/538
f 523/523/523 524/524/524 539/539/539
f 524/524/524 540/540/540 539/539/539
f 524/524/524 525/525/525 540/540/540
f 525/525/525 541/541/541 540/540/540
f 525/525/525 526/526/526 541/541/541
f 526/526/526 542/542/542 541/541/541
f 526/526/526 527/527/527 542/542/542
f 527/527/527 543/543/543 542/542/542
f 527/527/527 528/528/528 543/543/543
f 528/528/528 544/544/544 543/543/543
f 528/528/528 529/529/529 544/544/544
f 529/529/529 545/545/545 544/544/544
f 529/529/529 530/530/530 545/545/545
f 530/530/530 546/546/546 545/545/545
f 530/530/530 531/531/531 546/546/546
f 531/531/531 547/547/547 546/546/546
f 531/531/531 532/532/532 547/547/547
f 532/532/532 548/548/548 547/547/547
f 532/532/532 533/533/533 548/548/548
f 533/533/533 549/549/549 548/548/548
f 533/533/533 534/534/534 549/549/549
f 534/534/534 550/550/550 549/549/549
f 534/534/534 535/535/535 550/550/550
f 535/535/535 551/551/551 550/550/550
f 535/535/535 536/536/536 551/551/551
f 536/536/536 552/552/552 551/551/551
f 536/536/536 521/521/521 552/552/552
f 521/521/521 537/537/537 552/552/552
f 537/537/537 538/538/538 553/553/553
f 538/538/538 554/554/554 553/553/553
f 538/538/538 539/539/539 554/554/554
f 539/539/539 555/555/555 554/554/554
f 539/539/539 540/540/540 555/555/555
f 540/540/540 556/556/556 555/555/555
f 540/540/540 541/541/541 556/556/556
f 541/541/541 557/557/557 556/556/556
f 541/541/541 542/542/542 557/557/557
f 542/542/542 558/558/558 557/557/557
f 542/542/542 543/543/543 558/558/558
f 543/543/543 559/559/559 558/558/558
f 543/543/543 544/544/544 559/559/559
f 544/544/544 560/560/560 559/559/559
f 544/544/544 545/545/545 560/560/560
f 545/545/545 561/561/561 560/560/560
f 545/545/545 546/546/546 561/561/561
f 546/546/546 562/562/562 561/561/561
f 546/546/546 547/547/547 562/562/562
f 547/547/547 563/563/563 562/562/562
f 547/547/547 548/548/548 563/563/563
f 548/548/548 564/564/564 563/563/563
f 548/548/548 549/549/549 564/564/564
f 549/549/549 565/565/565 564/564/564
f 549/549/549 550/550/550 565/565/565
f 550/550/550 566/566/566 565/565/565
f 550/550/550 551/551/551 566/566/566
f 551/551/551 567/567/567 566/566/566
f 551/551/551 552/552/552 567/567/567
f 552/552/552 568/568/568 567/567/567
f 552/552/552 537/537/537 568/568/568
f 537/537/537 553/553/553 568/568/568
f 553/553/553 554/554/554 569/569/569
f 554/554/554 570/570/570 569/569/569
f 554/554/554 555/555/555 570/570/570
f 555/555/555 571/571/571 570/570/570
f 555/555/555 556/556/556 571/571/571
f 556/556/556 572/572/572 571/571/571
f 556/556/556 557/557/557 572/572/572
f 557/557/557 573/573/573 572/572/572
f 557/557/557 558/558/558 573/573/573
f 558/558/558 574/574/574 573/573/573
f 558/558/558 559/559/559 574/574/574
f 559/559/559 575/575/575 574/574/574
f 559/559/559 560/560/560 575/575/575
f 560/560/560 576/576/576 575/575/575
f 560/560/560 561/561/561 576/576/576
f 561/561/561 577/577/577 576/576/576
f 561/561/561 562/562/562 577/577/577
f 562/562/562 578/578/578 577/577/577
f 562/562/562 563/563/563 578/578/578
f 563/563/563 579/579/579 578/578/578
f 563/563/563 564/564/564 579/579/579
f 564/564/564 580/580/580 579/579/579
f 564/564/564 565/565/565 580/580/580
f 565/565/565 581/581/581 580/580/580
f 565/565/565 566/566/566 581/581/581
f 566/566/566 582/582/582 581/581/581
f 566/566/566 567/567/567 582/582/582
f 567/567/567 583/583/583 582/582/582
f 567/567/567 568/568/568 583/583/583
f 568/568/568 584/584/584 583/583/583
f 568/568/568 553/553/553 584/584/584
f 553/553/553 569/569/569 584/584/584
f 569/569/569 570/570/570 585/585/585
f 570/570/570 586/586/586 585/585/585
f 570/570/570 571/571/571 586/586/586
f 571/571/571 587/587/587 586/586/586
f 571/571/571 572/572/572 587/587/587
f 572/572/572 588/588/588 587/587/587
f 572/572/572 573/573/573 588/588/588
f 573/573/573 589/589/589 588/588/588
f 573/573/573 574/574/574 589/589/589
f 574/574/574 590/590/590 589/589/589
f 574/574/574 575/575/575 590/590/590
f 575/575/575 591/591/591 590/590/590
f 575/575/575 576/576/576 591/591/591
f 576/576/576 592/592/592 591/591/591
f 576/576/576 577/577/577 592/592/592
f 577/577/577 593/593/593 592/592/592
f 577/577/577 578/578/578 593/593/593
f 578/578/578 594/594/594 593/593/593
f 578/578/578 579/579/579 594/594/594
f 579/579/579 595/595/595 594/594/594
f 579/579/579 580/580/580 595/595/595
f 580/580/580 596/596/596 595/595/595
f 580/580/580 581/581/581 596/596/596
f 581/581/581 597/597/597 596/596/596
f 581/581/581 582/582/582 597/597/597
f 582/582/582 598/598/598 597/597/597
f 582/582/582 583/583/583 598/598/598
f 583/583/583 599/599/599 598/598/598
f 583/583/583 584/584/584 599/599/599
f 584/584/584 600/600/600 599/599/599
f 584/584/584 569/569/569 600/600/600
f 569/569/569 585/585/585 600/600/600
f 585/585/585 586/586/586 601/601/601
f 586/586/586 602/602/602 601/601/601
f 586/586/586 587/587/587 602/602/602
f 587/587/587 603/603/603 602/602/602
f 587/587/587 588/588/588 603/603/603
f 588/588/588 604/604/604 603/603/603
f 588/588/588 589/589/589 604/604/604
f 589/589/589 605/605/605 604/604/604
f 589/589/589 590/590/590 605/605/605
f 590/590/590 606/606/606 605/605/605
f 590/590/590 591/591/591 606/606/606
f 591/591/591 607/607/607 606/606/606
f 591/591/591 592/592/592 607/607/607
f 592/592/592 608/608/608 607/607/607
f 592/592/592 593/593/593 608/608/608
f 593/593/593 609/609/609 608/608/608
f 593/593/593 594/594/594 609/609/609
f 594/594/594 610/610/610 609/609/609
f 594/594/594 595/595/595 610/610/610
f 595/595/595 611/611/611 610/610/610
f 595/595/595 596/596/596 611/611/611
f 596/596/596 612/612/612 611/611/611
f 596/596/596 597/597/597 612/612/612
f 597/597/597 613/613/613 612/612/612
f 597/597/597 598/598/598 613/613/613
f 598/598/598 614/614/614 613/613/613
f 598/598/598 599/599/599 614/614/614
f 599/599/599 615/615/615 614/614/614
f 599/599/599 600/600/600 615/615/615
f 600/600/600 616/616/616 615/615/615
f 600/600/600 585/585/585 616/616/616
f 585/585/585 601/601/601 616/616/616
f 601/601/601 602/602/602 617/617/617
f 602/602/602 618/618/618 617/617/617
f 602/602/602 603/603/603 618/618/618
f 603/603/603 619/619/619 618/618/618
f 603/603/603 604/604/604 619/619/619
f 604/604/604 620/620/620 619/619/619
f 604/604/604 605/605/605 620/620/620
f 605/605/605 621/621/621 620/620/620
f 605/605/605 606/606/606 621/621/621
f 606/606/606 622/622/622 621/621/621
f 606/606/606 607/607/607 622/622/622
f 607/607/607 623/623/623 622/622/622
f 607/607/607 608/608/608 623/623/623
f 608/608/608 624/624/624 623/623/623
f 608/608/608 609/609/609 624/624/624
f 609/609/609 625/625/625 624/624/624
f 609/609/609 610/610/610 625/625/625
f 610/610/610 626/626/626 625/625/625
f 610/610/610 611/611/611 626/626/626
f 611/611/611 627/627/627 626/626/626
f 611/611/611 612/612/612 627/627/627
f 612/612/612 628/628/628 627/627/627
f 612/612/612 613/613/613 628/628/628
f 613/613/613 629/629/629 628/628/628
f 613/613/613 614/614/614 629/629/629
f 614/614/614 630/630/630 629/629/629
f 614/614/614 615/615/615 630/630/630
f 615/615/615 631/631/631 630/630/630
f 615/615/615 616/616/616 631/631/631
f 616/616/616 632/632/632 631/631/631
f 616/616/616 601/601/601 632/632/632
f 601/601/601 617/617/617 632/632/632
f 617/617/617 618/618/618 633/633/633
f 618/618/618 634/634/634 633/633/633
f 618/618/618 619/619/619 634/634/634
f 619/619/619 635/635/635 634/634/634
f 619/619/619 620/620/620 635/635/635
f 620/620/620 636/636/636 635/635/635
f 620/620/620 621/621/621 636/636/636
f 621/621/621 637/637/637 636/636/636
f 621/621/621 622/622/622 637/637/637
f 622/622/622 638/638/638 637/637/637
f 622/622/622 623/623/623 638/638/638
f 623/623/623 639/639/639 638/638/638
f 623/623/623 624/624/624 639/639/639
f 624/624/624 640/640/640 639/639/639
f 624/624/624 625/625/625 640/640/640
f 625/625/625 641/641/641 640/640/640
f 625/625/625 626/626/626 641/641/641
f 626/626/626 642/642/642 641/641/641
f 626/626/626 627/627/627 642/642/642
f 627/627/627 643/643/643 642/642/642
f 627/627/627 628/628/628 643/643/643
f 628/628/628 644/644/644 643/643/643
f 628/628/628 629/629/629 644/644/644
f 629/629/629 645/645/645 644/644/644
f 629/629/629 630/630/630 645/645/645
f 630/630/630 646/646/646 645/645/645
f 630/630/630 631/631/631 646/646/646
f 631/631/631 647/647/647 646/646/646
f 631/631/631 632/632/632 647/647/647
f 632/632/632 648/648/648 647/647/647
f 632/632/632 617/617/617 648/648/648
f 617/617/617 633/633/633 648/648/648
f 633/633/633 634/634/634 649/649/649
f 634/634/634 650/650/650 649/649/649
f 634/634/634 635/635/635 650/650/650
f 635/635/635 651/651/651 650/650/650
f 635/635/635 636/636/636 651/651/651
f 636/636/636 652/652/652 651/651/651
f 636/636/636 637/637/637 652/652/652
f 637/637/637 653/653/653 652/652/652
f 637/637/637 638/638/638 653/653/653
f 638/638/638 654/654/654 653/653/653
f 638/638/638 639/639/639 654/654/654
f 639/639/639 655/655/655 654/654/654
f 639/639/639 640/640/640 655/655/655
f 640/640/640 656/656/656 655/655/655
f 640/640/640 641/641/641 656/656/656
f 641/641/641 657/657/657 656/656/656
f 641/641/641 642/642/642 657/657/657
f 642/642/642 658/658/658 657/657/657
f 642/642/642 643/643/643 658/658/658
f 643/643/643 659/659/659 658/658/658
f 643/643/643 644/644/644 659/659/659
f 644/644/644 660/660/660 659/659/659
f 644/644/644 645/645/645 660/660/660
f 645/645/645 661/661/661 660/660/660
f 645/645/645 646/646/646 661/661/661
f 646/646/646 662/662/662 661/661/661
f 646/646/646 647/647/647 662/662/662
f 647/647/647 663/663/663 662/662/662
f 647/647/647 648/648/648 663/663/663
f 648/648/648 664/664/664 663/663/663
f 648/648/648 633/633/633 664/664/664
f 633/633/633 649/649/649 664/664/664
f 649/649/649 650/650/650 665/665/665
f 650/650/650 666/666/666 665/665/665
f 650/650/650 651/651/651 666/666/666
f 651/651/651 667/667/667 666/666/666
f 651/651/651 652/652/652 667/667/667
f 652/652/652 668/668/668 667/667/667
f 652/652/652 653/653/653 668/668/668
f 653/653/653 669/669/669 668/668/668
f 653/653/653 654/654/654 669/669/669
f 654/654/654 670/670/670 669/669/669
f 654/654/654 655/655/655 670/670/670
f 655/655/655 671/671/671 670/670/670
f 655/655/655 656/656/656 671/671/671
f 656/656/656 672/672/672 671/671/671
f 656/656/656 657/657/657 672/672/672
f 657/657/657 673/673/673 672/672/672
f 657/657/657 658/658/658 673/673/673
f 658/658/658 674/674/674 673/673/673
f 658/658/658 659/659/659 674/674/674
f 659/659/659 675/675/675 674/674/674
f 659/659/659 660/660/660 675/675/675
f 660/660/660 676/676/676 675/675/675
f 660/660/660 661/661/661 676/676/676
f 661/661/661 677/677/677 676/676/676
f 661/661/661 662/662/662 677/677/677
f 662/662/662 678/678/678 677/677/677
f 662/662/662 663/663/663 678/678/678
f 663/663/663 679/679/679 678/678/678
f 663/663/663 664/664/664 679/679/679
f 664/664/664 680/680/680 679/679/679
f 664/664/664 649/649/649 680/680/680
f 649/649/649 665/665/665 680/680/680
f 665/665/665 666/666/666 681/681/681
f 666/666/666 682/682/682 681/681/681
f 666/666/666 667/667/667 682/682/682
f 667/667/667 683/683/683 682/682/682
f 667/667/667 668/668/668 683/683/683
f 668/668/668 684/684/684 683/683/683
f 668/668/668 669/669/669 684/684/684
f 669/669/669 685/685/685 684/684/684
f 669/669/669 670/670/670 685/685/685
f 670/670/670 686/686/686 685/685/685
f 670/670/670 671/671/671 686/686/686
f 671/671/671 687/687/687 686/686/686
f 671/671/671 672/672/672 687/687/687
f 672/672/672 688/688/688 687/687/687
f 672/672/672 673/673/673 688/688/688
f 673/673/673 689/689/689 688/688/688
f 673/673/673 674/674/674 689/689/689
f 674/674/674 690/690/690 689/689/689
f 674/674/674 675/675/675 690/690/690
f 675/675/675 691/691/691 690/690/690
f 675/675/675 676/676/676 691/691/691
f 676/676/676 692/692/692 691/691/691
f 676/676/676 677/677/677 692/692/692
f 677/677/677 693/693/693 692/692/692
f 677/677/677 678/678/678 693/693/693
f 678/678/678 694/694/694 693/693/693
f 678/678/678 679/679/679 694/694/694
f 679/679/679 695/695/695 694/694/694
f 679/679/679 680/680/680 695/695/695
f 680/680/680 696/696/696 695/695/695
f 680/680/680 665/665/665 696/696/696
f 665/665/665 681/681/681 696/696/696
f 681/681/681 682/682/682 697/697/697
f 682/682/682 698/698/698 697/697/697
f 682/682/682 683/683/683 698/698/698
f 683/683/683 699/699/699 698/698/698
f 683/683/683 684/684/684 699/699/699
f 684/684/684 700/700/700 699/699/699
f 684/684/684 685/685/685 700/700/700
f 685/685/685 701/701/701 700/700/700
f 685/685/685 686/686/686 701/701/701
f 686/686/686 702/702/702 701/701/701
f 686/686/686 687/687/687 702/702/702
f 687/687/687 703/703/703 702/702/702
f 687/687/687 688/688/688 703/703/703
f 688/688/688 704/704/704 703/703/703
f 688/688/688 689/689/689 704/704/704
f 689/689/689 705/705/705 704/704/704
f 689/689/689 690/690/690 705/705/705
f 690/690/690 706/706/706 705/705/705
f 690/690/690 691/691/691 706/706/706
f 691/691/691 707/707/707 706/706/706
f 691/691/691 692/692/692 707/707/707
f 692/692/692 708/708/708 707/707/707
f 692/692/692 693/693/693 708/708/708
f 693/693/693 709/709/709 708/708/708
f 693/693/693 694/694/694 709/709/709
f 694/694/694 710/710/710 709/709/709
f 694/694/694 695/695/695 710/710/710
f 695/695/695 711/711/711 710/710/710
f 695/695/695 696/696/696 711/711/711
f 696/696/696 712/712/712 711/711/711
f 696/696/696 681/681/681 712/712/712
f 681/681/681 697/697/697 712/712/712
f 697/697/697 698/698/698 713/713/713
f 698/698/698 714/714/714 713/713/713
f 698/698/698 699/699/699 714/714/714
f 699/699/699 715/715/715 714/714/714
f 699/699/699 700/700/700 715/715/715
f 700/700/700 716/716/716 715/715/715
f 700/700/700 701/701/701 716/716/716
f 701/701/701 717/717/717 716/716/716
f 701/701/701 702/702/702 717/717/717
f 702/702/702 718/718/718 717/717/717
f 702/702/702 703/703/703 718/718/718
f 703/703/703 719/719/719 718/718/718
f 703/703/703 704/704/704 719/719/719
f 704/704/704 720/720/720 719/719/719
f 704/704/704 705/705/705 720/720/720
f 705/705/705 721/721/721 720/720/720
f 705/705/705 706/706/706 721/721/721
f 706/706/706 722/722/722 721/721/721
f 706/706/706 707/707/707 722/722/722
f 707/707/707 723/723/723 722/722/722
f 707/707/707 708/708/708 723/723/723
f 708/708/708 724/724/724 723/723/723
f 708/708/708 709/709/709 724/724/724
f 709/709/709 725/725/725 724/724/724
f 709/709/709 710/710/710 725/725/725
f 710/710/710 726/726/726 725/725/725
f 710/710/710 711/711/711 726/726/726
f 711/711/711 727/727/727 726/726/726
f 711/711/711 712/712/712 727/727/727
f 712/712/712 728/728/728 727/727/727
f 712/712/712 697/697/697 728/728/728
f 697/697/697 713/713/713 728/728/728
f 713/713/713 714/714/714 729/729/729
f 714/714/714 730/730/730 729/729/729
f 714/714/714 715/715/715 730/730/730
f 715/715/715 731/731/731 730/730/730
f 715/715/715 716/716/716 731/731/731
f 716/716/716 732/732/732 731/731/731
f 716/716/716 717/717/717 732/732/732
f 717/717/717 733/733/733 732/732/732
f 717/717/717 718/718/718 733/733/733
f 718/718/718 734/734/734 733/733/733
f 718/718/718 719/719/719 734/734/734
f 719/719/719 735/735/735 734/734/734
f 719/719/719 720/720/720 735/735/735
f 720/720/720 736/736/736 735/735/735
f 720/720/720 721/721/721 736/736/736
f 721/721/721 737/737/737 736/736/736
f 721/721/721 722/722/722 737/737/737
f 722/722/722 738/738/738 737/737/737
f 722/722/722 723/723/723 738/738/738
f 723/723/723 739/739/739 738/738/738
f 723/723/723 724/724/724 739/739/739
f 724/724/724 740/740/740 739/739/739
f 724/724/724 725/725/725 740/740/740
f 725/725/725 741/741/741 740/740/740
f 725/725/725 726/726/726 741/741/741
f 726/726/726 742/742/742 741/741/741
f 726/726/726 727/727/727 742/742/742
f 727/727/727 743/743/743 742/742/742
f 727/727/727 728/728/728 743/743/743
f 728/728/728 744/744/744 743/743/743
f 728/728/728 713/713/713 744/744/744
f 713/713/713 729/729/729 744/744/744
f 729/729/729 730/730/730 745/745/745
f 730/730/730 746/746/746 745/745/745
f 730/730/730 731/731/731 746/746/746
f 731/731/731 747/747/747 746/746/746
f 731/731/731 732/732/732 747/747/747
f 732/732/732 748/748/748 747/747/747
f 732/732/732 733/733/733 748/748/748
f 733/733/733 749/749/749 748/748/748
f 733/733/733 734/734/734 749/749/749
f 734/734/734 750/750/750 749/749/749
f 734/734/734 735/735/735 750/750/750
f 735/735/735 751/751/751 750/750/750
f 735/735/735 736/736/736 751/751/751
f 736/736/736 752/752/752 751/751/751
f 736/736/736 737/737/737 752/752/752
f 737/737/737 753/753/753 752/752/752
f 737/737/737 738/738/738 753/753/753
f 738/738/738 754/754/754 753/753/753
f 738/738/738 739/739/739 754/754/754
f 739/739/739 755/755/755 754/754/754
f 739/739/739 740/740/740 755/755/755
f 740/740/740 756/756/756 755/755/755
f 740/740/740 741/741/741 756/756/756
f 741/741/741 757/757/757 756/756/756
f 741/741/741 742/742/742 757/757/757
f 742/742/742 758/758/758 757/757/757
f 742/742/742 743/743/743 758/758/758
f 743/743/743 759/759/759 758/758/758
f 743/743/743 744/744/744 759/759/759
f 744/744/744 760/760/760 759/759/759
f 744/744/744 729/729/729 760/760/760
f 729/729/729 745/745/745 760/760/760
f 745/745/745 746/746/746 761/761/761
f 746/746/746 762/762/762 761/761/761
f 746/746/746 747/747/747 762/762/762
f 747/747/747 763/763/763 762/762/762
f 747/747/747 748/748/748 763/763/763
f 748/748/748 764/764/764 763/763/763
f 748/748/748 749/749/749 764/764/764
f 749/749/749 765/765/765 764/764/764
f 749/749/749 750/750/750 765/765/765
f 750/750/750 766/766/766 765/765/765
f 750/750/750 751/751/751 766/766/766
f 751/751/751 767/767/767 766/766/766
f 751/751/751 752/752/752 767/767/767
f 752/752/752 768/768/768 767/767/767
f 752/752/752 753/753/753 768/768/768
f 753/753/753 769/769/769 768/768/768
f 753/753/753 754/754/754 769/769/769
f 754/754/754 770/770/770 769/769/769
f 754/754/754 755/755/755 770/770/770
f 755/755/755 771/771/771 770/770/770
f 755/755/755 756/756/756 771/771/771
f 756/756/756 772/772/772 771/771/771
f 756/756/756 757/757/757 772/772/772
f 757/757/757 773/773/773 772/772/772
f 757/757/757 758/758/758 773/773/773
f 758/758/758 774/774/774 773/773/773
f 758/758/758 759/759/759 774/774/774
f 759/759/759 775/775/775 774/774/774
f 759/759/759 760/760/760 775/775/775
f 760/760/760 776/776/776 775/775/775
f 760/760/760 745/745/745 776/776/776
f 745/745/745 761/761/761 776/776/776
f 761/761/761 762/762/762 777/777/777
f 762/762/762 778/778/778 777/777/777
f 762/762/762 763/763/763 778/778/778
f 763/763/763 779/779/779 778/778/778
f 763/763/763 764/764/764 779/779/779
f 764/764/764 780/780/780 779/779/779
f 764/764/764 765/765/765 780/780/780
f 765/765/765 781/781/781 780/780/780
f 765/765/765 766/766/766 781/781/781
f 766/766/766 782/782/782 781/781/781
f 766/766/766 767/767/767 782/782/782
f 767/767/767 783/783/783 782/782/782
f 767/767/767 768/768/768 783/783/783
f 768/768/768 784/784/784 783/783/783
f 768/768/768 769/769/769 784/784/784
f 769/769/769 785/785/785 784/784/784
f 769/769/769 770/770/770 785/785/785
f 770/770/770 786/786/786 785/785/785
f 770/770/770 771/771/771 786/786/786
f 771/771/771 787/787/787 786/786/786
f 771/771/771 772/772/772 787/787/787
f 772/772/772 788/788/788 787/787/787
f 772/772/772 773/773/773 788/788/788
f 773/773/773 789/789/789 788/788/788
f 773/773/773 774/774/774 789/789/789
f 774/774/774 790/790/790 789/789/789
f 774/774/774 775/775/775 790/790/790
f 775/775/775 791/791/791 790/790/790
f 775/775/775 776/776/776 791/791/791
f 776/776/776 792/792/792 791/791/791
f 776/776/776 761/761/761 792/792/792
f 761/761/761 777/777/777 792/792/792
f 777/777/777 778/778/778 409/409/409
f 778/778/778 410/410/410 409/409/409
f 778/778/778 779/779/779 410/410/410
f 779/779/779 411/411/411 410/410/410
f 779/779/779 780/780/780 411/411/411
f 780/780/780 412/412/412 411/411/411
f 780/780/780 781/781/781 412/412/412
f 781/781/781 413/413/413 412/412/412
f 781/781/781 782/782/782 413/413/413
f 782/782/782 414/414/414 413/413/413
f 782/782/782 783/783/783 414/414/414
f 783/783/783 415/415/415 414/414/414
f 783/783/783 784/784/784 415/415/415
f 784/784/784 416/416/416 415/415/415
f 784/784/784 785/785/785 416/416/416
f 785/785/785 417/417/417 416/416/416
f 785/785/785 786/786/786 417/417/417
f 786/786/786 418/418/418 417/417/417
f 786/786/786 787/787/787 418/418/418
f 787/787/787 419/419/419 418/418/418
f 787/787/787 788/788/788 419/419/419
f 788/788/788 420/420/420 419/419/419
f 788/788/788 789/789/789 420/420/420
f 789/789/789 421/421/421 420/420/420
f 789/789/789 790/790/790 421/421/421
f 790/790/790 422/422/422 421/421/421
f 790/790/790 791/791/791 422/422/422
f 791/791/791 423/423/423 422/422/422
f 791/791/791 792/792/792 423/423/423
f 792/792/792 424/424/424 423/423/423
f 792/792/792 777/777/777 424/424/424
f 777/777/777 409/409/409 424/424/424
