# Poly-Spinor Nexus 7D Avatar
# Vault: vault_00033
# Avatar ID: e11a8152908c0826
# Type: hybrid_form
# Rarity: primordial (100.0)
# Generated: 2026-01-07T02:40:12.464284

v 1.073848 -0.2092 -0.96074
v 1.073848 -0.2092 -0.96074
v 1.073848 -0.2092 -0.96074
v 1.073848 -0.2092 -0.96074
v 1.073848 -0.2092 -0.96074
v 1.073848 -0.2092 -0.96074
v 1.073848 -0.2092 -0.96074
v 1.073848 -0.2092 -0.96074
v 1.073848 -0.2092 -0.96074
v 1.073848 -0.2092 -0.96074
v 1.073848 -0.2092 -0.96074
v 1.073848 -0.2092 -0.96074
v 1.073848 -0.2092 -0.96074
v 1.073848 -0.2092 -0.96074
v 1.073848 -0.2092 -0.96074
v 1.073848 -0.2092 -0.96074
v 1.073848 -0.2092 -0.96074
v 1.073848 -0.2092 -0.96074
v 1.073848 -0.2092 -0.96074
v 1.073848 -0.2092 -0.96074
v 1.073848 -0.2092 -0.96074
v 1.073848 -0.2092 -0.96074
v 1.073848 -0.2092 -0.96074
v 1.073848 -0.2092 -0.96074
v 1.626732 -0.418434 -0.992577
v 1.469274 -0.458348 -0.943792
v 1.145717 -0.415403 -0.793112
v 0.835779 -0.339368 -0.634412
v 0.69435 -0.304782 -0.583936
v 0.763283 -0.349234 -0.713295
v 0.961182 -0.440515 -0.993904
v 1.145394 -0.502422 -1.296206
v 1.198147 -0.476756 -1.458919
v 1.085969 -0.367372 -1.392034
v 0.868679 -0.230292 -1.143072
v 0.663999 -0.1236 -0.873399
v 0.58875 -0.064794 -0.754225
v 0.700155 -0.031147 -0.853118
v 0.960712 0.005042 -1.091448
v 1.247497 0.045667 -1.301428
v 1.411894 0.06981 -1.339022
v 1.366045 0.0618 -1.172436
v 1.145247 0.030154 -0.890656
v 0.898218 -0.004194 -0.637606
v 0.799413 -0.036126 -0.525002
v 0.934559 -0.086782 -0.579004
v 1.237749 -0.180068 -0.741488
v 1.528398 -0.307165 -0.910628
v 1.8005 -0.555536 -0.677363
v 1.582829 -0.653257 -0.67321
v 1.173556 -0.605642 -0.595004
v 0.795345 -0.489029 -0.497105
v 0.616636 -0.433526 -0.482765
v 0.658158 -0.507698 -0.646377
v 0.811577 -0.6549 -0.988872
v 0.933799 -0.741578 -1.379417
v 0.936046 -0.673173 -1.617974
v 0.814717 -0.470948 -1.571449
v 0.630127 -0.242534 -1.281477
v 0.47028 -0.080724 -0.949347
v 0.421402 0.010166 -0.797598
v 0.538699 0.094227 -0.910968
v 0.810656 0.21909 -1.180213
v 1.138405 0.356747 -1.389882
v 1.367173 0.42925 -1.376142
v 1.375966 0.389075 -1.131392
v 1.172635 0.268349 -0.786344
v 0.9135 0.145231 -0.503148
v 0.810879 0.063166 -0.373809
v 0.982268 -0.011052 -0.392254
v 1.354085 -0.144017 -0.49374
v 1.701307 -0.3503 -0.606752
v 1.456216 -0.516551 -0.241309
v 1.336559 -0.677653 -0.296991
v 1.156296 -0.772606 -0.374031
v 0.971395 -0.814224 -0.467869
v 0.822164 -0.833999 -0.587381
v 0.714756 -0.849148 -0.747118
v 0.630785 -0.844119 -0.945839
v 0.551339 -0.784507 -1.151387
v 0.473198 -0.650322 -1.310929
v 0.407268 -0.457089 -1.383714
v 0.36736 -0.245456 -1.370634
v 0.363288 -0.050396 -1.313891
v 0.402395 0.119976 -1.264296
v 0.491281 0.276891 -1.242096
v 0.629447 0.424719 -1.223622
v 0.798879 0.544287 -1.164048
v 0.963456 0.603303 -1.035928
v 1.086289 0.583398 -0.851317
v 1.154959 0.496232 -0.651814
v 1.192432 0.372305 -0.479175
v 1.239802 0.233932 -0.353115
v 1.321078 0.079941 -0.271721
v 1.418383 -0.102431 -0.227018
v 1.479898 -0.311124 -0.216588
v 0.950846 -0.380103 0.037624
v 0.98021 -0.590572 -0.016215
v 1.094601 -0.90988 -0.138684
v 1.12473 -1.235097 -0.35405
v 0.980732 -1.393499 -0.612997
v 0.707532 -1.29187 -0.808001
v 0.425752 -1.000898 -0.866457
v 0.228222 -0.692903 -0.83445
v 0.128225 -0.492047 -0.857468
v 0.090249 -0.379343 -1.056945
v 0.090476 -0.238945 -1.40712
v 0.136179 0.006595 -1.729358
v 0.23166 0.308854 -1.820942
v 0.344247 0.53864 -1.612647
v 0.424049 0.614026 -1.220008
v 0.465285 0.579653 -0.846576
v 0.538488 0.557027 -0.627339
v 0.740532 0.617109 -0.547081
v 1.092899 0.705045 -0.492235
v 1.484051 0.693746 -0.372428
v 1.726 0.512207 -0.194954
v 1.693181 0.218475 -0.035188
v 1.428174 -0.056909 0.048427
v 1.117482 -0.239555 0.060786
v 0.764262 -0.341817 0.195729
v 0.825541 -0.583825 0.172534
v 0.990841 -1.012187 0.101993
v 1.029107 -1.473818 -0.103293
v 0.838124 -1.700192 -0.411854
v 0.506233 -1.544972 -0.672231
v 0.204357 -1.119213 -0.753779
v 0.029548 -0.692146 -0.693585
v -0.050185 -0.452649 -0.69047
v -0.1165 -0.360235 -0.9291
v -0.189886 -0.223251 -1.38953
v -0.209844 0.082396 -1.826969
v -0.119313 0.475694 -1.955805
v 0.050928 0.749208 -1.680694
v 0.202355 0.779737 -1.16951
v 0.280484 0.654881 -0.70642
v 0.356002 0.586001 -0.462627
v 0.571837 0.694529 -0.389398
v 0.988839 0.886763 -0.313739
v 1.479446 0.943603 -0.126327
v 1.790699 0.735612 0.122475
v 1.741548 0.347945 0.296337
v 1.383081 -0.009199 0.322012
v 0.970847 -0.212267 0.25404
v 0.985078 -0.494203 0.496736
v 0.915538 -0.76225 0.438571
v 0.849003 -1.075597 0.33875
v 0.709188 -1.361995 0.151153
v 0.476907 -1.501965 -0.116801
v 0.20664 -1.430382 -0.395668
v -0.024891 -1.194518 -0.612132
v -0.18322 -0.911771 -0.756986
v -0.291062 -0.667862 -0.891829
v -0.384819 -0.453615 -1.082081
v -0.46295 -0.198978 -1.318541
v -0.4816 0.133724 -1.505517
v -0.40088 0.492907 -1.532311
v -0.230966 0.774614 -1.364929
v -0.027115 0.915482 -1.074068
v 0.163162 0.947611 -0.774702
v 0.345384 0.959576 -0.534827
v 0.565335 1.00234 -0.337098
v 0.846778 1.034403 -0.123187
v 1.14202 0.961453 0.129015
v 1.350237 0.731202 0.373076
v 1.393934 0.38895 0.535248
v 1.284838 0.038864 0.583223
v 1.116113 -0.249366 0.55108
v 1.244492 -0.709785 1.017025
v 1.006017 -1.005491 0.843584
v 0.674538 -1.097672 0.562489
v 0.378296 -1.054803 0.291372
v 0.16283 -1.03018 0.073897
v -0.024579 -1.109627 -0.146996
v -0.253182 -1.223918 -0.446962
v -0.517298 -1.212786 -0.813932
v -0.728384 -0.978258 -1.129657
v -0.796793 -0.5776 -1.264643
v -0.718223 -0.167059 -1.196882
v -0.576317 0.144262 -1.036723
v -0.459171 0.383388 -0.929134
v -0.375392 0.658042 -0.924018
v -0.255544 1.016046 -0.937351
v -0.037074 1.365056 -0.838494
v 0.255544 1.537715 -0.577743
v 0.520498 1.440931 -0.231801
v 0.672177 1.142292 0.0721
v 0.725283 0.807823 0.273625
v 0.781672 0.552244 0.421025
v 0.927233 0.348868 0.599287
v 1.137218 0.085433 0.82202
v 1.284094 -0.294429 0.999565
v 1.156009 -0.772421 1.460299
v 0.864026 -1.08528 1.202066
v 0.474152 -1.077564 0.764612
v 0.174794 -0.880745 0.387153
v 0.00082 -0.777962 0.170317
v -0.172887 -0.928058 0.008843
v -0.471744 -1.206284 -0.264616
v -0.86149 -1.320092 -0.675465
v -1.154049 -1.086778 -1.053271
v -1.178085 -0.600593 -1.186002
v -0.945896 -0.128719 -1.029227
v -0.649036 0.154047 -0.758991
v -0.48372 0.323212 -0.611047
v -0.475639 0.597437 -0.661727
v -0.474152 1.077564 -0.764612
v -0.317523 1.599926 -0.703287
v -0.00196 1.859198 -0.407029
v 0.314059 1.685873 -0.016063
v 0.471744 1.206284 0.264616
v 0.474243 0.726699 0.371837
v 0.4829 0.454751 0.44073
v 0.648526 0.330621 0.652884
v 0.945896 0.128719 1.029227
v 1.179013 -0.279835 1.378752
v 0.730057 -0.609567 1.477275
v 0.519536 -0.910718 1.278824
v 0.255544 -1.016046 0.937351
v 0.026788 -0.986325 0.605856
v -0.160724 -0.967148 0.363372
v -0.376087 -1.041149 0.167489
v -0.672177 -1.142292 -0.0721
v -1.003779 -1.118013 -0.378691
v -1.242818 -0.878039 -0.669407
v -1.283274 -0.482827 -0.829403
v -1.137218 -0.085433 -0.82202
v -0.927825 0.212741 -0.722239
v -0.782725 0.44642 -0.639659
v -0.726901 0.72652 -0.609534
v -0.674538 1.097672 -0.562489
v -0.523555 1.459829 -0.403254
v -0.258891 1.637934 -0.117493
v 0.034016 1.535704 0.203439
v 0.253182 1.223918 0.446962
v 0.373775 0.876302 0.588109
v 0.458118 0.615276 0.710499
v 0.575725 0.417346 0.913772
v 0.718223 0.167059 1.196882
v 0.797613 -0.199656 1.434806
v 0.292145 -0.35921 1.116683
v 0.184835 -0.6199 1.09231
v 0.027115 -0.915482 1.074068
v -0.203884 -1.184116 0.968052
v -0.473935 -1.316728 0.733889
v -0.706432 -1.252504 0.421231
v -0.846778 -1.034403 0.123187
v -0.913923 -0.769421 -0.103247
v -0.983995 -0.532869 -0.271882
v -1.115522 -0.311265 -0.428342
v -1.284838 -0.038864 -0.583223
v -1.394672 0.311603 -0.688618
v -1.351722 0.678144 -0.68162
v -1.144038 0.952493 -0.54803
v -0.849003 1.075597 -0.33875
v -0.567541 1.089962 -0.120963
v -0.347549 1.094568 0.08512
v -0.165368 1.14469 0.316641
v 0.024891 1.194518 0.612132
v 0.228948 1.139331 0.945914
v 0.399395 0.916439 1.223767
v 0.480862 0.566829 1.352147
v 0.46295 0.198978 1.318541
v 0.38541 -0.107015 1.204818
v 0.050876 -0.20284 0.833974
v -0.028378 -0.417471 0.93651
v -0.202355 -0.779737 1.16951
v -0.503366 -1.175272 1.267766
v -0.834883 -1.374268 1.084936
v -1.02624 -1.246426 0.698828
v -0.988839 -0.886763 0.313739
v -0.824371 -0.525791 0.070391
v -0.763571 -0.313672 -0.052224
v -0.970419 -0.19388 -0.165124
v -1.383081 0.009199 -0.322012
v -1.742317 0.380942 -0.45591
v -1.792319 0.801618 -0.459016
v -1.481545 1.047754 -0.309635
v -0.990841 1.012187 -0.101993
v -0.573435 0.821235 0.057557
v -0.357384 0.724978 0.175618
v -0.282081 0.860883 0.374578
v -0.204357 1.119213 0.753779
v -0.053027 1.242149 1.244732
v 0.117693 1.061536 1.619264
v 0.209075 0.646491 1.667396
v 0.189886 0.223251 1.38953
v 0.116928 -0.045912 1.018017
v -0.127527 -0.170021 1.002413
v -0.227117 -0.355368 1.063945
v -0.424049 -0.614026 1.220008
v -0.705244 -0.878593 1.283174
v -0.978196 -1.011873 1.139598
v -1.122441 -0.935366 0.829223
v -1.092899 -0.705045 0.492235
v -0.979104 -0.4577 0.24571
v -0.950148 -0.281965 0.10732
v -1.117078 -0.144139 0.023215
v -1.428174 0.056909 -0.048427
v -1.693794 0.363099 -0.092134
v -1.727268 0.69048 -0.068347
v -1.485726 0.895143 0.024577
v -1.094601 0.90988 0.138684
v -0.742041 0.814856 0.233585
v -0.539884 0.767109 0.33745
v -0.466795 0.852312 0.53308
v -0.425752 1.000898 0.866457
v -0.345922 1.05025 1.264796
v -0.232928 0.893832 1.557642
v -0.136792 0.574978 1.602036
v -0.090476 0.238945 1.40712
v -0.089844 -0.004351 1.140946
v -0.472364 -0.140838 1.484135
v -0.550185 -0.31009 1.391024
v -0.629447 -0.424719 1.223622
v -0.713348 -0.486014 1.039421
v -0.820743 -0.513938 0.882481
v -0.969987 -0.520938 0.760173
v -1.154959 -0.496232 0.651814
v -1.335405 -0.416944 0.536628
v -1.455382 -0.274609 0.414515
v -1.479476 -0.089526 0.304301
v -1.418383 0.102431 0.227018
v -1.321456 0.277814 0.193399
v -1.240513 0.440036 0.205565
v -1.193463 0.605101 0.265194
v -1.156296 0.772606 0.374031
v -1.087865 0.91185 0.523967
v -0.965124 0.979016 0.689516
v -0.800455 0.950961 0.836698
v -0.630785 0.844119 0.945839
v -0.492311 0.700515 1.028116
v -0.403105 0.553992 1.116746
v -0.363665 0.408152 1.235569
v -0.36736 0.245456 1.370634
v -0.406846 0.056439 1.471427
v -0.935313 -0.022563 1.770289
v -0.932846 -0.16317 1.577491
v -0.810656 -0.21909 1.180213
v -0.657405 -0.206014 0.802628
v -0.615975 -0.193397 0.620016
v -0.794592 -0.224683 0.653356
v -1.172635 -0.268349 0.786344
v -1.581875 -0.251491 0.871283
v -1.799767 -0.1402 0.829679
v -1.700958 0.019139 0.679252
v -1.354085 0.144017 0.49374
v -0.98247 0.202291 0.350387
v -0.811209 0.250295 0.305184
v -0.914051 0.377242 0.388765
v -1.173556 0.605642 0.595004
v -1.377269 0.846834 0.860818
v -1.36864 0.962223 1.071511
v -1.139708 0.879162 1.119308
v -0.811577 0.6549 0.988872
v -0.53925 0.428246 0.796585
v -0.421732 0.303296 0.728972
v -0.470482 0.271963 0.907479
v -0.630127 0.242534 1.281477
v -0.814367 0.139788 1.643949
v -1.197783 0.13182 1.534435
v -1.144918 0.050932 1.395049
v -0.960712 -0.005042 1.091448
v -0.762885 -0.027927 0.795866
v -0.693992 -0.034314 0.658173
v -0.835382 -0.037793 0.716983
v -1.145247 -0.030154 0.890656
v -1.468799 0.006858 1.042636
v -1.626368 0.073497 1.068093
v -1.528224 0.141908 0.946807
v -1.237749 0.180068 0.741488
v -0.934665 0.187841 0.556879
v -0.799592 0.205674 0.487884
v -0.898509 0.280295 0.57716
v -1.145717 0.415403 0.793112
v -1.366696 0.554947 1.037413
v -1.412621 0.620064 1.18799
v -1.248147 0.571079 1.166406
v -0.961182 0.440515 0.993904
v -0.700446 0.307248 0.792672
v -0.588928 0.234341 0.717106
v -0.664106 0.22466 0.851275
v -0.868679 0.230292 1.143072
v -1.085795 0.202115 1.428214
v -1.073848 0.2092 0.96074
v -1.073848 0.2092 0.96074
v -1.073848 0.2092 0.96074
v -1.073848 0.2092 0.96074
v -1.073848 0.2092 0.96074
v -1.073848 0.2092 0.96074
v -1.073848 0.2092 0.96074
v -1.073848 0.2092 0.96074
v -1.073848 0.2092 0.96074
v -1.073848 0.2092 0.96074
v -1.073848 0.2092 0.96074
v -1.073848 0.2092 0.96074
v -1.073848 0.2092 0.96074
v -1.073848 0.2092 0.96074
v -1.073848 0.2092 0.96074
v -1.073848 0.2092 0.96074
v -1.073848 0.2092 0.96074
v -1.073848 0.2092 0.96074
v -1.073848 0.2092 0.96074
v -1.073848 0.2092 0.96074
v -1.073848 0.2092 0.96074
v -1.073848 0.2092 0.96074
v -1.073848 0.2092 0.96074
v -1.073848 0.2092 0.96074
v 1.762981 -2.248902 -0.849615
v 3.558946 -0.859644 0.619686
v 2.179667 0.702769 -1.461914
v 1.563776 -1.845212 -1.728945
v 3.390231 -1.360975 0.160233
v 2.439066 0.957618 -1.360921
v 1.052264 -1.136743 -2.321494
v 2.701212 -1.689747 -0.158275
v 2.4424 0.963923 -0.789798
v 0.646435 -0.425335 -2.259099
v 2.025715 -1.987748 -0.177499
v 2.641605 0.560233 0.089532
v 0.81515 0.075996 -1.799646
v 1.766315 -2.242597 -0.278492
v 3.153117 -0.148237 0.68208
v 1.50417 0.404768 -1.481138
v 1.631103 -2.506926 -0.940836
v 3.430254 -1.111434 0.53067
v 2.060048 0.468732 -1.544654
v 1.457738 -2.052679 -1.802292
v 3.300212 -1.537101 0.097967
v 2.365065 0.812833 -1.412107
v 0.991844 -1.254957 -2.363286
v 2.649865 -1.790208 -0.193792
v 2.39424 0.869696 -0.82311
v 0.595088 -0.525797 -2.294616
v 1.965294 -2.105963 -0.219292
v 2.567604 0.415448 0.038346
v 0.725131 -0.10013 -1.861913
v 1.660277 -2.450064 -0.351839
v 3.033499 -0.382273 0.599341
v 1.375478 0.152978 -1.570154
v 1.4591 -2.714551 -1.087879
v 3.262406 -1.314042 0.38718
v 1.904036 0.280409 -1.678027
v 1.319437 -2.219621 -1.920523
v 3.182803 -1.678824 -0.002404
v 2.26855 0.696329 -1.494617
v 0.91304 -1.350082 -2.430655
v 2.582896 -1.871047 -0.251043
v 2.331426 0.793874 -0.876808
v 0.528119 -0.606635 -2.351867
v 1.88649 -2.201087 -0.28666
v 2.471089 0.298944 -0.044164
v 0.607722 -0.241853 -1.962283
v 1.521976 -2.617006 -0.47007
v 2.877486 -0.570596 0.465968
v 1.20763 -0.049631 -1.713644
v 1.258694 -2.857627 -1.280724
v 3.066843 -1.453661 0.198994
v 1.72226 0.150635 -1.852944
v 1.158299 -2.334663 -2.075582
v 3.046008 -1.776487 -0.134039
v 2.156096 0.616045 -1.602827
v 0.821223 -1.415632 -2.519007
v 2.504868 -1.926753 -0.326127
v 2.25824 0.741624 -0.947233
v 0.450091 -0.662341 -2.426951
v 1.794673 -2.266638 -0.375013
v 2.358635 0.21866 -0.152375
v 0.470926 -0.339516 -2.093918
v 1.360838 -2.732048 -0.625129
v 2.695711 -0.700371 0.291051
v 1.012066 -0.18925 -1.90183
v 1.043542 -2.926404 -1.506229
v 2.856889 -1.520777 -0.021063
v 1.527111 0.088252 -2.057485
v 0.985304 -2.389964 -2.256902
v 2.899146 -1.823433 -0.287967
v 2.035369 0.577453 -1.729365
v 0.72265 -1.447143 -2.622324
v 2.421099 -1.953531 -0.413927
v 2.17967 0.716507 -1.029585
v 0.366322 -0.68912 -2.514751
v 1.696101 -2.298148 -0.478329
v 2.237908 0.180068 -0.278912
v 0.324065 -0.386463 -2.247847
v 1.187843 -2.787349 -0.806449
v 2.500561 -0.762754 0.08651
v 0.802113 -0.256365 -2.121887
v 0.828307 -2.916195 -1.749026
v 2.646855 -1.510814 -0.257994
v 1.331886 0.097512 -2.27771
v 0.812242 -2.381755 -2.452125
v 2.752229 -1.816465 -0.453699
v 1.914595 0.583181 -1.865605
v 0.62404 -1.442465 -2.733562
v 2.337297 -1.949557 -0.50846
v 2.101069 0.720236 -1.118251
v 0.282521 -0.685145 -2.609284
v 1.59749 -2.293471 -0.589568
v 2.117134 0.185796 -0.415152
v 0.177147 -0.379494 -2.413579
v 1.014781 -2.77914 -1.001673
v 2.305336 -0.753493 -0.133716
v 0.592079 -0.246402 -2.358818
v 0.627657 -2.827695 -1.992569
v 2.451053 -1.424453 -0.495653
v 1.149889 0.177784 -2.498612
v 0.650908 -2.310596 -2.647949
v 2.615266 -1.756055 -0.61994
v 1.802004 0.632841 -2.002264
v 0.532111 -1.401919 -2.845142
v 2.259174 -1.915099 -0.603283
v 2.027794 0.752555 -1.20719
v 0.204398 -0.650688 -2.704107
v 1.505562 -2.252924 -0.701148
v 2.004543 0.235456 -0.551811
v 0.040185 -0.319085 -2.57982
v 0.853447 -2.707981 -1.197496
v 2.12334 -0.673221 -0.354618
v 0.396276 -0.160041 -2.596477
v 0.455266 -2.666936 -2.220262
v 2.282826 -1.267578 -0.717844
v 0.993524 0.323598 -2.705136
v 0.512294 -2.181336 -2.831027
v 2.497593 -1.646322 -0.775361
v 1.70527 0.723047 -2.130028
v 0.453129 -1.328267 -2.94946
v 2.192054 -1.852508 -0.691935
v 1.964838 0.811262 -1.290341
v 0.137278 -0.588096 -2.792759
v 1.42658 -2.179272 -0.805466
v 1.90781 0.325662 -0.679575
v -0.077489 -0.209352 -2.735241
v 0.714834 -2.578721 -1.380574
v 1.966975 -0.527408 -0.561142
v 0.22805 -0.003166 -2.818668
v 0.322881 -2.444873 -2.416586
v 2.15364 -1.050881 -0.909424
v 0.873447 0.525016 -2.883209
v 0.405849 -2.002785 -2.988883
v 2.407228 -1.494744 -0.909371
v 1.630986 0.847653 -2.240191
v 0.392477 -1.226528 -3.039407
v 2.14051 -1.766048 -0.768373
v 1.916493 0.892356 -1.362036
v 0.085734 -0.501636 -2.869197
v 1.365927 -2.077533 -0.895413
v 1.833525 0.450268 -0.789738
v -0.167854 -0.057773 -2.869251
v 0.608388 -2.40017 -1.53843
v 1.846897 -0.325989 -0.739215
v 0.098864 0.213531 -3.010248
v 0.239525 -2.17664 -2.568163
v 2.072298 -0.789128 -1.057339
v 0.79784 0.768313 -3.020695
v 0.338826 -1.787109 -3.11076
v 2.350329 -1.311649 -1.012837
v 1.584212 0.998166 -2.325245
v 0.354287 -1.103636 -3.108853
v 2.108056 -1.661612 -0.82739
v 1.886052 0.990312 -1.41739
v 0.053279 -0.3972 -2.928214
v 1.327737 -1.954641 -0.964858
v 1.786751 0.600781 -0.874792
v -0.224752 0.125321 -2.972716
v 0.541365 -2.184494 -1.660308
v 1.77129 -0.082693 -0.8767
v 0.017522 0.475284 -3.158163
v 0.210878 -1.880516 -2.664663
v 2.044343 -0.500158 -1.151508
v 0.771856 1.036908 -3.108224
v 0.315792 -1.549007 -3.188352
v 2.330775 -1.109517 -1.078707
v 1.568138 1.164329 -2.379394
v 0.341162 -0.967965 -3.153065
v 2.096902 -1.546316 -0.864962
v 1.875591 1.098453 -1.452631
v 0.042126 -0.281904 -2.965786
v 1.314613 -1.81897 -1.00907
v 1.770677 0.766944 -0.928941
v -0.244306 0.327454 -3.038587
v 0.518331 -1.946392 -1.7379
v 1.745307 0.185902 -0.964229
v -0.010433 0.764253 -3.252332
v 0.238892 -1.576681 -2.69951
v 2.071681 -0.203665 -1.185513
v 0.797266 1.312496 -3.139831
v 0.338317 -1.304706 -3.216372
v 2.349898 -0.902121 -1.102493
v 1.583857 1.33482 -2.398948
v 0.353997 -0.828762 -3.16903
v 2.107809 -1.428019 -0.87853
v 1.885821 1.20941 -1.465356
v 0.053033 -0.163607 -2.979354
v 1.327448 -1.679767 -1.025036
v 1.786396 0.937435 -0.948495
v -0.225184 0.53485 -3.062373
v 0.540856 -1.702091 -1.765919
v 1.770717 0.461491 -0.995837
v 0.016905 1.060747 -3.286337
v 0.321659 -1.285841 -2.670329
v 2.152448 0.080148 -1.157037
v 0.872338 1.576297 -3.113363
v 0.404867 -1.070853 -3.192908
v 2.406394 -0.703596 -1.082575
v 1.6303 1.498018 -2.382574
v 0.391917 -0.695513 -3.155661
v 2.140034 -1.31478 -0.867168
v 1.916047 1.315621 -1.4547
v 0.085258 -0.050369 -2.967992
v 1.365367 -1.546518 -1.011666
v 1.832839 1.100633 -0.932121
v -0.168688 0.733375 -3.042454
v 0.607406 -1.468238 -1.742455
v 1.845789 0.725292 -0.969369
v 0.097672 1.34456 -3.257861
v 0.453538 -1.027817 -2.579109
v 2.28114 0.331938 -1.068021
v 0.991957 1.810334 -3.030623
v 0.510905 -0.863387 -3.119562
v 2.496413 -0.52747 -1.020308
v 1.704301 1.642802 -2.331387
v 0.452338 -0.577298 -3.113868
v 2.191381 -1.214319 -0.831651
v 1.964207 1.409848 -1.421387
v 0.136605 0.050093 -2.932476
v 1.425788 -1.428303 -0.969873
v 1.90684 1.245417 -0.880935
v -0.078668 0.909501 -2.980188
v 0.713444 -1.260772 -1.669109
v 1.965407 0.959329 -0.886629
v 0.226364 1.59635 -3.168845
v 0.625541 -0.820193 -2.432066
v 2.448987 0.534546 -0.92453
v 1.14797 1.998657 -2.89725
v 0.649206 -0.696444 -3.00133
v 2.613821 -0.385747 -0.919938
v 1.800817 1.759306 -2.248878
v 0.531142 -0.482174 -3.046499
v 2.25835 -1.133481 -0.7744
v 2.027021 1.48567 -1.367689
v 0.203574 0.130931 -2.875225
v 1.504592 -1.333179 -0.902505
v 2.003356 1.361921 -0.798425
v 0.03874 1.051224 -2.879817
v 0.851745 -1.093829 -1.550878
v 2.12142 1.147651 -0.753256
v 0.394211 1.798958 -3.025355
v 0.825947 -0.677117 -2.239221
v 2.644551 0.674165 -0.736345
v 1.329745 2.128432 -2.722333
v 0.810344 -0.581402 -2.846271
v 2.750617 -0.288084 -0.788303
v 1.91327 1.83959 -2.140667
v 0.622958 -0.416623 -2.958147
v 2.336378 -1.077774 -0.699316
v 2.100207 1.53792 -1.297264
v 0.281602 0.186638 -2.800141
v 1.596409 -1.267629 -0.814152
v 2.115809 1.442205 -0.690214
v 0.175536 1.148887 -2.748182
v 1.012883 -0.978787 -1.395819
v 2.303195 1.277426 -0.578339
v 0.589775 1.938577 -2.837169
v 1.041098 -0.60834 -2.013716
v 2.854505 0.741281 -0.516288
v 1.524894 2.190815 -2.517792
v 0.983339 -0.526101 -2.664952
v 2.897478 -0.241137 -0.634374
v 2.033997 1.878183 -2.01413
v 0.721531 -0.385113 -2.854831
v 2.420147 -1.050996 -0.611516
v 2.178777 1.563036 -1.214913
v 0.365371 0.213416 -2.71234
v 1.694981 -1.236118 -0.710836
v 2.236537 1.480798 -0.563677
v 0.322397 1.195833 -2.594254
v 1.185878 -0.923486 -1.214499
v 2.498345 1.339809 -0.373798
v 0.799728 2.005692 -2.617112
v 1.256333 -0.618549 -1.770918
v 3.064539 0.731318 -0.279357
v 1.720119 2.181554 -2.297567
v 1.156401 -0.53431 -2.469728
v 3.044396 -0.248106 -0.468643
v 2.154772 1.872454 -1.877889
v 0.820141 -0.38979 -2.743592
v 2.503949 -1.054971 -0.516983
v 2.257378 1.559308 -1.126246
v 0.449172 0.209441 -2.617808
v 1.793592 -1.240795 -0.599598
v 2.357311 1.475069 -0.427436
v 0.469315 1.188865 -2.428522
v 1.35894 -0.931695 -1.019275
v 2.69357 1.330549 -0.153573
v 1.009763 1.99573 -2.380181
v 1.456983 -0.707048 -1.527375
v 3.260341 0.644957 -0.041698
v 1.902116 2.101282 -2.076665
v 1.317735 -0.605469 -2.273905
v 3.181359 -0.308515 -0.302401
v 2.267362 1.822795 -1.74123
v 0.91207 -0.430337 -2.632012
v 2.582072 -1.089428 -0.42216
v 2.330653 1.526989 -1.037307
v 0.527295 0.174984 -2.522984
v 1.885521 -1.281342 -0.488017
v 2.469901 1.42541 -0.290778
v 0.606278 1.128455 -2.262281
v 1.520275 -1.002854 -0.823452
v 2.875567 1.250277 0.067329
v 1.205565 1.909368 -2.142522
v 1.629375 -0.867807 -1.299683
v 3.428568 0.488082 0.180493
v 2.058481 1.955469 -1.870141
v 1.456349 -0.734729 -2.090827
v 3.299032 -0.418248 -0.14698
v 2.364096 1.732588 -1.613466
v 0.991052 -0.503989 -2.527694
v 2.649192 -1.152019 -0.333509
v 2.393609 1.468282 -0.954157
v 0.594416 0.112392 -2.434333
v 1.964502 -1.354994 -0.383699
v 2.566635 1.335203 -0.163013
v 0.723951 1.018722 -2.10686
v 1.658888 -1.132114 -0.640374
v 3.031931 1.104463 0.273854
v 1.373791 1.752494 -1.920331
v 1.76176 -1.08987 -1.103359
v 3.557754 0.271384 0.372074
v 2.178558 1.75405 -1.692068
v 1.562794 -0.913281 -1.93297
v 3.389397 -0.569827 -0.01297
v 2.43838 1.607983 -1.503303
v 1.051704 -0.605728 -2.437747
v 2.700736 -1.238479 -0.25707
v 2.441954 1.387187 -0.882462
v 0.64596 0.025933 -2.357894
v 2.025155 -1.456733 -0.293753
v 2.64092 1.210598 -0.05285
v 0.814316 0.867144 -1.97285
v 1.765333 -1.310666 -0.482517
v 3.152009 0.903045 0.451927
v 1.502978 1.535796 -1.728751
v 1.845116 -1.358103 -0.951782
v 3.639096 0.009632 0.519988
v 2.254165 1.510753 -1.554582
v 1.629817 -1.128956 -1.811093
v 3.446296 -0.752921 0.090495
v 2.485154 1.45747 -1.418249
v 1.089894 -0.72862 -2.368301
v 2.73319 -1.342916 -0.198054
v 2.472394 1.289232 -0.827108
v 0.678414 -0.078504 -2.298878
v 2.063345 -1.579625 -0.224307
v 2.687693 1.060085 0.032204
v 0.871214 0.684049 -1.869385
v 1.832356 -1.526341 -0.36064
v 3.227616 0.659748 0.589412
v 1.58432 1.274044 -1.580836
v 1.873763 -1.654228 -0.855282
v 3.667051 -0.279338 0.614157
v 2.280149 1.242159 -1.467053
v 1.652851 -1.367058 -1.733501
v 3.46585 -0.955054 0.156366
v 2.501229 1.291306 -1.3641
v 1.103019 -0.86429 -2.32409
v 2.744344 -1.458211 -0.160481
v 2.482856 1.181091 -0.791867
v 0.689568 -0.193799 -2.261305
v 2.07647 -1.715296 -0.180095
v 2.703768 0.893921 0.086353
v 0.890769 0.481917 -1.803514
v 1.85539 -1.764443 -0.283048
v 3.2536 0.391153 0.676941
v 1.612275 0.985074 -1.486667
v 1.845748 -1.958062 -0.820435
v 3.639713 -0.575832 0.648162
v 2.254739 0.96657 -1.435446
v 1.630326 -1.611359 -1.705482
v 3.446727 -1.16245 0.180152
v 2.485509 1.120816 -1.344546
v 1.090184 -1.003493 -2.308124
v 2.733437 -1.576509 -0.146914
v 2.472625 1.070134 -0.779141
v 0.67866 -0.312097 -2.247738
v 2.063635 -1.854499 -0.16413
v 2.688048 0.723431 0.105906
v 0.871646 0.274521 -1.779728
v 1.832865 -2.008744 -0.255029
v 3.228189 0.115565 0.708548
v 1.584937 0.68858 -1.452662

vt 0.4694 0.7294
vt 0.4694 0.7294
vt 0.4694 0.7294
vt 0.4694 0.7294
vt 0.4694 0.7294
vt 0.4694 0.7294
vt 0.4694 0.7294
vt 0.4694 0.7294
vt 0.4694 0.7294
vt 0.4694 0.7294
vt 0.4694 0.7294
vt 0.4694 0.7294
vt 0.4694 0.7294
vt 0.4694 0.7294
vt 0.4694 0.7294
vt 0.4694 0.7294
vt 0.4694 0.7294
vt 0.4694 0.7294
vt 0.4694 0.7294
vt 0.4694 0.7294
vt 0.4694 0.7294
vt 0.4694 0.7294
vt 0.4694 0.7294
vt 0.4694 0.7294
vt 0.4599 0.6699
vt 0.4519 0.6751
vt 0.4446 0.6836
vt 0.4386 0.6951
vt 0.4342 0.7089
vt 0.4317 0.7242
vt 0.4316 0.7402
vt 0.4342 0.7557
vt 0.4397 0.7696
vt 0.4481 0.7807
vt 0.4588 0.7879
vt 0.4707 0.7905
vt 0.4826 0.7881
vt 0.4929 0.7811
vt 0.5008 0.7702
vt 0.5058 0.7566
vt 0.5079 0.7414
vt 0.5072 0.7256
vt 0.5042 0.7103
vt 0.4993 0.6965
vt 0.4928 0.6848
vt 0.4853 0.6759
vt 0.477 0.6703
vt 0.4684 0.6683
vt 0.4524 0.6098
vt 0.4377 0.6192
vt 0.4242 0.6347
vt 0.4123 0.6557
vt 0.4025 0.6813
vt 0.3954 0.7104
vt 0.3919 0.7415
vt 0.3932 0.7731
vt 0.4008 0.8029
vt 0.4166 0.8283
vt 0.4415 0.8456
vt 0.4729 0.8518
vt 0.5038 0.8452
vt 0.5276 0.8279
vt 0.542 0.8032
vt 0.5483 0.7742
vt 0.5484 0.7436
vt 0.5439 0.7131
vt 0.5358 0.6843
vt 0.5251 0.6586
vt 0.5124 0.6371
vt 0.4982 0.6209
vt 0.4831 0.6107
vt 0.4677 0.607
vt 0.4457 0.5493
vt 0.4253 0.5623
vt 0.4063 0.5836
vt 0.389 0.6126
vt 0.3739 0.648
vt 0.3614 0.6886
vt 0.3521 0.7328
vt 0.3475 0.779
vt 0.3501 0.8248
vt 0.3658 0.8674
vt 0.4063 0.9007
vt 0.4781 0.9134
vt 0.5461 0.8979
vt 0.5817 0.8643
vt 0.5945 0.8232
vt 0.5952 0.7794
vt 0.589 0.7352
vt 0.5784 0.6923
vt 0.5646 0.6523
vt 0.5482 0.6166
vt 0.5297 0.5869
vt 0.5096 0.5645
vt 0.4885 0.5504
vt 0.467 0.5453
vt 0.4395 0.4883
vt 0.4137 0.5045
vt 0.3896 0.5309
vt 0.3676 0.5665
vt 0.3476 0.6099
vt 0.3297 0.6597
vt 0.314 0.7141
vt 0.3006 0.7713
vt 0.2906 0.8296
vt 0.2872 0.8875
vt 0.3076 0.9428
vt 0.5077 0.975
vt 0.6476 0.9335
vt 0.6595 0.8799
vt 0.6538 0.8253
vt 0.6424 0.7706
vt 0.6277 0.7167
vt 0.6106 0.6643
vt 0.5912 0.6152
vt 0.5696 0.5712
vt 0.5459 0.5343
vt 0.5204 0.5066
vt 0.4937 0.4892
vt 0.4664 0.4831
vt 0.4331 0.4269
vt 0.402 0.4462
vt 0.3733 0.4771
vt 0.347 0.5183
vt 0.3229 0.5681
vt 0.3004 0.6248
vt 0.2787 0.6863
vt 0.2568 0.7502
vt 0.2324 0.8144
vt 0.2002 0.8768
vt 0.1378 0.9338
vt 0.9405 0.9609
vt 0.7891 0.9218
vt 0.7392 0.8662
vt 0.7096 0.808
vt 0.6856 0.7487
vt 0.6631 0.6889
vt 0.6404 0.63
vt 0.6163 0.5738
vt 0.5904 0.5229
vt 0.562 0.4799
vt 0.5314 0.4474
vt 0.4989 0.4272
vt 0.4657 0.4203
vt 0.426 0.3652
vt 0.3895 0.3877
vt 0.3563 0.4229
vt 0.3264 0.4688
vt 0.2989 0.5235
vt 0.2728 0.5851
vt 0.2467 0.6507
vt 0.2184 0.7175
vt 0.1846 0.782
vt 0.138 0.84
vt 0.0646 0.8838
vt 0.9569 0.898
vt 0.8587 0.8749
vt 0.7961 0.8298
vt 0.7547 0.7752
vt 0.7229 0.7159
vt 0.695 0.6537
vt 0.6683 0.5907
vt 0.6408 0.5292
vt 0.6114 0.4726
vt 0.579 0.4241
vt 0.5433 0.3872
vt 0.5048 0.3644
vt 0.465 0.3571
vt 0.4175 0.3035
vt 0.375 0.3296
vt 0.3377 0.369
vt 0.3048 0.419
vt 0.2749 0.4775
vt 0.2465 0.5419
vt 0.2175 0.6093
vt 0.1858 0.676
vt 0.1481 0.7378
vt 0.0998 0.7895
vt 0.0364 0.8242
vt 0.961 0.8344
vt 0.8893 0.8179
vt 0.8325 0.7814
vt 0.7892 0.7323
vt 0.7543 0.6753
vt 0.7238 0.613
vt 0.6948 0.5478
vt 0.6653 0.4827
vt 0.6336 0.4214
vt 0.5979 0.3681
vt 0.5573 0.3268
vt 0.5119 0.3012
vt 0.4641 0.2934
vt 0.4062 0.2422
vt 0.357 0.2727
vt 0.316 0.3167
vt 0.2812 0.3704
vt 0.2502 0.4314
vt 0.2207 0.497
vt 0.1907 0.5641
vt 0.158 0.6289
vt 0.1202 0.6867
vt 0.075 0.7327
vt 0.0215 0.762
vt 0.9629 0.7705
vt 0.9062 0.7578
vt 0.857 0.7273
vt 0.816 0.6833
vt 0.7812 0.6296
vt 0.7502 0.5686
vt 0.7207 0.503
vt 0.6907 0.4359
vt 0.658 0.3711
vt 0.6202 0.3133
vt 0.575 0.2673
vt 0.5215 0.238
vt 0.4629 0.2295
vt 0.3893 0.1821
vt 0.3325 0.2186
vt 0.2892 0.2677
vt 0.2543 0.3247
vt 0.2238 0.387
vt 0.1948 0.4522
vt 0.1653 0.5173
vt 0.1336 0.5786
vt 0.0979 0.6319
vt 0.0573 0.6732
vt 0.0119 0.6988
vt 0.9641 0.7066
vt 0.9175 0.6965
vt 0.875 0.6704
vt 0.8377 0.631
vt 0.8048 0.581
vt 0.7749 0.5225
vt 0.7465 0.4581
vt 0.7175 0.3907
vt 0.6858 0.324
vt 0.6481 0.2622
vt 0.5998 0.2105
vt 0.5364 0.1758
vt 0.461 0.1656
vt 0.3587 0.1251
vt 0.2961 0.1702
vt 0.2547 0.2248
vt 0.2229 0.2841
vt 0.195 0.3463
vt 0.1683 0.4093
vt 0.1408 0.4708
vt 0.1114 0.5274
vt 0.079 0.5759
vt 0.0433 0.6128
vt 0.0048 0.6356
vt 0.965 0.6429
vt 0.926 0.6348
vt 0.8895 0.6123
vt 0.8563 0.5771
vt 0.8264 0.5312
vt 0.7989 0.4765
vt 0.7728 0.4149
vt 0.7467 0.3493
vt 0.7184 0.2825
vt 0.6846 0.218
vt 0.638 0.16
vt 0.5646 0.1162
vt 0.4569 0.102
vt 0.2891 0.0782
vt 0.2392 0.1338
vt 0.2096 0.192
vt 0.1856 0.2513
vt 0.1631 0.3111
vt 0.1404 0.37
vt 0.1163 0.4262
vt 0.0904 0.4771
vt 0.062 0.5201
vt 0.0314 0.5526
vt 0.9989 0.5728
vt 0.9657 0.5797
vt 0.9331 0.5731
vt 0.902 0.5538
vt 0.8733 0.5229
vt 0.847 0.4817
vt 0.8229 0.4319
vt 0.8004 0.3752
vt 0.7787 0.3137
vt 0.7568 0.2498
vt 0.7324 0.1856
vt 0.7002 0.1232
vt 0.6378 0.0662
vt 0.4405 0.0391
vt 0.1476 0.0665
vt 0.1595 0.1201
vt 0.1538 0.1747
vt 0.1424 0.2294
vt 0.1277 0.2833
vt 0.1106 0.3357
vt 0.0912 0.3848
vt 0.0696 0.4288
vt 0.0459 0.4657
vt 0.0204 0.4934
vt 0.9937 0.5108
vt 0.9664 0.5169
vt 0.9395 0.5117
vt 0.9137 0.4955
vt 0.8896 0.4691
vt 0.8676 0.4335
vt 0.8476 0.3901
vt 0.8297 0.3403
vt 0.814 0.2859
vt 0.8006 0.2287
vt 0.7906 0.1704
vt 0.7872 0.1125
vt 0.8076 0.0572
vt 0.0077 0.025
vt 0.0461 0.1021
vt 0.0817 0.1357
vt 0.0945 0.1768
vt 0.0952 0.2206
vt 0.089 0.2648
vt 0.0784 0.3077
vt 0.0646 0.3477
vt 0.0482 0.3834
vt 0.0297 0.4131
vt 0.0096 0.4355
vt 0.9885 0.4496
vt 0.967 0.4547
vt 0.9457 0.4507
vt 0.9253 0.4377
vt 0.9063 0.4164
vt 0.889 0.3874
vt 0.8739 0.352
vt 0.8614 0.3114
vt 0.8521 0.2672
vt 0.8475 0.221
vt 0.8501 0.1752
vt 0.8658 0.1326
vt 0.9063 0.0993
vt 0.9781 0.0866
vt 0.0038 0.1548
vt 0.0276 0.1721
vt 0.042 0.1968
vt 0.0483 0.2258
vt 0.0484 0.2564
vt 0.0439 0.2869
vt 0.0358 0.3157
vt 0.0251 0.3414
vt 0.0124 0.3629
vt 0.9982 0.3791
vt 0.9831 0.3893
vt 0.9677 0.393
vt 0.9524 0.3902
vt 0.9377 0.3808
vt 0.9242 0.3653
vt 0.9123 0.3443
vt 0.9025 0.3187
vt 0.8954 0.2896
vt 0.8919 0.2585
vt 0.8932 0.2269
vt 0.9008 0.1971
vt 0.9166 0.1717
vt 0.9415 0.1544
vt 0.9729 0.1482
vt 0.9826 0.2119
vt 0.9929 0.2189
vt 0.0008 0.2298
vt 0.0058 0.2434
vt 0.0079 0.2586
vt 0.0072 0.2744
vt 0.0042 0.2897
vt 0.9993 0.3035
vt 0.9928 0.3152
vt 0.9853 0.3241
vt 0.977 0.3297
vt 0.9684 0.3317
vt 0.9599 0.3301
vt 0.9519 0.3249
vt 0.9446 0.3164
vt 0.9386 0.3049
vt 0.9342 0.2911
vt 0.9317 0.2758
vt 0.9316 0.2598
vt 0.9342 0.2443
vt 0.9397 0.2304
vt 0.9481 0.2193
vt 0.9588 0.2121
vt 0.9707 0.2095
vt 0.9694 0.2706
vt 0.9694 0.2706
vt 0.9694 0.2706
vt 0.9694 0.2706
vt 0.9694 0.2706
vt 0.9694 0.2706
vt 0.9694 0.2706
vt 0.9694 0.2706
vt 0.9694 0.2706
vt 0.9694 0.2706
vt 0.9694 0.2706
vt 0.9694 0.2706
vt 0.9694 0.2706
vt 0.9694 0.2706
vt 0.9694 0.2706
vt 0.9694 0.2706
vt 0.9694 0.2706
vt 0.9694 0.2706
vt 0.9694 0.2706
vt 0.9694 0.2706
vt 0.9694 0.2706
vt 0.9694 0.2706
vt 0.9694 0.2706
vt 0.9694 0.2706
vt 0.3558 0.592
vt 0.4623 0.4466
vt 0.5496 0.6808
vt 0.3619 0.6975
vt 0.4392 0.486
vt 0.5595 0.6525
vt 0.3689 0.8127
vt 0.411 0.5158
vt 0.5598 0.593
vt 0.4074 0.895
vt 0.3765 0.5199
vt 0.5333 0.4895
vt 0.5148 0.8641
vt 0.3562 0.531
vt 0.4925 0.4323
vt 0.5418 0.742
vt 0.3418 0.597
vt 0.4501 0.4535
vt 0.5356 0.701
vt 0.3483 0.6978
vt 0.4306 0.4914
vt 0.5527 0.6636
vt 0.3564 0.8106
vt 0.4054 0.5193
vt 0.5555 0.5995
vt 0.3848 0.8939
vt 0.3695 0.5242
vt 0.5255 0.4953
vt 0.4782 0.8808
vt 0.3448 0.5377
vt 0.48 0.4384
vt 0.5176 0.77
vt 0.3285 0.608
vt 0.4391 0.4651
vt 0.5233 0.7283
vt 0.3354 0.7036
vt 0.4227 0.5002
vt 0.5474 0.6789
vt 0.3446 0.812
vt 0.4002 0.525
vt 0.5522 0.6089
vt 0.364 0.8951
vt 0.3628 0.5314
vt 0.5192 0.5056
vt 0.4397 0.8976
vt 0.3338 0.549
vt 0.4688 0.4499
vt 0.4935 0.8045
vt 0.316 0.6239
vt 0.4296 0.4814
vt 0.5139 0.761
vt 0.3233 0.7141
vt 0.416 0.5121
vt 0.5443 0.6975
vt 0.3337 0.8166
vt 0.3956 0.5327
vt 0.5505 0.6207
vt 0.345 0.8986
vt 0.3566 0.5411
vt 0.5147 0.5204
vt 0.4006 0.9139
vt 0.3235 0.5643
vt 0.4595 0.4669
vt 0.4706 0.8421
vt 0.3045 0.6437
vt 0.4221 0.5021
vt 0.5092 0.7965
vt 0.3122 0.7285
vt 0.4106 0.5267
vt 0.544 0.7181
vt 0.3237 0.8241
vt 0.3919 0.5421
vt 0.5505 0.6343
vt 0.3278 0.9042
vt 0.3512 0.5528
vt 0.5128 0.5393
vt 0.3611 0.9297
vt 0.3141 0.5828
vt 0.4529 0.4895
vt 0.4508 0.8797
vt 0.294 0.6666
vt 0.4175 0.5269
vt 0.5116 0.8312
vt 0.3023 0.7459
vt 0.4072 0.5435
vt 0.5471 0.7388
vt 0.315 0.8339
vt 0.3894 0.5527
vt 0.5526 0.6485
vt 0.3122 0.9119
vt 0.3468 0.5662
vt 0.5139 0.5614
vt 0.3195 0.9453
vt 0.3057 0.6039
vt 0.4497 0.5175
vt 0.4372 0.9155
vt 0.2848 0.6918
vt 0.4162 0.5551
vt 0.5244 0.8613
vt 0.2937 0.7656
vt 0.4059 0.5619
vt 0.5538 0.7575
vt 0.3077 0.8456
vt 0.3881 0.564
vt 0.5566 0.662
vt 0.2984 0.9214
vt 0.3438 0.5806
vt 0.5186 0.585
vt 0.2699 0.9605
vt 0.2986 0.627
vt 0.4511 0.5503
vt 0.4389 0.9481
vt 0.2769 0.7187
vt 0.4193 0.5854
vt 0.5501 0.8827
vt 0.2867 0.7869
vt 0.4072 0.5807
vt 0.5638 0.7722
vt 0.3023 0.8586
vt 0.3883 0.5753
vt 0.5623 0.6737
vt 0.2865 0.9322
vt 0.3422 0.5955
vt 0.5269 0.6075
vt 0.1936 0.9741
vt 0.293 0.6516
vt 0.4583 0.5856
vt 0.4978 0.9743
vt 0.2709 0.7468
vt 0.4277 0.6155
vt 0.5861 0.8919
vt 0.2818 0.8091
vt 0.4116 0.5988
vt 0.5763 0.7813
vt 0.2993 0.8724
vt 0.3902 0.586
vt 0.5694 0.6822
vt 0.2769 0.9441
vt 0.3426 0.61
vt 0.5383 0.6261
vt 0.0528 0.9803
vt 0.2895 0.677
vt 0.4722 0.6195
vt 0.681 0.9752
vt 0.2674 0.7753
vt 0.4421 0.6416
vt 0.622 0.8881
vt 0.2798 0.8316
vt 0.419 0.6146
vt 0.5895 0.7842
vt 0.2994 0.8864
vt 0.3938 0.5952
vt 0.577 0.6869
vt 0.2712 0.9567
vt 0.345 0.6234
vt 0.5516 0.6383
vt 0.919 0.9725
vt 0.2887 0.7023
vt 0.4926 0.6462
vt 0.7441 0.9524
vt 0.2678 0.8034
vt 0.4618 0.6594
vt 0.6482 0.8745
vt 0.282 0.8535
vt 0.4293 0.626
vt 0.6016 0.7812
vt 0.3039 0.8998
vt 0.3989 0.602
vt 0.5843 0.6875
vt 0.2736 0.9695
vt 0.3496 0.6345
vt 0.5651 0.6428
vt 0.852 0.9575
vt 0.2914 0.7266
vt 0.5169 0.6599
vt 0.7522 0.9265
vt 0.2739 0.8302
vt 0.4844 0.6648
vt 0.6631 0.8552
vt 0.2904 0.8737
vt 0.4417 0.6314
vt 0.6115 0.7733
vt 0.3142 0.9118
vt 0.4052 0.6058
vt 0.5908 0.6844
vt 0.2999 0.9816
vt 0.3564 0.6421
vt 0.5769 0.6399
vt 0.8134 0.9404
vt 0.299 0.7482
vt 0.5406 0.6586
vt 0.7475 0.9006
vt 0.289 0.8533
vt 0.5059 0.6569
vt 0.6696 0.833
vt 0.3075 0.8904
vt 0.4547 0.6297
vt 0.6183 0.7617
vt 0.3317 0.9211
vt 0.4123 0.6058
vt 0.5958 0.678
vt 0.4151 0.9894
vt 0.3651 0.6451
vt 0.5861 0.6309
vt 0.786 0.9228
vt 0.3124 0.7647
vt 0.5596 0.6447
vt 0.7385 0.8751
vt 0.3161 0.8692
vt 0.523 0.6381
vt 0.6702 0.8097
vt 0.335 0.901
vt 0.4669 0.6211
vt 0.6221 0.7476
vt 0.3558 0.9264
vt 0.4195 0.602
vt 0.5991 0.6692
vt 0.5559 0.9842
vt 0.3749 0.6426
vt 0.5921 0.6175
vt 0.7637 0.9054
vt 0.332 0.7725
vt 0.5723 0.6226
vt 0.7276 0.8502
vt 0.3537 0.8723
vt 0.5342 0.6125
vt 0.667 0.7861
vt 0.3694 0.9022
vt 0.4767 0.6067
vt 0.6231 0.7321
vt 0.3827 0.9264
vt 0.426 0.5947
vt 0.6007 0.6586
vt 0.591 0.9733
vt 0.3846 0.6343
vt 0.595 0.6013
vt 0.7441 0.8885
vt 0.3553 0.7678
vt 0.5789 0.5964
vt 0.7157 0.8259
vt 0.3907 0.8583
vt 0.5397 0.5839
vt 0.6611 0.7629
vt 0.4009 0.8927
vt 0.4834 0.5884
vt 0.6219 0.716
vt 0.4062 0.921
vt 0.4312 0.5845
vt 0.6006 0.6472
vt 0.5932 0.9618
vt 0.3932 0.621
vt 0.5952 0.5838
vt 0.7259 0.8726
vt 0.3777 0.7486
vt 0.5806 0.5688
vt 0.703 0.8026
vt 0.4158 0.8283
vt 0.5404 0.5552
vt 0.6532 0.7407
vt 0.4218 0.8738
vt 0.4868 0.5684
vt 0.6187 0.7002
vt 0.422 0.9112
vt 0.4348 0.5725
vt 0.599 0.6354
vt 0.5841 0.9507
vt 0.3997 0.604
vt 0.5931 0.5659
vt 0.7081 0.8582
vt 0.3947 0.7163
vt 0.5783 0.5417
vt 0.6896 0.7804
vt 0.4272 0.787
vt 0.5373 0.5282
vt 0.6437 0.72
vt 0.4311 0.8484
vt 0.4871 0.5485
vt 0.6139 0.6852
vt 0.4294 0.8983
vt 0.4365 0.5598
vt 0.5962 0.624
vt 0.5694 0.9404
vt 0.4037 0.5854
vt 0.589 0.5485
vt 0.6902 0.8458
vt 0.4043 0.6763
vt 0.573 0.5163
vt 0.6755 0.7599
vt 0.4281 0.7407
vt 0.5311 0.504
vt 0.6329 0.7013
vt 0.4315 0.8193
vt 0.4846 0.53
vt 0.6078 0.6717
vt 0.4298 0.8835
vt 0.4365 0.5476
vt 0.5923 0.6134
vt 0.551 0.931
vt 0.405 0.5671
vt 0.5833 0.5323
vt 0.6715 0.836
vt 0.4072 0.6352
vt 0.5653 0.4932
vt 0.6604 0.7416
vt 0.4221 0.6953
vt 0.5225 0.4834
vt 0.6209 0.6854
vt 0.4256 0.7891
vt 0.4799 0.5141
vt 0.6007 0.6602
vt 0.4251 0.8681
vt 0.4347 0.5366
vt 0.5876 0.6043
vt 0.5297 0.9225
vt 0.4039 0.5507
vt 0.5763 0.5179
vt 0.6517 0.8296
vt 0.4047 0.5982
vt 0.5556 0.4731
vt 0.6442 0.7265
vt 0.4118 0.6558
vt 0.5121 0.4669
vt 0.6079 0.6732
vt 0.4158 0.7604
vt 0.4735 0.5012
vt 0.5928 0.6513
vt 0.4168 0.853
vt 0.4316 0.5275
vt 0.5822 0.5969
vt 0.5064 0.9148
vt 0.4008 0.5373
vt 0.5684 0.5058
vt 0.63 0.8273
vt 0.3984 0.5688
vt 0.5444 0.4564
vt 0.6267 0.7156
vt 0.399 0.6253
vt 0.5004 0.4548
vt 0.594 0.6656
vt 0.4036 0.7356
vt 0.4658 0.4918
vt 0.5844 0.6456
vt 0.4062 0.8391
vt 0.4273 0.5207
vt 0.5765 0.5918
vt 0.4817 0.9081
vt 0.396 0.5274
vt 0.5598 0.4965
vt 0.6059 0.8297
vt 0.3895 0.5478
vt 0.5321 0.4436
vt 0.6078 0.7104
vt 0.3849 0.6049
vt 0.4879 0.4473
vt 0.5794 0.6637
vt 0.39 0.7164
vt 0.4572 0.4862
vt 0.5758 0.6436
vt 0.3942 0.8273
vt 0.4223 0.5164
vt 0.5707 0.5893
vt 0.4564 0.9024
vt 0.3901 0.5213
vt 0.5508 0.4904
vt 0.5789 0.8371
vt 0.379 0.535
vt 0.519 0.4352
vt 0.5873 0.7122
vt 0.3703 0.5942
vt 0.475 0.4446
vt 0.5645 0.6685
vt 0.3759 0.7036
vt 0.4482 0.4842
vt 0.5674 0.6458
vt 0.3816 0.8183
vt 0.4167 0.5148
vt 0.565 0.5896
vt 0.4314 0.8979
vt 0.3835 0.5188
vt 0.5418 0.4879
vt 0.5486 0.849
vt 0.3677 0.5298
vt 0.5057 0.4313
vt 0.5652 0.7225

vn -0.225471 -0.699046 0.6786
vn 0.190238 0.363952 0.911783
vn 0.387625 0.659047 0.644518
vn 0.466564 0.650131 0.599706
vn 0.38123 0.728771 0.56882
vn -0.662313 0.525892 -0.533648
vn -0.673991 0.415821 -0.610596
vn -0.72856 0.431168 -0.532255
vn -0.950889 0.102235 -0.29216
vn -0.588149 -0.764505 0.263844
vn -0.200607 -0.921578 0.33234
vn -0.141529 -0.952559 0.269446
vn -0.109894 -0.917121 0.383161
vn 0.460597 0.541669 0.703168
vn 0.476341 0.627381 0.61603
vn 0.403152 0.622271 0.671005
vn 0.021796 0.795181 0.60598
vn -0.733568 0.657943 -0.170262
vn -0.747765 0.382058 -0.543028
vn -0.685908 0.385349 -0.617282
vn -0.759877 0.276413 -0.588373
vn -0.271699 -0.940821 0.202572
vn -0.161299 -0.955363 0.247518
vn -0.232344 -0.926256 0.296759
vn -0.578087 -0.239925 0.779905
vn 0.145282 0.75857 0.635189
vn 0.365765 0.719435 0.590449
vn 0.426517 0.643558 0.635544
vn -0.121762 0.911724 0.392343
vn -0.741472 0.364017 -0.563658
vn -0.713527 0.422754 -0.558712
vn -0.749058 0.525669 -0.403217
vn -0.949095 0.120177 0.291164
vn -0.22811 -0.789585 0.569668
vn -0.137189 -0.911298 0.38822
vn -0.186974 -0.937275 0.294203
vn -0.028102 -0.52897 0.848175
vn 0.399261 0.671184 0.624582
vn 0.425662 0.62752 0.651943
vn 0.328565 0.539815 0.775013
vn -0.477385 0.506457 0.718056
vn -0.902226 0.205712 -0.379039
vn -0.770985 0.292909 -0.565497
vn -0.716323 0.40078 -0.57119
vn -0.943412 -0.208649 -0.257759
vn -0.175298 -0.926818 0.332082
vn -0.207308 -0.936081 0.284212
vn -0.372496 -0.880595 0.292915
vn -0.878539 0.45575 -0.143045
vn -0.081991 0.967926 0.23748
vn 0.227037 0.804711 0.548539
vn 0.197229 0.472781 0.858824
vn -0.777635 -0.149349 0.61072
vn -0.949761 0.072344 -0.304499
vn -0.774755 0.50506 -0.380354
vn -0.49101 0.869924 -0.046267
vn 0.04799 0.533049 0.844722
vn 0.15151 -0.502269 0.851334
vn -0.108525 -0.831737 0.54446
vn -0.505588 -0.795168 0.334798
vn -0.824076 0.325841 0.463386
vn 0.021401 0.812549 0.5825
vn 0.294353 0.554653 0.778278
vn 0.241724 0.031344 0.969839
vn -0.519121 -0.710524 0.475047
vn -0.87147 -0.349794 -0.34378
vn -0.858762 0.144077 -0.4917
vn -0.78831 0.566773 -0.239448
vn -0.517752 0.237786 0.821822
vn -0.197903 -0.695279 0.690957
vn -0.380418 -0.865315 0.326362
vn -0.731928 -0.681382 0.000196
vn -0.527613 0.501943 -0.685331
vn -0.394704 0.809924 -0.433857
vn -0.548125 0.762754 0.34317
vn -0.665866 -0.077797 0.742004
vn -0.762991 -0.284193 0.580585
vn -0.8924 -0.060287 0.4472
vn -0.542787 0.718496 0.434908
vn 0.321594 0.829199 0.457173
vn 0.614378 0.530251 0.584271
vn 0.581057 0.191123 0.791103
vn -0.168028 -0.092615 0.981422
vn -0.876196 0.138614 0.461592
vn -0.850901 0.39048 0.351416
vn -0.67375 0.461323 0.577271
vn -0.266327 -0.128036 0.955341
vn 0.01236 -0.870534 0.491953
vn -0.129507 -0.98808 0.083217
vn -0.430148 -0.89573 -0.112425
vn -0.921759 -0.351687 0.163331
vn -0.6025 0.356261 0.714193
vn -0.400833 0.290132 0.868997
vn -0.526604 0.005923 0.85009
vn -0.947403 -0.25294 0.196084
vn -0.78952 0.095409 -0.606263
vn -0.437504 0.461989 -0.771464
vn -0.723719 0.154115 -0.672666
vn -0.971484 -0.050307 -0.231708
vn -0.980484 0.00493 0.196535
vn -0.79838 0.182587 0.573805
vn -0.327042 0.355013 0.875791
vn 0.2845 0.39304 0.874402
vn 0.639041 0.39075 0.662526
vn 0.695679 0.524791 0.490535
vn 0.414565 0.791029 0.4499
vn -0.091624 0.847614 0.522643
vn -0.446871 0.626467 0.638628
vn -0.663682 0.219568 0.715064
vn -0.722846 -0.370639 0.583198
vn -0.518616 -0.825635 0.222179
vn -0.238823 -0.970782 -0.023383
vn -0.02741 -0.999488 0.016507
vn 0.03121 -0.916817 0.398086
vn -0.164112 -0.592537 0.788649
vn -0.455667 -0.273526 0.847084
vn -0.735457 0.025968 0.677073
vn -0.879536 0.396951 0.262385
vn -0.703164 0.657138 -0.271533
vn -0.454597 0.645095 -0.614162
vn -0.942108 0.313195 0.119758
vn -0.973037 -0.201887 -0.111536
vn -0.942185 -0.010282 -0.334937
vn -0.770281 0.531086 -0.353008
vn -0.17707 0.982882 0.050878
vn 0.346837 0.774741 0.528659
vn 0.472208 0.383605 0.793642
vn 0.27907 0.151575 0.948233
vn -0.249879 0.507093 0.824874
vn -0.254287 0.862233 0.438055
vn 0.018482 0.856389 0.516
vn 0.283158 0.528588 0.80026
vn 0.301541 -0.32456 0.896512
vn -0.066507 -0.896321 0.438389
vn -0.398724 -0.912666 0.08977
vn -0.661487 -0.74755 0.06004
vn -0.602516 -0.469099 0.645693
vn -0.129677 -0.423746 0.89645
vn -0.121557 -0.680224 0.722855
vn -0.411343 -0.854932 0.316051
vn -0.78497 -0.544511 -0.295515
vn -0.783276 0.20002 -0.588618
vn -0.584007 0.680773 -0.442136
vn -0.557065 0.819227 -0.136183
vn -0.863763 0.136204 0.485141
vn -0.950487 0.142155 0.276344
vn -0.768216 0.53778 -0.347328
vn 0.022791 0.802193 -0.596629
vn 0.435125 0.809012 -0.395178
vn 0.599481 0.798453 -0.055634
vn 0.333966 0.738063 0.586284
vn -0.427369 0.37265 0.823703
vn -0.621033 0.33554 0.70833
vn -0.455989 0.505703 0.732351
vn 0.281657 0.521873 0.805182
vn 0.858568 -0.034862 0.511513
vn 0.827506 -0.481835 0.288216
vn 0.558578 -0.800144 0.218542
vn -0.135903 -0.895639 0.42351
vn -0.702864 -0.275979 0.655605
vn -0.673768 -0.05175 0.737129
vn -0.584593 -0.263617 0.767305
vn -0.418244 -0.852905 0.312449
vn -0.203839 -0.85878 -0.47005
vn -0.19415 -0.556541 -0.807817
vn -0.341745 -0.204013 -0.917382
vn -0.794131 0.264138 -0.547345
vn -0.895614 0.299542 0.328863
vn -0.954584 0.242807 0.172668
vn -0.717217 0.688324 0.10867
vn -0.047818 0.986004 -0.159717
vn 0.480879 0.780768 -0.398945
vn 0.573585 0.649452 -0.499213
vn 0.388074 0.795849 -0.464783
vn -0.160868 0.986921 0.010425
vn -0.405309 0.758086 0.510911
vn -0.326475 0.518736 0.790144
vn -0.035296 0.195758 0.980017
vn 0.538255 -0.309965 0.783712
vn 0.831881 -0.502799 0.234876
vn 0.88808 -0.456222 0.05636
vn 0.868057 -0.397149 0.297908
vn 0.345794 -0.316399 0.883356
vn -0.280409 -0.295539 0.913251
vn -0.591689 -0.39857 0.700747
vn -0.772447 -0.565364 0.28929
vn -0.614907 -0.656614 -0.436747
vn -0.15637 -0.526023 -0.835971
vn 0.028431 -0.497554 -0.866967
vn -0.158752 -0.622082 -0.766689
vn -0.756952 -0.571398 -0.317061
vn -0.985283 -0.15216 0.077882
vn -0.573332 0.383088 -0.724247
vn -0.056121 0.902427 -0.427172
vn 0.285182 0.952022 -0.111016
vn 0.382397 0.923624 0.026297
vn 0.044839 0.985367 -0.164443
vn -0.316147 0.886842 -0.33699
vn -0.204827 0.956282 -0.208736
vn 0.138722 0.984978 0.102837
vn 0.584773 0.624595 0.517612
vn 0.733451 -0.111399 0.670551
vn 0.586876 -0.596026 0.548024
vn 0.474571 -0.738978 0.478219
vn 0.573333 -0.383089 0.724246
vn 0.559179 0.04825 0.827642
vn 0.515881 -0.140814 0.845008
vn 0.35454 -0.615573 0.703826
vn -0.04484 -0.985367 0.164443
vn -0.394795 -0.813875 -0.426315
vn -0.523247 -0.469798 -0.710987
vn -0.561121 -0.300672 -0.771194
vn -0.584772 -0.624596 -0.517612
vn -0.514886 -0.835098 -0.19366
vn -0.608091 -0.736261 -0.296892
vn -0.731939 -0.375862 -0.568325
vn 0.363759 0.15197 -0.919013
vn 0.469058 0.497091 -0.72999
vn 0.247007 0.912132 -0.327112
vn -0.309062 0.934665 0.175735
vn -0.511166 0.820107 0.257165
vn -0.409611 0.904199 0.121012
vn 0.136384 0.976353 -0.167735
vn 0.753222 0.578209 -0.313577
vn 0.959731 0.152652 -0.235827
vn 0.984311 -0.174792 -0.024065
vn 0.754121 -0.418541 0.506088
vn 0.12448 -0.266045 0.95589
vn -0.057028 -0.099069 0.993445
vn 0.130936 -0.140534 0.98138
vn 0.602611 -0.452338 0.657458
vn 0.739973 -0.666609 -0.089851
vn 0.540166 -0.661521 -0.520203
vn 0.230139 -0.641041 -0.73219
vn -0.36976 -0.632367 -0.680727
vn -0.868529 -0.474819 -0.14214
vn -0.896366 -0.433776 0.091467
vn -0.839022 -0.541464 -0.053471
vn -0.549382 -0.586967 -0.594684
vn 0.033589 -0.231539 -0.972246
vn 0.638972 0.013998 -0.769103
vn 0.448349 -0.000689 -0.893858
vn -0.298529 0.465954 -0.832927
vn -0.555164 0.803308 -0.215615
vn -0.35988 0.926732 0.107951
vn 0.056709 0.957089 0.284191
vn 0.77742 0.612912 0.141271
vn 0.953293 0.01726 -0.301554
vn 0.865715 -0.076504 -0.494657
vn 0.906477 0.13993 -0.398397
vn 0.791701 0.457449 0.404907
vn 0.341616 0.198653 0.918605
vn 0.167523 -0.183021 0.968731
vn 0.14598 -0.636356 0.757457
vn 0.342944 -0.939217 -0.016173
vn 0.542265 -0.563351 -0.623365
vn 0.653605 -0.357304 -0.667184
vn 0.666773 -0.532614 -0.521284
vn 0.048269 -0.993464 -0.103438
vn -0.602312 -0.796562 0.052058
vn -0.832626 -0.543411 -0.106954
vn -0.855671 -0.245679 -0.455487
vn -0.261502 0.150256 -0.953436
vn 0.492669 0.163749 -0.854672
vn 0.284625 0.126121 -0.950306
vn -0.282121 -0.258501 -0.923897
vn -0.466156 0.020924 -0.884455
vn -0.308356 0.529387 -0.790358
vn 0.262689 0.893488 -0.364244
vn 0.778938 0.609313 0.148303
vn 0.940755 0.132854 0.311977
vn 0.975039 -0.141108 0.17143
vn 0.948701 0.237785 -0.208385
vn 0.604854 0.785391 -0.131582
vn 0.612057 0.770122 0.179716
vn 0.780582 0.419192 0.463648
vn 0.783793 -0.400637 0.474509
vn 0.33539 -0.94189 -0.018894
vn 0.046002 -0.899475 -0.434544
vn 0.072149 -0.740531 -0.668138
vn 0.547883 -0.706212 -0.448429
vn 0.62529 -0.755849 0.194177
vn 0.328817 -0.918833 0.218234
vn -0.020109 -0.993054 -0.115926
vn -0.328841 -0.644844 -0.689957
vn -0.26257 0.159043 -0.951715
vn 0.049136 0.606998 -0.793183
vn 0.3294 0.631951 -0.701522
vn -0.693735 0.293881 -0.657545
vn -0.637679 0.084739 -0.765627
vn -0.273272 -0.004705 -0.961925
vn 0.344845 -0.039682 -0.937821
vn 0.802834 -0.070988 -0.591962
vn 0.979732 -0.076643 -0.185073
vn 0.971455 0.053086 0.231206
vn 0.722638 0.413113 0.554195
vn 0.462146 0.709006 0.532664
vn 0.488836 0.803727 0.339207
vn 0.72486 0.687827 0.038353
vn 0.894773 0.255761 -0.366016
vn 0.724752 -0.260374 -0.637918
vn 0.408259 -0.600667 -0.687404
vn 0.093093 -0.848595 -0.520788
vn -0.115872 -0.990609 -0.072583
vn -0.06148 -0.94855 0.310601
vn 0.159636 -0.92441 0.346385
vn 0.456046 -0.887858 0.061076
vn 0.683406 -0.593129 -0.425622
vn 0.66983 -0.096693 -0.736191
vn 0.496946 0.31816 -0.807353
vn 0.162484 0.590863 -0.79024
vn -0.378393 0.582294 -0.71955
vn -0.608886 0.25744 -0.750321
vn -0.274919 0.615825 -0.738362
vn 0.598513 0.486061 -0.63681
vn 0.883776 -0.244576 -0.398902
vn 0.731545 -0.511107 -0.451234
vn 0.643024 -0.383338 -0.663003
vn 0.605906 0.562732 -0.562326
vn 0.447465 0.88416 0.1343
vn 0.547514 0.708777 0.444819
vn 0.78672 0.336606 0.517464
vn 0.940862 -0.322674 -0.103253
vn 0.507573 -0.350287 -0.787191
vn 0.411814 -0.097093 -0.906081
vn 0.622616 0.030823 -0.78192
vn 0.913286 -0.405351 -0.039995
vn 0.373971 -0.829253 0.415313
vn 0.041818 -0.968709 0.244652
vn -0.094749 -0.980771 -0.170616
vn 0.23151 -0.510507 -0.828122
vn 0.703587 0.186448 -0.685713
vn 0.868381 0.213774 -0.447453
vn 0.878498 -0.064281 -0.473402
vn 0.137714 -0.488522 -0.861615
vn -0.580865 -0.158069 -0.798505
vn -0.018023 0.143314 -0.989513
vn 0.55022 0.802795 -0.229734
vn 0.781467 0.597342 0.180254
vn 0.947033 0.194727 0.255363
vn 0.755414 -0.396588 -0.521601
vn -0.177761 0.078734 -0.980919
vn -0.177434 0.548287 -0.81725
vn 0.166704 0.820703 -0.546495
vn 0.884467 0.466406 -0.013533
vn 0.708842 -0.666491 0.230939
vn 0.301851 -0.953024 -0.025139
vn 0.119485 -0.906685 -0.404531
vn 0.524007 -0.125341 -0.842441
vn 0.80054 0.598087 0.037791
vn 0.854695 0.333161 0.398121
vn 0.875734 -0.184116 0.446308
vn 0.450921 -0.86641 -0.214486
vn -0.252348 -0.373228 -0.892761
vn -0.272315 0.194571 -0.94233
vn 0.040715 0.535064 -0.84383
vn 0.83919 0.108221 -0.532962
vn 0.43798 -0.897213 -0.056414
vn 0.024278 -0.972634 -0.231072
vn -0.199877 -0.779589 -0.59354
vn 0.951121 -0.009324 -0.308679
vn 0.757689 0.623217 0.19367
vn 0.718243 0.594686 0.361215
vn 0.742964 0.547517 0.385006
vn 0.200782 0.704852 -0.680346
vn -0.405007 0.348469 -0.845304
vn -0.33417 0.445533 -0.830561
vn -0.09606 0.461321 -0.882018
vn 0.537393 -0.546555 -0.642251
vn 0.293937 -0.955758 0.011347
vn 0.119942 -0.992081 0.037277
vn 0.087083 -0.996149 -0.01022
vn 0.946371 -0.0846 0.311808
vn 0.720101 0.581051 0.379256
vn 0.769711 0.488659 0.410801
vn 0.898081 0.341924 0.276655
vn 0.514155 0.170443 -0.840591
vn -0.30916 0.181409 -0.933547
vn -0.405256 0.324796 -0.854561
vn -0.373988 0.38131 -0.84542
vn -0.032953 -0.808348 -0.587782
vn 0.098985 -0.994687 0.028282
vn 0.049015 -0.996583 -0.066488
vn 0.144513 -0.952206 -0.269111
vn 0.947872 0.216348 0.233949
vn 0.732924 0.59178 0.335588
vn 0.680479 0.608459 0.408321
vn 0.674586 0.67162 0.306367
vn -0.34973 0.464995 -0.813307
vn -0.446927 0.371586 -0.813745
vn -0.362628 0.359879 -0.859644
vn -0.179108 -0.048118 -0.982652
vn 0.14648 -0.907619 -0.393409
vn 0.14579 -0.989061 0.022432
vn 0.072816 -0.994316 0.077681
vn 0.18823 -0.975197 0.116445
vn 0.758719 0.483586 0.43645
vn 0.690685 0.585623 0.424263
vn 0.749545 0.554789 0.361097
vn 0.756426 0.652066 -0.051281
vn 0.03822 0.507596 -0.860747
vn -0.381834 0.310772 -0.870416
vn -0.458844 0.341114 -0.820429
vn -0.447292 0.215517 -0.868034
vn 0.021659 -0.997971 -0.059873
vn 0.052615 -0.997036 0.056131
vn 0.112954 -0.993526 -0.012171
vn 0.532166 -0.84664 0.000769
vn 0.682082 -0.10809 -0.723243
vn -0.84042 0.221574 0.494569
vn -0.781344 0.175402 0.598945
vn 0.712159 -0.125619 -0.690688
vn -0.756086 0.228462 0.613301
vn -0.718282 0.131531 0.683206
vn 0.795285 -0.184209 -0.577572
vn 0.840987 -0.220889 -0.493912
vn -0.682295 0.10822 0.723023
vn 0.82817 -0.209548 -0.519832
vn 0.785575 -0.177258 -0.592833
vn -0.714901 0.128197 0.687373
vn 0.731913 -0.145939 -0.665587
vn 0.715782 -0.130579 -0.686006
vn -0.789922 0.178789 0.586565
vn -0.857742 0.233273 0.458107
vn 0.691287 -0.083903 -0.717693
vn -0.79128 0.226926 0.567785
vn -0.781603 0.211786 0.586723
vn 0.71943 -0.117779 -0.684506
vn -0.73779 0.148614 0.658468
vn -0.720216 0.121152 0.683089
vn 0.77288 -0.195366 -0.603729
vn 0.864112 -0.43828 -0.247431
vn -0.691466 0.084123 0.717495
vn 0.787521 -0.21892 -0.576094
vn 0.789359 -0.222504 -0.572192
vn -0.720529 0.120095 0.682946
vn 0.73538 -0.143698 -0.662244
vn 0.716896 -0.117823 -0.687152
vn -0.771595 0.191799 0.60651
vn -0.829828 0.55653 -0.040747
vn 0.701298 -0.05595 -0.710669
vn -0.764454 0.228691 0.602752
vn -0.777777 0.289315 0.557996
vn 0.725713 -0.110604 -0.679049
vn -0.737211 0.146395 0.659613
vn -0.722867 0.107096 0.682637
vn 0.757507 -0.202931 -0.620486
vn -0.416227 -0.366139 0.832284
vn -0.701443 0.05627 0.710501
vn 0.763559 -0.223384 -0.605869
vn 0.78887 -0.345558 -0.508206
vn -0.725814 0.112054 0.678703
vn 0.736272 -0.143129 -0.661376
vn 0.718559 -0.098546 -0.688448
vn -0.757775 0.201516 0.620619
vn 0.540518 0.210999 -0.814445
vn 0.713863 -0.01785 -0.700058
vn -0.745796 0.229412 0.625426
vn -0.68219 0.631753 0.36811
vn 0.732091 -0.10289 -0.673391
vn -0.736993 0.14555 0.660043
vn -0.727205 0.083505 0.681322
vn 0.744736 -0.209293 -0.633691
vn -0.688807 -0.073921 0.721166
vn -0.713972 0.018303 0.699935
vn 0.746025 -0.226124 -0.62635
vn -0.034503 -0.87788 0.477636
vn -0.731639 0.102665 0.673917
vn 0.736727 -0.142852 -0.660929
vn 0.721407 -0.059718 -0.689931
vn -0.745406 0.210239 0.63259
vn 0.696827 0.043565 -0.715915
vn 0.7325 0.047369 -0.679117
vn -0.730431 0.229651 0.64322
vn 0.695613 0.268938 -0.666179
vn 0.73973 -0.09311 -0.666431
vn -0.736876 0.145053 0.660283
vn -0.736586 0.024693 0.675893
vn 0.732293 -0.215603 -0.645958
vn -0.736285 -0.002127 0.676668
vn -0.732566 -0.04669 0.679093
vn 0.730999 -0.228087 -0.64313
vn -0.726438 -0.100194 0.679889
vn -0.73934 0.089502 0.667357
vn 0.73703 -0.142674 -0.66063
vn 0.722672 0.096052 -0.684485
vn -0.732489 0.219404 0.644454
vn 0.736319 -0.00905 -0.676574
vn 0.763415 0.214262 -0.609336
vn -0.715889 0.229568 0.659395
vn 0.763751 0.026754 -0.644956
vn 0.750951 -0.077848 -0.655753
vn -0.736794 0.144692 0.660454
vn -0.666747 -0.58406 0.46295
vn 0.718126 -0.222901 -0.65925
vn -0.756445 0.032443 0.653252
vn -0.763495 -0.213091 0.609646
vn 0.71626 -0.229669 -0.658956
vn -0.759022 0.010164 0.650986
vn -0.7524 0.0656 0.655432
vn 0.737272 -0.142538 -0.660389
vn -0.628472 0.468045 0.621254
vn -0.716628 0.230659 0.658211
vn 0.755379 -0.037089 -0.654237
vn 0.356838 0.912469 0.200168
vn -0.700189 0.229159 0.676182
vn 0.774178 -0.039221 -0.631752
vn 0.773448 -0.044743 -0.632278
vn -0.736728 0.144378 0.660596
vn 0.670154 -0.292126 -0.682317
vn 0.698856 -0.232855 -0.676298
vn -0.768583 0.055052 0.637377
vn -0.356863 -0.91246 -0.200161
vn 0.699749 -0.231066 -0.675988
vn -0.769126 0.053171 0.636881
vn -0.787195 -0.007154 0.616663
vn 0.737494 -0.142421 -0.660165
vn -0.695935 0.242956 0.675757
vn -0.692806 0.247294 0.677396
vn 0.767696 -0.056537 -0.638316
vn -0.51651 0.417093 0.747831
vn -0.680617 0.228259 0.696174
vn 0.778358 -0.072807 -0.623585
vn 0.861962 0.129 -0.490285
vn -0.736671 0.144075 0.660726
vn 0.697134 -0.206918 -0.686433
vn 0.665337 -0.249726 -0.703536
vn -0.777546 0.072957 0.62458
vn 0.517384 -0.416257 -0.747692
vn 0.678248 -0.232403 -0.697114
vn -0.774573 0.078564 0.627586
vn 0.182717 -0.65361 -0.734445
vn 0.737725 -0.142307 -0.659932
vn -0.704079 0.197705 0.682045
vn -0.643956 0.279569 0.712153
vn 0.777267 -0.07262 -0.624965
vn -0.612118 0.260452 0.746643
vn -0.651343 0.226338 0.72424
vn 0.780886 -0.09565 -0.617307
vn -0.573855 0.284478 0.76796
vn -0.736613 0.143738 0.660863
vn 0.704672 -0.178156 -0.686803
vn 0.573309 -0.291364 -0.765783
vn -0.785242 0.089387 0.612703
vn 0.612605 -0.260049 -0.746385
vn 0.644052 -0.233714 -0.728406
vn -0.778479 0.097499 0.620052
vn 0.661641 -0.216345 -0.717932
vn 0.737998 -0.142181 -0.659654
vn -0.707177 0.17635 0.684691
vn -0.438485 0.388551 0.810406
vn 0.785849 -0.087943 -0.612134
vn -0.643692 0.197282 0.739419
vn -0.593265 0.221248 0.774006
vn 0.78285 -0.114491 -0.611586
vn -0.675134 0.178041 0.715888
vn -0.736545 0.143313 0.661032
vn 0.708439 -0.161988 -0.68693
vn -0.477738 -0.431958 -0.764969
vn -0.792764 0.106609 0.600134
vn 0.644053 -0.197095 -0.739154
vn 0.568272 -0.234307 -0.788776
vn -0.78189 0.114284 0.612851
vn 0.693712 -0.169144 -0.70011
vn 0.738377 -0.142018 -0.659265
vn -0.708848 0.162325 0.68643
vn 0.972448 0.110448 -0.205296
vn 0.794604 -0.10461 -0.598048
vn -0.660653 0.159879 0.733468
vn -0.381808 0.194843 0.903471
vn 0.784677 -0.132722 -0.60553
vn -0.698084 0.150903 0.699934
vn -0.736453 0.142672 0.661272
vn 0.710894 -0.150202 -0.687073
vn -0.885602 0.098219 0.45394
vn -0.801123 0.127329 0.584798
vn 0.660946 -0.159824 -0.733216
vn 0.190683 -0.210569 -0.958802
vn -0.785383 0.131657 0.604847
vn 0.706032 -0.150143 -0.692081
vn 0.739025 -0.14175 -0.658597
vn -0.709927 0.150974 0.687903
vn 0.847815 -0.110219 -0.518711
vn 0.804801 -0.125521 -0.58012
vn -0.6724 0.1322 0.728287
vn 0.975091 -0.185081 0.122237
vn 0.786636 -0.153339 -0.598073
vn -0.709213 0.137471 0.691462
vn -0.736281 0.141394 0.661739
vn 0.7128 -0.13986 -0.687281
vn -0.814966 0.157019 0.557831
vn -0.811821 0.15678 0.562465
vn 0.672649 -0.132243 -0.728049
vn -0.964812 0.180785 0.190933
vn -0.789518 0.152815 0.594398
vn 0.713276 -0.138901 -0.686982
vn 0.740738 -0.141073 -0.656815
vn -0.710695 0.140115 0.689406
vn 0.804284 -0.153791 -0.573999
vn 0.818651 -0.156939 -0.552432
vn -0.682082 0.10809 0.723243
vn 0.856653 -0.236058 -0.458719
vn 0.788973 -0.181214 -0.587097
vn -0.716526 0.128677 0.685589
vn -0.735633 0.136423 0.663501
vn 0.714514 -0.129191 -0.687589
vn -0.785631 0.177111 0.592803
vn -0.827979 0.210036 0.519938
vn 0.682294 -0.10822 -0.723024
vn -0.841216 0.220309 0.49378
vn -0.795215 0.184384 0.577612
vn 0.718608 -0.130696 -0.683023
vn 0.799885 -0.116404 -0.588756
vn -0.711264 0.127908 0.69119
vn 0.782143 -0.173358 -0.598497
vn 0.841331 -0.219241 -0.49406
vn -0.691287 0.083904 0.717693
vn 0.79681 -0.236728 -0.555926
vn 0.791744 -0.22945 -0.566122
vn -0.722317 0.121813 0.680749
vn 0.738232 -0.157915 -0.655802
vn 0.71629 -0.116193 -0.68806
vn -0.768125 0.188006 0.612077
vn -0.851338 0.36201 0.3797
vn 0.691467 -0.084124 -0.717493
vn -0.79242 0.227218 0.566076
vn -0.804205 0.24884 0.539753
vn 0.723208 -0.123736 -0.679456
vn -0.733773 0.143708 0.664022
vn -0.711629 0.111441 0.693661
vn 0.767348 -0.185471 -0.613822
vn 0.866109 -0.437699 -0.241403
vn -0.701297 0.055948 0.71067
vn 0.766479 -0.236302 -0.59722
vn 0.788493 -0.361041 -0.497924
vn -0.727599 0.115678 0.676179
vn 0.737035 -0.147816 -0.659492
vn 0.718468 -0.096759 -0.688797
vn -0.755199 0.195462 0.625675
vn 0.086964 0.645367 -0.758907
vn 0.701443 -0.05627 -0.710501
vn -0.765491 0.23031 0.600816
vn -0.789115 0.516527 0.332412
vn 0.727725 -0.117027 -0.675811
vn -0.735797 0.142923 0.661949
vn -0.711469 0.082882 0.697812
vn 0.75553 -0.194546 -0.62556
vn -0.412884 -0.364401 0.834709
vn -0.713863 0.01785 0.700057
vn 0.746167 -0.235948 -0.622545
vn -0.119441 -0.841561 0.526792
vn -0.733059 0.109466 0.671298
vn 0.736823 -0.146145 -0.660101
vn 0.72169 -0.05687 -0.689877
vn -0.744066 0.201433 0.637017
vn 0.672937 0.121893 -0.729587
vn 0.713971 -0.018306 -0.699935
vn -0.746431 0.232375 0.623572
vn 0.615498 0.261734 -0.74341
vn 0.732748 -0.109703 -0.671599
vn -0.736509 0.142627 0.66122
vn -0.707287 0.003191 0.70692
vn 0.744675 -0.202391 -0.636001
vn -0.686493 -0.077278 0.723019
vn -0.7325 -0.047371 0.679117
vn 0.729709 -0.235718 -0.641843
vn -0.72894 -0.095412 0.677896
vn -0.739474 0.102301 0.665366
vn 0.736715 -0.145389 -0.660389
vn 0.720861 0.121987 -0.682259
vn -0.733145 0.206878 0.647843
vn 0.734964 0.020969 -0.677782
vn 0.732565 0.046693 -0.679094
vn -0.730315 0.234132 0.641733
vn 0.734712 0.023415 -0.677975
vn 0.739153 -0.100484 -0.666
vn -0.736917 0.142451 0.660803
vn 0.18986 -0.981635 -0.018573
vn 0.733353 -0.210089 -0.646573
vn -0.735316 -0.006374 0.677694
vn -0.763416 -0.214265 0.609333
vn 0.71414 -0.235594 -0.659166
vn -0.759599 0.013668 0.650248
vn -0.748242 0.092623 0.656928
vn 0.736637 -0.144903 -0.660582
vn -0.655755 0.403293 0.638231
vn -0.720969 0.212506 0.659579
vn 0.757747 -0.021805 -0.652185
vn 0.763498 0.213088 -0.609642
vn -0.714477 0.235908 0.658688
vn 0.755804 -0.037167 -0.653743
vn 0.7489 -0.086478 -0.657016
vn -0.737219 0.142308 0.660498
vn 0.703286 -0.279723 -0.653563
vn 0.719872 -0.218695 -0.658754
vn -0.756528 0.027681 0.653375
vn -0.356847 -0.912467 -0.200159
vn 0.6971 -0.235556 -0.677174
vn -0.768664 0.057004 0.637108
vn -0.763044 0.076195 0.64184
vn 0.73657 -0.144516 -0.660742
vn -0.701284 0.229432 0.674953
vn -0.705294 0.219184 0.67418
vn 0.770758 -0.047934 -0.635322
vn 0.356826 0.912475 0.200163
vn -0.696441 0.237967 0.67701
vn 0.764722 -0.067229 -0.640844
vn 0.768518 -0.05752 -0.637237
vn -0.737486 0.142172 0.660228
vn 0.710026 -0.211765 -0.671579
vn 0.701043 -0.229917 -0.675038
vn -0.769702 0.04991 0.636449
vn 0.516515 -0.417089 -0.74783
vn 0.675225 -0.235578 -0.698981
vn -0.773063 0.082682 0.628918
vn -0.799703 0.033179 0.599479
vn 0.736497 -0.144155 -0.660902
vn -0.708349 0.190169 0.679763
vn -0.680917 0.228664 0.695748
vn 0.78024 -0.067746 -0.6218
vn -0.517382 0.416241 0.747703
vn -0.672138 0.240713 0.700206
vn 0.769967 -0.087212 -0.632096
vn 0.842543 0.074364 -0.533471
vn -0.737766 0.142018 0.659948
vn 0.711848 -0.185689 -0.677342
vn 0.667945 -0.248041 -0.701658
vn -0.779854 0.067556 0.622305
vn 0.612119 -0.260452 -0.746643
vn 0.640712 -0.235535 -0.730761
vn -0.775767 0.101635 0.622781
vn -0.783418 -0.536125 -0.314367
vn 0.736409 -0.143751 -0.661088
vn -0.71149 0.171225 0.681516
vn -0.629209 0.246372 0.737155
vn 0.788468 -0.085431 -0.609114
vn -0.612607 0.260054 0.746381
vn -0.630957 0.24499 0.73612
vn 0.773701 -0.10317 -0.625094
vn -0.555293 0.301371 0.775129
vn -0.738113 0.141815 0.659604
vn 0.712821 -0.170458 -0.680316
vn 0.578 -0.290547 -0.76256
vn -0.789064 0.083939 0.608549
vn 0.643692 -0.197281 -0.739419
vn 0.564622 -0.234349 -0.79138
vn -0.777682 0.11799 0.617487
vn 0.630226 -0.200242 -0.750146
vn 0.736279 -0.143214 -0.661349
vn -0.713518 0.158874 0.682387
vn -0.394484 0.303369 0.867381
vn 0.796742 -0.103727 -0.595351
vn -0.644051 0.197096 0.739156
vn -0.526412 0.252795 0.811779
vn 0.776749 -0.117861 -0.618684
vn -0.673484 0.180138 0.716917
vn -0.738644 0.141485 0.659081
vn 0.713552 -0.159345 -0.682241
vn -0.383743 -0.445145 -0.809066
vn -0.798725 0.101555 0.593064
vn 0.660653 -0.15988 -0.733469
vn 0.189675 -0.20637 -0.959914
vn -0.779172 0.134091 0.612299
vn 0.683938 -0.153285 -0.713255
vn 0.736044 -0.14229 -0.661811
vn -0.715145 0.149193 0.682868
vn 0.972004 -0.048864 -0.229828
vn 0.80635 -0.125828 -0.577899
vn -0.660947 0.159826 0.733215
vn 0.247045 0.208742 0.946253
vn 0.779537 -0.133223 -0.612025
vn -0.696903 0.151904 0.700893
vn -0.739802 0.14074 0.65794
vn 0.714225 -0.149874 -0.683682
vn -0.89393 0.091433 0.438782
vn -0.810476 0.123798 0.572541
vn 0.672399 -0.132201 -0.728287
vn -0.965056 0.184678 0.185905
vn -0.780394 0.152111 0.606505
vn 0.70206 -0.135908 -0.699028
vn 0.735346 -0.139692 -0.663138
vn -0.716668 0.14046 0.683123
vn 0.838549 -0.161013 -0.520491
vn 0.819449 -0.158107 -0.550914
vn -0.672647 0.132243 0.728051
vn 0.924513 -0.174902 -0.338651
vn 0.782375 -0.151569 -0.604083
vn -0.707828 0.137829 0.692808
vn -0.746739 0.136152 0.651033
vn 0.714937 -0.140685 -0.684889
vn -0.820402 0.156167 0.550048
vn -0.827462 0.158349 0.538733

f 1/1/1 2/2/2 25/25/25
f 2/2/2 26/26/26 25/25/25
f 2/2/2 3/3/3 26/26/26
f 3/3/3 27/27/27 26/26/26
f 3/3/3 4/4/4 27/27/27
f 4/4/4 28/28/28 27/27/27
f 4/4/4 5/5/5 28/28/28
f 5/5/5 29/29/29 28/28/28
f 5/5/5 6/6/6 29/29/29
f 6/6/6 30/30/30 29/29/29
f 6/6/6 7/7/7 30/30/30
f 7/7/7 31/31/31 30/30/30
f 7/7/7 8/8/8 31/31/31
f 8/8/8 32/32/32 31/31/31
f 8/8/8 9/9/9 32/32/32
f 9/9/9 33/33/33 32/32/32
f 9/9/9 10/10/10 33/33/33
f 10/10/10 34/34/34 33/33/33
f 10/10/10 11/11/11 34/34/34
f 11/11/11 35/35/35 34/34/34
f 11/11/11 12/12/12 35/35/35
f 12/12/12 36/36/36 35/35/35
f 12/12/12 13/13/13 36/36/36
f 13/13/13 37/37/37 36/36/36
f 13/13/13 14/14/14 37/37/37
f 14/14/14 38/38/38 37/37/37
f 14/14/14 15/15/15 38/38/38
f 15/15/15 39/39/39 38/38/38
f 15/15/15 16/16/16 39/39/39
f 16/16/16 40/40/40 39/39/39
f 16/16/16 17/17/17 40/40/40
f 17/17/17 41/41/41 40/40/40
f 17/17/17 18/18/18 41/41/41
f 18/18/18 42/42/42 41/41/41
f 18/18/18 19/19/19 42/42/42
f 19/19/19 43/43/43 42/42/42
f 19/19/19 20/20/20 43/43/43
f 20/20/20 44/44/44 43/43/43
f 20/20/20 21/21/21 44/44/44
f 21/21/21 45/45/45 44/44/44
f 21/21/21 22/22/22 45/45/45
f 22/22/22 46/46/46 45/45/45
f 22/22/22 23/23/23 46/46/46
f 23/23/23 47/47/47 46/46/46
f 23/23/23 24/24/24 47/47/47
f 24/24/24 48/48/48 47/47/47
f 24/24/24 1/1/1 48/48/48
f 1/1/1 25/25/25 48/48/48
f 25/25/25 26/26/26 49/49/49
f 26/26/26 50/50/50 49/49/49
f 26/26/26 27/27/27 50/50/50
f 27/27/27 51/51/51 50/50/50
f 27/27/27 28/28/28 51/51/51
f 28/28/28 52/52/52 51/51/51
f 28/28/28 29/29/29 52/52/52
f 29/29/29 53/53/53 52/52/52
f 29/29/29 30/30/30 53/53/53
f 30/30/30 54/54/54 53/53/53
f 30/30/30 31/31/31 54/54/54
f 31/31/31 55/55/55 54/54/54
f 31/31/31 32/32/32 55/55/55
f 32/32/32 56/56/56 55/55/55
f 32/32/32 33/33/33 56/56/56
f 33/33/33 57/57/57 56/56/56
f 33/33/33 34/34/34 57/57/57
f 34/34/34 58/58/58 57/57/57
f 34/34/34 35/35/35 58/58/58
f 35/35/35 59/59/59 58/58/58
f 35/35/35 36/36/36 59/59/59
f 36/36/36 60/60/60 59/59/59
f 36/36/36 37/37/37 60/60/60
f 37/37/37 61/61/61 60/60/60
f 37/37/37 38/38/38 61/61/61
f 38/38/38 62/62/62 61/61/61
f 38/38/38 39/39/39 62/62/62
f 39/39/39 63/63/63 62/62/62
f 39/39/39 40/40/40 63/63/63
f 40/40/40 64/64/64 63/63/63
f 40/40/40 41/41/41 64/64/64
f 41/41/41 65/65/65 64/64/64
f 41/41/41 42/42/42 65/65/65
f 42/42/42 66/66/66 65/65/65
f 42/42/42 43/43/43 66/66/66
f 43/43/43 67/67/67 66/66/66
f 43/43/43 44/44/44 67/67/67
f 44/44/44 68/68/68 67/67/67
f 44/44/44 45/45/45 68/68/68
f 45/45/45 69/69/69 68/68/68
f 45/45/45 46/46/46 69/69/69
f 46/46/46 70/70/70 69/69/69
f 46/46/46 47/47/47 70/70/70
f 47/47/47 71/71/71 70/70/70
f 47/47/47 48/48/48 71/71/71
f 48/48/48 72/72/72 71/71/71
f 48/48/48 25/25/25 72/72/72
f 25/25/25 49/49/49 72/72/72
f 49/49/49 50/50/50 73/73/73
f 50/50/50 74/74/74 73/73/73
f 50/50/50 51/51/51 74/74/74
f 51/51/51 75/75/75 74/74/74
f 51/51/51 52/52/52 75/75/75
f 52/52/52 76/76/76 75/75/75
f 52/52/52 53/53/53 76/76/76
f 53/53/53 77/77/77 76/76/76
f 53/53/53 54/54/54 77/77/77
f 54/54/54 78/78/78 77/77/77
f 54/54/54 55/55/55 78/78/78
f 55/55/55 79/79/79 78/78/78
f 55/55/55 56/56/56 79/79/79
f 56/56/56 80/80/80 79/79/79
f 56/56/56 57/57/57 80/80/80
f 57/57/57 81/81/81 80/80/80
f 57/57/57 58/58/58 81/81/81
f 58/58/58 82/82/82 81/81/81
f 58/58/58 59/59/59 82/82/82
f 59/59/59 83/83/83 82/82/82
f 59/59/59 60/60/60 83/83/83
f 60/60/60 84/84/84 83/83/83
f 60/60/60 61/61/61 84/84/84
f 61/61/61 85/85/85 84/84/84
f 61/61/61 62/62/62 85/85/85
f 62/62/62 86/86/86 85/85/85
f 62/62/62 63/63/63 86/86/86
f 63/63/63 87/87/87 86/86/86
f 63/63/63 64/64/64 87/87/87
f 64/64/64 88/88/88 87/87/87
f 64/64/64 65/65/65 88/88/88
f 65/65/65 89/89/89 88/88/88
f 65/65/65 66/66/66 89/89/89
f 66/66/66 90/90/90 89/89/89
f 66/66/66 67/67/67 90/90/90
f 67/67/67 91/91/91 90/90/90
f 67/67/67 68/68/68 91/91/91
f 68/68/68 92/92/92 91/91/91
f 68/68/68 69/69/69 92/92/92
f 69/69/69 93/93/93 92/92/92
f 69/69/69 70/70/70 93/93/93
f 70/70/70 94/94/94 93/93/93
f 70/70/70 71/71/71 94/94/94
f 71/71/71 95/95/95 94/94/94
f 71/71/71 72/72/72 95/95/95
f 72/72/72 96/96/96 95/95/95
f 72/72/72 49/49/49 96/96/96
f 49/49/49 73/73/73 96/96/96
f 73/73/73 74/74/74 97/97/97
f 74/74/74 98/98/98 97/97/97
f 74/74/74 75/75/75 98/98/98
f 75/75/75 99/99/99 98/98/98
f 75/75/75 76/76/76 99/99/99
f 76/76/76 100/100/100 99/99/99
f 76/76/76 77/77/77 100/100/100
f 77/77/77 101/101/101 100/100/100
f 77/77/77 78/78/78 101/101/101
f 78/78/78 102/102/102 101/101/101
f 78/78/78 79/79/79 102/102/102
f 79/79/79 103/103/103 102/102/102
f 79/79/79 80/80/80 103/103/103
f 80/80/80 104/104/104 103/103/103
f 80/80/80 81/81/81 104/104/104
f 81/81/81 105/105/105 104/104/104
f 81/81/81 82/82/82 105/105/105
f 82/82/82 106/106/106 105/105/105
f 82/82/82 83/83/83 106/106/106
f 83/83/83 107/107/107 106/106/106
f 83/83/83 84/84/84 107/107/107
f 84/84/84 108/108/108 107/107/107
f 84/84/84 85/85/85 108/108/108
f 85/85/85 109/109/109 108/108/108
f 85/85/85 86/86/86 109/109/109
f 86/86/86 110/110/110 109/109/109
f 86/86/86 87/87/87 110/110/110
f 87/87/87 111/111/111 110/110/110
f 87/87/87 88/88/88 111/111/111
f 88/88/88 112/112/112 111/111/111
f 88/88/88 89/89/89 112/112/112
f 89/89/89 113/113/113 112/112/112
f 89/89/89 90/90/90 113/113/113
f 90/90/90 114/114/114 113/113/113
f 90/90/90 91/91/91 114/114/114
f 91/91/91 115/115/115 114/114/114
f 91/91/91 92/92/92 115/115/115
f 92/92/92 116/116/116 115/115/115
f 92/92/92 93/93/93 116/116/116
f 93/93/93 117/117/117 116/116/116
f 93/93/93 94/94/94 117/117/117
f 94/94/94 118/118/118 117/117/117
f 94/94/94 95/95/95 118/118/118
f 95/95/95 119/119/119 118/118/118
f 95/95/95 96/96/96 119/119/119
f 96/96/96 120/120/120 119/119/119
f 96/96/96 73/73/73 120/120/120
f 73/73/73 97/97/97 120/120/120
f 97/97/97 98/98/98 121/121/121
f 98/98/98 122/122/122 121/121/121
f 98/98/98 99/99/99 122/122/122
f 99/99/99 123/123/123 122/122/122
f 99/99/99 100/100/100 123/123/123
f 100/100/100 124/124/124 123/123/123
f 100/100/100 101/101/101 124/124/124
f 101/101/101 125/125/125 124/124/124
f 101/101/101 102/102/102 125/125/125
f 102/102/102 126/126/126 125/125/125
f 102/102/102 103/103/103 126/126/126
f 103/103/103 127/127/127 126/126/126
f 103/103/103 104/104/104 127/127/127
f 104/104/104 128/128/128 127/127/127
f 104/104/104 105/105/105 128/128/128
f 105/105/105 129/129/129 128/128/128
f 105/105/105 106/106/106 129/129/129
f 106/106/106 130/130/130 129/129/129
f 106/106/106 107/107/107 130/130/130
f 107/107/107 131/131/131 130/130/130
f 107/107/107 108/108/108 131/131/131
f 108/108/108 132/132/132 131/131/131
f 108/108/108 109/109/109 132/132/132
f 109/109/109 133/133/133 132/132/132
f 109/109/109 110/110/110 133/133/133
f 110/110/110 134/134/134 133/133/133
f 110/110/110 111/111/111 134/134/134
f 111/111/111 135/135/135 134/134/134
f 111/111/111 112/112/112 135/135/135
f 112/112/112 136/136/136 135/135/135
f 112/112/112 113/113/113 136/136/136
f 113/113/113 137/137/137 136/136/136
f 113/113/113 114/114/114 137/137/137
f 114/114/114 138/138/138 137/137/137
f 114/114/114 115/115/115 138/138/138
f 115/115/115 139/139/139 138/138/138
f 115/115/115 116/116/116 139/139/139
f 116/116/116 140/140/140 139/139/139
f 116/116/116 117/117/117 140/140/140
f 117/117/117 141/141/141 140/140/140
f 117/117/117 118/118/118 141/141/141
f 118/118/118 142/142/142 141/141/141
f 118/118/118 119/119/119 142/142/142
f 119/119/119 143/143/143 142/142/142
f 119/119/119 120/120/120 143/143/143
f 120/120/120 144/144/144 143/143/143
f 120/120/120 97/97/97 144/144/144
f 97/97/97 121/121/121 144/144/144
f 121/121/121 122/122/122 145/145/145
f 122/122/122 146/146/146 145/145/145
f 122/122/122 123/123/123 146/146/146
f 123/123/123 147/147/147 146/146/146
f 123/123/123 124/124/124 147/147/147
f 124/124/124 148/148/148 147/147/147
f 124/124/124 125/125/125 148/148/148
f 125/125/125 149/149/149 148/148/148
f 125/125/125 126/126/126 149/149/149
f 126/126/126 150/150/150 149/149/149
f 126/126/126 127/127/127 150/150/150
f 127/127/127 151/151/151 150/150/150
f 127/127/127 128/128/128 151/151/151
f 128/128/128 152/152/152 151/151/151
f 128/128/128 129/129/129 152/152/152
f 129/129/129 153/153/153 152/152/152
f 129/129/129 130/130/130 153/153/153
f 130/130/130 154/154/154 153/153/153
f 130/130/130 131/131/131 154/154/154
f 131/131/131 155/155/155 154/154/154
f 131/131/131 132/132/132 155/155/155
f 132/132/132 156/156/156 155/155/155
f 132/132/132 133/133/133 156/156/156
f 133/133/133 157/157/157 156/156/156
f 133/133/133 134/134/134 157/157/157
f 134/134/134 158/158/158 157/157/157
f 134/134/134 135/135/135 158/158/158
f 135/135/135 159/159/159 158/158/158
f 135/135/135 136/136/136 159/159/159
f 136/136/136 160/160/160 159/159/159
f 136/136/136 137/137/137 160/160/160
f 137/137/137 161/161/161 160/160/160
f 137/137/137 138/138/138 161/161/161
f 138/138/138 162/162/162 161/161/161
f 138/138/138 139/139/139 162/162/162
f 139/139/139 163/163/163 162/162/162
f 139/139/139 140/140/140 163/163/163
f 140/140/140 164/164/164 163/163/163
f 140/140/140 141/141/141 164/164/164
f 141/141/141 165/165/165 164/164/164
f 141/141/141 142/142/142 165/165/165
f 142/142/142 166/166/166 165/165/165
f 142/142/142 143/143/143 166/166/166
f 143/143/143 167/167/167 166/166/166
f 143/143/143 144/144/144 167/167/167
f 144/144/144 168/168/168 167/167/167
f 144/144/144 121/121/121 168/168/168
f 121/121/121 145/145/145 168/168/168
f 145/145/145 146/146/146 169/169/169
f 146/146/146 170/170/170 169/169/169
f 146/146/146 147/147/147 170/170/170
f 147/147/147 171/171/171 170/170/170
f 147/147/147 148/148/148 171/171/171
f 148/148/148 172/172/172 171/171/171
f 148/148/148 149/149/149 172/172/172
f 149/149/149 173/173/173 172/172/172
f 149/149/149 150/150/150 173/173/173
f 150/150/150 174/174/174 173/173/173
f 150/150/150 151/151/151 174/174/174
f 151/151/151 175/175/175 174/174/174
f 151/151/151 152/152/152 175/175/175
f 152/152/152 176/176/176 175/175/175
f 152/152/152 153/153/153 176/176/176
f 153/153/153 177/177/177 176/176/176
f 153/153/153 154/154/154 177/177/177
f 154/154/154 178/178/178 177/177/177
f 154/154/154 155/155/155 178/178/178
f 155/155/155 179/179/179 178/178/178
f 155/155/155 156/156/156 179/179/179
f 156/156/156 180/180/180 179/179/179
f 156/156/156 157/157/157 180/180/180
f 157/157/157 181/181/181 180/180/180
f 157/157/157 158/158/158 181/181/181
f 158/158/158 182/182/182 181/181/181
f 158/158/158 159/159/159 182/182/182
f 159/159/159 183/183/183 182/182/182
f 159/159/159 160/160/160 183/183/183
f 160/160/160 184/184/184 183/183/183
f 160/160/160 161/161/161 184/184/184
f 161/161/161 185/185/185 184/184/184
f 161/161/161 162/162/162 185/185/185
f 162/162/162 186/186/186 185/185/185
f 162/162/162 163/163/163 186/186/186
f 163/163/163 187/187/187 186/186/186
f 163/163/163 164/164/164 187/187/187
f 164/164/164 188/188/188 187/187/187
f 164/164/164 165/165/165 188/188/188
f 165/165/165 189/189/189 188/188/188
f 165/165/165 166/166/166 189/189/189
f 166/166/166 190/190/190 189/189/189
f 166/166/166 167/167/167 190/190/190
f 167/167/167 191/191/191 190/190/190
f 167/167/167 168/168/168 191/191/191
f 168/168/168 192/192/192 191/191/191
f 168/168/168 145/145/145 192/192/192
f 145/145/145 169/169/169 192/192/192
f 169/169/169 170/170/170 193/193/193
f 170/170/170 194/194/194 193/193/193
f 170/170/170 171/171/171 194/194/194
f 171/171/171 195/195/195 194/194/194
f 171/171/171 172/172/172 195/195/195
f 172/172/172 196/196/196 195/195/195
f 172/172/172 173/173/173 196/196/196
f 173/173/173 197/197/197 196/196/196
f 173/173/173 174/174/174 197/197/197
f 174/174/174 198/198/198 197/197/197
f 174/174/174 175/175/175 198/198/198
f 175/175/175 199/199/199 198/198/198
f 175/175/175 176/176/176 199/199/199
f 176/176/176 200/200/200 199/199/199
f 176/176/176 177/177/177 200/200/200
f 177/177/177 201/201/201 200/200/200
f 177/177/177 178/178/178 201/201/201
f 178/178/178 202/202/202 201/201/201
f 178/178/178 179/179/179 202/202/202
f 179/179/179 203/203/203 202/202/202
f 179/179/179 180/180/180 203/203/203
f 180/180/180 204/204/204 203/203/203
f 180/180/180 181/181/181 204/204/204
f 181/181/181 205/205/205 204/204/204
f 181/181/181 182/182/182 205/205/205
f 182/182/182 206/206/206 205/205/205
f 182/182/182 183/183/183 206/206/206
f 183/183/183 207/207/207 206/206/206
f 183/183/183 184/184/184 207/207/207
f 184/184/184 208/208/208 207/207/207
f 184/184/184 185/185/185 208/208/208
f 185/185/185 209/209/209 208/208/208
f 185/185/185 186/186/186 209/209/209
f 186/186/186 210/210/210 209/209/209
f 186/186/186 187/187/187 210/210/210
f 187/187/187 211/211/211 210/210/210
f 187/187/187 188/188/188 211/211/211
f 188/188/188 212/212/212 211/211/211
f 188/188/188 189/189/189 212/212/212
f 189/189/189 213/213/213 212/212/212
f 189/189/189 190/190/190 213/213/213
f 190/190/190 214/214/214 213/213/213
f 190/190/190 191/191/191 214/214/214
f 191/191/191 215/215/215 214/214/214
f 191/191/191 192/192/192 215/215/215
f 192/192/192 216/216/216 215/215/215
f 192/192/192 169/169/169 216/216/216
f 169/169/169 193/193/193 216/216/216
f 193/193/193 194/194/194 217/217/217
f 194/194/194 218/218/218 217/217/217
f 194/194/194 195/195/195 218/218/218
f 195/195/195 219/219/219 218/218/218
f 195/195/195 196/196/196 219/219/219
f 196/196/196 220/220/220 219/219/219
f 196/196/196 197/197/197 220/220/220
f 197/197/197 221/221/221 220/220/220
f 197/197/197 198/198/198 221/221/221
f 198/198/198 222/222/222 221/221/221
f 198/198/198 199/199/199 222/222/222
f 199/199/199 223/223/223 222/222/222
f 199/199/199 200/200/200 223/223/223
f 200/200/200 224/224/224 223/223/223
f 200/200/200 201/201/201 224/224/224
f 201/201/201 225/225/225 224/224/224
f 201/201/201 202/202/202 225/225/225
f 202/202/202 226/226/226 225/225/225
f 202/202/202 203/203/203 226/226/226
f 203/203/203 227/227/227 226/226/226
f 203/203/203 204/204/204 227/227/227
f 204/204/204 228/228/228 227/227/227
f 204/204/204 205/205/205 228/228/228
f 205/205/205 229/229/229 228/228/228
f 205/205/205 206/206/206 229/229/229
f 206/206/206 230/230/230 229/229/229
f 206/206/206 207/207/207 230/230/230
f 207/207/207 231/231/231 230/230/230
f 207/207/207 208/208/208 231/231/231
f 208/208/208 232/232/232 231/231/231
f 208/208/208 209/209/209 232/232/232
f 209/209/209 233/233/233 232/232/232
f 209/209/209 210/210/210 233/233/233
f 210/210/210 234/234/234 233/233/233
f 210/210/210 211/211/211 234/234/234
f 211/211/211 235/235/235 234/234/234
f 211/211/211 212/212/212 235/235/235
f 212/212/212 236/236/236 235/235/235
f 212/212/212 213/213/213 236/236/236
f 213/213/213 237/237/237 236/236/236
f 213/213/213 214/214/214 237/237/237
f 214/214/214 238/238/238 237/237/237
f 214/214/214 215/215/215 238/238/238
f 215/215/215 239/239/239 238/238/238
f 215/215/215 216/216/216 239/239/239
f 216/216/216 240/240/240 239/239/239
f 216/216/216 193/193/193 240/240/240
f 193/193/193 217/217/217 240/240/240
f 217/217/217 218/218/218 241/241/241
f 218/218/218 242/242/242 241/241/241
f 218/218/218 219/219/219 242/242/242
f 219/219/219 243/243/243 242/242/242
f 219/219/219 220/220/220 243/243/243
f 220/220/220 244/244/244 243/243/243
f 220/220/220 221/221/221 244/244/244
f 221/221/221 245/245/245 244/244/244
f 221/221/221 222/222/222 245/245/245
f 222/222/222 246/246/246 245/245/245
f 222/222/222 223/223/223 246/246/246
f 223/223/223 247/247/247 246/246/246
f 223/223/223 224/224/224 247/247/247
f 224/224/224 248/248/248 247/247/247
f 224/224/224 225/225/225 248/248/248
f 225/225/225 249/249/249 248/248/248
f 225/225/225 226/226/226 249/249/249
f 226/226/226 250/250/250 249/249/249
f 226/226/226 227/227/227 250/250/250
f 227/227/227 251/251/251 250/250/250
f 227/227/227 228/228/228 251/251/251
f 228/228/228 252/252/252 251/251/251
f 228/228/228 229/229/229 252/252/252
f 229/229/229 253/253/253 252/252/252
f 229/229/229 230/230/230 253/253/253
f 230/230/230 254/254/254 253/253/253
f 230/230/230 231/231/231 254/254/254
f 231/231/231 255/255/255 254/254/254
f 231/231/231 232/232/232 255/255/255
f 232/232/232 256/256/256 255/255/255
f 232/232/232 233/233/233 256/256/256
f 233/233/233 257/257/257 256/256/256
f 233/233/233 234/234/234 257/257/257
f 234/234/234 258/258/258 257/257/257
f 234/234/234 235/235/235 258/258/258
f 235/235/235 259/259/259 258/258/258
f 235/235/235 236/236/236 259/259/259
f 236/236/236 260/260/260 259/259/259
f 236/236/236 237/237/237 260/260/260
f 237/237/237 261/261/261 260/260/260
f 237/237/237 238/238/238 261/261/261
f 238/238/238 262/262/262 261/261/261
f 238/238/238 239/239/239 262/262/262
f 239/239/239 263/263/263 262/262/262
f 239/239/239 240/240/240 263/263/263
f 240/240/240 264/264/264 263/263/263
f 240/240/240 217/217/217 264/264/264
f 217/217/217 241/241/241 264/264/264
f 241/241/241 242/242/242 265/265/265
f 242/242/242 266/266/266 265/265/265
f 242/242/242 243/243/243 266/266/266
f 243/243/243 267/267/267 266/266/266
f 243/243/243 244/244/244 267/267/267
f 244/244/244 268/268/268 267/267/267
f 244/244/244 245/245/245 268/268/268
f 245/245/245 269/269/269 268/268/268
f 245/245/245 246/246/246 269/269/269
f 246/246/246 270/270/270 269/269/269
f 246/246/246 247/247/247 270/270/270
f 247/247/247 271/271/271 270/270/270
f 247/247/247 248/248/248 271/271/271
f 248/248/248 272/272/272 271/271/271
f 248/248/248 249/249/249 272/272/272
f 249/249/249 273/273/273 272/272/272
f 249/249/249 250/250/250 273/273/273
f 250/250/250 274/274/274 273/273/273
f 250/250/250 251/251/251 274/274/274
f 251/251/251 275/275/275 274/274/274
f 251/251/251 252/252/252 275/275/275
f 252/252/252 276/276/276 275/275/275
f 252/252/252 253/253/253 276/276/276
f 253/253/253 277/277/277 276/276/276
f 253/253/253 254/254/254 277/277/277
f 254/254/254 278/278/278 277/277/277
f 254/254/254 255/255/255 278/278/278
f 255/255/255 279/279/279 278/278/278
f 255/255/255 256/256/256 279/279/279
f 256/256/256 280/280/280 279/279/279
f 256/256/256 257/257/257 280/280/280
f 257/257/257 281/281/281 280/280/280
f 257/257/257 258/258/258 281/281/281
f 258/258/258 282/282/282 281/281/281
f 258/258/258 259/259/259 282/282/282
f 259/259/259 283/283/283 282/282/282
f 259/259/259 260/260/260 283/283/283
f 260/260/260 284/284/284 283/283/283
f 260/260/260 261/261/261 284/284/284
f 261/261/261 285/285/285 284/284/284
f 261/261/261 262/262/262 285/285/285
f 262/262/262 286/286/286 285/285/285
f 262/262/262 263/263/263 286/286/286
f 263/263/263 287/287/287 286/286/286
f 263/263/263 264/264/264 287/287/287
f 264/264/264 288/288/288 287/287/287
f 264/264/264 241/241/241 288/288/288
f 241/241/241 265/265/265 288/288/288
f 265/265/265 266/266/266 289/289/289
f 266/266/266 290/290/290 289/289/289
f 266/266/266 267/267/267 290/290/290
f 267/267/267 291/291/291 290/290/290
f 267/267/267 268/268/268 291/291/291
f 268/268/268 292/292/292 291/291/291
f 268/268/268 269/269/269 292/292/292
f 269/269/269 293/293/293 292/292/292
f 269/269/269 270/270/270 293/293/293
f 270/270/270 294/294/294 293/293/293
f 270/270/270 271/271/271 294/294/294
f 271/271/271 295/295/295 294/294/294
f 271/271/271 272/272/272 295/295/295
f 272/272/272 296/296/296 295/295/295
f 272/272/272 273/273/273 296/296/296
f 273/273/273 297/297/297 296/296/296
f 273/273/273 274/274/274 297/297/297
f 274/274/274 298/298/298 297/297/297
f 274/274/274 275/275/275 298/298/298
f 275/275/275 299/299/299 298/298/298
f 275/275/275 276/276/276 299/299/299
f 276/276/276 300/300/300 299/299/299
f 276/276/276 277/277/277 300/300/300
f 277/277/277 301/301/301 300/300/300
f 277/277/277 278/278/278 301/301/301
f 278/278/278 302/302/302 301/301/301
f 278/278/278 279/279/279 302/302/302
f 279/279/279 303/303/303 302/302/302
f 279/279/279 280/280/280 303/303/303
f 280/280/280 304/304/304 303/303/303
f 280/280/280 281/281/281 304/304/304
f 281/281/281 305/305/305 304/304/304
f 281/281/281 282/282/282 305/305/305
f 282/282/282 306/306/306 305/305/305
f 282/282/282 283/283/283 306/306/306
f 283/283/283 307/307/307 306/306/306
f 283/283/283 284/284/284 307/307/307
f 284/284/284 308/308/308 307/307/307
f 284/284/284 285/285/285 308/308/308
f 285/285/285 309/309/309 308/308/308
f 285/285/285 286/286/286 309/309/309
f 286/286/286 310/310/310 309/309/309
f 286/286/286 287/287/287 310/310/310
f 287/287/287 311/311/311 310/310/310
f 287/287/287 288/288/288 311/311/311
f 288/288/288 312/312/312 311/311/311
f 288/288/288 265/265/265 312/312/312
f 265/265/265 289/289/289 312/312/312
f 289/289/289 290/290/290 313/313/313
f 290/290/290 314/314/314 313/313/313
f 290/290/290 291/291/291 314/314/314
f 291/291/291 315/315/315 314/314/314
f 291/291/291 292/292/292 315/315/315
f 292/292/292 316/316/316 315/315/315
f 292/292/292 293/293/293 316/316/316
f 293/293/293 317/317/317 316/316/316
f 293/293/293 294/294/294 317/317/317
f 294/294/294 318/318/318 317/317/317
f 294/294/294 295/295/295 318/318/318
f 295/295/295 319/319/319 318/318/318
f 295/295/295 296/296/296 319/319/319
f 296/296/296 320/320/320 319/319/319
f 296/296/296 297/297/297 320/320/320
f 297/297/297 321/321/321 320/320/320
f 297/297/297 298/298/298 321/321/321
f 298/298/298 322/322/322 321/321/321
f 298/298/298 299/299/299 322/322/322
f 299/299/299 323/323/323 322/322/322
f 299/299/299 300/300/300 323/323/323
f 300/300/300 324/324/324 323/323/323
f 300/300/300 301/301/301 324/324/324
f 301/301/301 325/325/325 324/324/324
f 301/301/301 302/302/302 325/325/325
f 302/302/302 326/326/326 325/325/325
f 302/302/302 303/303/303 326/326/326
f 303/303/303 327/327/327 326/326/326
f 303/303/303 304/304/304 327/327/327
f 304/304/304 328/328/328 327/327/327
f 304/304/304 305/305/305 328/328/328
f 305/305/305 329/329/329 328/328/328
f 305/305/305 306/306/306 329/329/329
f 306/306/306 330/330/330 329/329/329
f 306/306/306 307/307/307 330/330/330
f 307/307/307 331/331/331 330/330/330
f 307/307/307 308/308/308 331/331/331
f 308/308/308 332/332/332 331/331/331
f 308/308/308 309/309/309 332/332/332
f 309/309/309 333/333/333 332/332/332
f 309/309/309 310/310/310 333/333/333
f 310/310/310 334/334/334 333/333/333
f 310/310/310 311/311/311 334/334/334
f 311/311/311 335/335/335 334/334/334
f 311/311/311 312/312/312 335/335/335
f 312/312/312 336/336/336 335/335/335
f 312/312/312 289/289/289 336/336/336
f 289/289/289 313/313/313 336/336/336
f 313/313/313 314/314/314 337/337/337
f 314/314/314 338/338/338 337/337/337
f 314/314/314 315/315/315 338/338/338
f 315/315/315 339/339/339 338/338/338
f 315/315/315 316/316/316 339/339/339
f 316/316/316 340/340/340 339/339/339
f 316/316/316 317/317/317 340/340/340
f 317/317/317 341/341/341 340/340/340
f 317/317/317 318/318/318 341/341/341
f 318/318/318 342/342/342 341/341/341
f 318/318/318 319/319/319 342/342/342
f 319/319/319 343/343/343 342/342/342
f 319/319/319 320/320/320 343/343/343
f 320/320/320 344/344/344 343/343/343
f 320/320/320 321/321/321 344/344/344
f 321/321/321 345/345/345 344/344/344
f 321/321/321 322/322/322 345/345/345
f 322/322/322 346/346/346 345/345/345
f 322/322/322 323/323/323 346/346/346
f 323/323/323 347/347/347 346/346/346
f 323/323/323 324/324/324 347/347/347
f 324/324/324 348/348/348 347/347/347
f 324/324/324 325/325/325 348/348/348
f 325/325/325 349/349/349 348/348/348
f 325/325/325 326/326/326 349/349/349
f 326/326/326 350/350/350 349/349/349
f 326/326/326 327/327/327 350/350/350
f 327/327/327 351/351/351 350/350/350
f 327/327/327 328/328/328 351/351/351
f 328/328/328 352/352/352 351/351/351
f 328/328/328 329/329/329 352/352/352
f 329/329/329 353/353/353 352/352/352
f 329/329/329 330/330/330 353/353/353
f 330/330/330 354/354/354 353/353/353
f 330/330/330 331/331/331 354/354/354
f 331/331/331 355/355/355 354/354/354
f 331/331/331 332/332/332 355/355/355
f 332/332/332 356/356/356 355/355/355
f 332/332/332 333/333/333 356/356/356
f 333/333/333 357/357/357 356/356/356
f 333/333/333 334/334/334 357/357/357
f 334/334/334 358/358/358 357/357/357
f 334/334/334 335/335/335 358/358/358
f 335/335/335 359/359/359 358/358/358
f 335/335/335 336/336/336 359/359/359
f 336/336/336 360/360/360 359/359/359
f 336/336/336 313/313/313 360/360/360
f 313/313/313 337/337/337 360/360/360
f 337/337/337 338/338/338 361/361/361
f 338/338/338 362/362/362 361/361/361
f 338/338/338 339/339/339 362/362/362
f 339/339/339 363/363/363 362/362/362
f 339/339/339 340/340/340 363/363/363
f 340/340/340 364/364/364 363/363/363
f 340/340/340 341/341/341 364/364/364
f 341/341/341 365/365/365 364/364/364
f 341/341/341 342/342/342 365/365/365
f 342/342/342 366/366/366 365/365/365
f 342/342/342 343/343/343 366/366/366
f 343/343/343 367/367/367 366/366/366
f 343/343/343 344/344/344 367/367/367
f 344/344/344 368/368/368 367/367/367
f 344/344/344 345/345/345 368/368/368
f 345/345/345 369/369/369 368/368/368
f 345/345/345 346/346/346 369/369/369
f 346/346/346 370/370/370 369/369/369
f 346/346/346 347/347/347 370/370/370
f 347/347/347 371/371/371 370/370/370
f 347/347/347 348/348/348 371/371/371
f 348/348/348 372/372/372 371/371/371
f 348/348/348 349/349/349 372/372/372
f 349/349/349 373/373/373 372/372/372
f 349/349/349 350/350/350 373/373/373
f 350/350/350 374/374/374 373/373/373
f 350/350/350 351/351/351 374/374/374
f 351/351/351 375/375/375 374/374/374
f 351/351/351 352/352/352 375/375/375
f 352/352/352 376/376/376 375/375/375
f 352/352/352 353/353/353 376/376/376
f 353/353/353 377/377/377 376/376/376
f 353/353/353 354/354/354 377/377/377
f 354/354/354 378/378/378 377/377/377
f 354/354/354 355/355/355 378/378/378
f 355/355/355 379/379/379 378/378/378
f 355/355/355 356/356/356 379/379/379
f 356/356/356 380/380/380 379/379/379
f 356/356/356 357/357/357 380/380/380
f 357/357/357 381/381/381 380/380/380
f 357/357/357 358/358/358 381/381/381
f 358/358/358 382/382/382 381/381/381
f 358/358/358 359/359/359 382/382/382
f 359/359/359 383/383/383 382/382/382
f 359/359/359 360/360/360 383/383/383
f 360/360/360 384/384/384 383/383/383
f 360/360/360 337/337/337 384/384/384
f 337/337/337 361/361/361 384/384/384
f 361/361/361 362/362/362 385/385/385
f 362/362/362 386/386/386 385/385/385
f 362/362/362 363/363/363 386/386/386
f 363/363/363 387/387/387 386/386/386
f 363/363/363 364/364/364 387/387/387
f 364/364/364 388/388/388 387/387/387
f 364/364/364 365/365/365 388/388/388
f 365/365/365 389/389/389 388/388/388
f 365/365/365 366/366/366 389/389/389
f 366/366/366 390/390/390 389/389/389
f 366/366/366 367/367/367 390/390/390
f 367/367/367 391/391/391 390/390/390
f 367/367/367 368/368/368 391/391/391
f 368/368/368 392/392/392 391/391/391
f 368/368/368 369/369/369 392/392/392
f 369/369/369 393/393/393 392/392/392
f 369/369/369 370/370/370 393/393/393
f 370/370/370 394/394/394 393/393/393
f 370/370/370 371/371/371 394/394/394
f 371/371/371 395/395/395 394/394/394
f 371/371/371 372/372/372 395/395/395
f 372/372/372 396/396/396 395/395/395
f 372/372/372 373/373/373 396/396/396
f 373/373/373 397/397/397 396/396/396
f 373/373/373 374/374/374 397/397/397
f 374/374/374 398/398/398 397/397/397
f 374/374/374 375/375/375 398/398/398
f 375/375/375 399/399/399 398/398/398
f 375/375/375 376/376/376 399/399/399
f 376/376/376 400/400/400 399/399/399
f 376/376/376 377/377/377 400/400/400
f 377/377/377 401/401/401 400/400/400
f 377/377/377 378/378/378 401/401/401
f 378/378/378 402/402/402 401/401/401
f 378/378/378 379/379/379 402/402/402
f 379/379/379 403/403/403 402/402/402
f 379/379/379 380/380/380 403/403/403
f 380/380/380 404/404/404 403/403/403
f 380/380/380 381/381/381 404/404/404
f 381/381/381 405/405/405 404/404/404
f 381/381/381 382/382/382 405/405/405
f 382/382/382 406/406/406 405/405/405
f 382/382/382 383/383/383 406/406/406
f 383/383/383 407/407/407 406/406/406
f 383/383/383 384/384/384 407/407/407
f 384/384/384 408/408/408 407/407/407
f 384/384/384 361/361/361 408/408/408
f 361/361/361 385/385/385 408/408/408
f 409/409/409 410/410/410 425/425/425
f 410/410/410 426/426/426 425/425/425
f 410/410/410 411/411/411 426/426/426
f 411/411/411 427/427/427 426/426/426
f 411/411/411 412/412/412 427/427/427
f 412/412/412 428/428/428 427/427/427
f 412/412/412 413/413/413 428/428/428
f 413/413/413 429/429/429 428/428/428
f 413/413/413 414/414/414 429/429/429
f 414/414/414 430/430/430 429/429/429
f 414/414/414 415/415/415 430/430/430
f 415/415/415 431/431/431 430/430/430
f 415/415/415 416/416/416 431/431/431
f 416/416/416 432/432/432 431/431/431
f 416/416/416 417/417/417 432/432/432
f 417/417/417 433/433/433 432/432/432
f 417/417/417 418/418/418 433/433/433
f 418/418/418 434/434/434 433/433/433
f 418/418/418 419/419/419 434/434/434
f 419/419/419 435/435/435 434/434/434
f 419/419/419 420/420/420 435/435/435
f 420/420/420 436/436/436 435/435/435
f 420/420/420 421/421/421 436/436/436
f 421/421/421 437/437/437 436/436/436
f 421/421/421 422/422/422 437/437/437
f 422/422/422 438/438/438 437/437/437
f 422/422/422 423/423/423 438/438/438
f 423/423/423 439/439/439 438/438/438
f 423/423/423 424/424/424 439/439/439
f 424/424/424 440/440/440 439/439/439
f 424/424/424 409/409/409 440/440/440
f 409/409/409 425/425/425 440/440/440
f 425/425/425 426/426/426 441/441/441
f 426/426/426 442/442/442 441/441/441
f 426/426/426 427/427/427 442/442/442
f 427/427/427 443/443/443 442/442/442
f 427/427/427 428/428/428 443/443/443
f 428/428/428 444/444/444 443/443/443
f 428/428/428 429/429/429 444/444/444
f 429/429/429 445/445/445 444/444/444
f 429/429/429 430/430/430 445/445/445
f 430/430/430 446/446/446 445/445/445
f 430/430/430 431/431/431 446/446/446
f 431/431/431 447/447/447 446/446/446
f 431/431/431 432/432/432 447/447/447
f 432/432/432 448/448/448 447/447/447
f 432/432/432 433/433/433 448/448/448
f 433/433/433 449/449/449 448/448/448
f 433/433/433 434/434/434 449/449/449
f 434/434/434 450/450/450 449/449/449
f 434/434/434 435/435/435 450/450/450
f 435/435/435 451/451/451 450/450/450
f 435/435/435 436/436/436 451/451/451
f 436/436/436 452/452/452 451/451/451
f 436/436/436 437/437/437 452/452/452
f 437/437/437 453/453/453 452/452/452
f 437/437/437 438/438/438 453/453/453
f 438/438/438 454/454/454 453/453/453
f 438/438/438 439/439/439 454/454/454
f 439/439/439 455/455/455 454/454/454
f 439/439/439 440/440/440 455/455/455
f 440/440/440 456/456/456 455/455/455
f 440/440/440 425/425/425 456/456/456
f 425/425/425 441/441/441 456/456/456
f 441/441/441 442/442/442 457/457/457
f 442/442/442 458/458/458 457/457/457
f 442/442/442 443/443/443 458/458/458
f 443/443/443 459/459/459 458/458/458
f 443/443/443 444/444/444 459/459/459
f 444/444/444 460/460/460 459/459/459
f 444/444/444 445/445/445 460/460/460
f 445/445/445 461/461/461 460/460/460
f 445/445/445 446/446/446 461/461/461
f 446/446/446 462/462/462 461/461/461
f 446/446/446 447/447/447 462/462/462
f 447/447/447 463/463/463 462/462/462
f 447/447/447 448/448/448 463/463/463
f 448/448/448 464/464/464 463/463/463
f 448/448/448 449/449/449 464/464/464
f 449/449/449 465/465/465 464/464/464
f 449/449/449 450/450/450 465/465/465
f 450/450/450 466/466/466 465/465/465
f 450/450/450 451/451/451 466/466/466
f 451/451/451 467/467/467 466/466/466
f 451/451/451 452/452/452 467/467/467
f 452/452/452 468/468/468 467/467/467
f 452/452/452 453/453/453 468/468/468
f 453/453/453 469/469/469 468/468/468
f 453/453/453 454/454/454 469/469/469
f 454/454/454 470/470/470 469/469/469
f 454/454/454 455/455/455 470/470/470
f 455/455/455 471/471/471 470/470/470
f 455/455/455 456/456/456 471/471/471
f 456/456/456 472/472/472 471/471/471
f 456/456/456 441/441/441 472/472/472
f 441/441/441 457/457/457 472/472/472
f 457/457/457 458/458/458 473/473/473
f 458/458/458 474/474/474 473/473/473
f 458/458/458 459/459/459 474/474/474
f 459/459/459 475/475/475 474/474/474
f 459/459/459 460/460/460 475/475/475
f 460/460/460 476/476/476 475/475/475
f 460/460/460 461/461/461 476/476/476
f 461/461/461 477/477/477 476/476/476
f 461/461/461 462/462/462 477/477/477
f 462/462/462 478/478/478 477/477/477
f 462/462/462 463/463/463 478/478/478
f 463/463/463 479/479/479 478/478/478
f 463/463/463 464/464/464 479/479/479
f 464/464/464 480/480/480 479/479/479
f 464/464/464 465/465/465 480/480/480
f 465/465/465 481/481/481 480/480/480
f 465/465/465 466/466/466 481/481/481
f 466/466/466 482/482/482 481/481/481
f 466/466/466 467/467/467 482/482/482
f 467/467/467 483/483/483 482/482/482
f 467/467/467 468/468/468 483/483/483
f 468/468/468 484/484/484 483/483/483
f 468/468/468 469/469/469 484/484/484
f 469/469/469 485/485/485 484/484/484
f 469/469/469 470/470/470 485/485/485
f 470/470/470 486/486/486 485/485/485
f 470/470/470 471/471/471 486/486/486
f 471/471/471 487/487/487 486/486/486
f 471/471/471 472/472/472 487/487/487
f 472/472/472 488/488/488 487/487/487
f 472/472/472 457/457/457 488/488/488
f 457/457/457 473/473/473 488/488/488
f 473/473/473 474/474/474 489/489/489
f 474/474/474 490/490/490 489/489/489
f 474/474/474 475/475/475 490/490/490
f 475/475/475 491/491/491 490/490/490
f 475/475/475 476/476/476 491/491/491
f 476/476/476 492/492/492 491/491/491
f 476/476/476 477/477/477 492/492/492
f 477/477/477 493/493/493 492/492/492
f 477/477/477 478/478/478 493/493/493
f 478/478/478 494/494/494 493/493/493
f 478/478/478 479/479/479 494/494/494
f 479/479/479 495/495/495 494/494/494
f 479/479/479 480/480/480 495/495/495
f 480/480/480 496/496/496 495/495/495
f 480/480/480 481/481/481 496/496/496
f 481/481/481 497/497/497 496/496/496
f 481/481/481 482/482/482 497/497/497
f 482/482/482 498/498/498 497/497/497
f 482/482/482 483/483/483 498/498/498
f 483/483/483 499/499/499 498/498/498
f 483/483/483 484/484/484 499/499/499
f 484/484/484 500/500/500 499/499/499
f 484/484/484 485/485/485 500/500/500
f 485/485/485 501/501/501 500/500/500
f 485/485/485 486/486/486 501/501/501
f 486/486/486 502/502/502 501/501/501
f 486/486/486 487/487/487 502/502/502
f 487/487/487 503/503/503 502/502/502
f 487/487/487 488/488/488 503/503/503
f 488/488/488 504/504/504 503/503/503
f 488/488/488 473/473/473 504/504/504
f 473/473/473 489/489/489 504/504/504
f 489/489/489 490/490/490 505/505/505
f 490/490/490 506/506/506 505/505/505
f 490/490/490 491/491/491 506/506/506
f 491/491/491 507/507/507 506/506/506
f 491/491/491 492/492/492 507/507/507
f 492/492/492 508/508/508 507/507/507
f 492/492/492 493/493/493 508/508/508
f 493/493/493 509/509/509 508/508/508
f 493/493/493 494/494/494 509/509/509
f 494/494/494 510/510/510 509/509/509
f 494/494/494 495/495/495 510/510/510
f 495/495/495 511/511/511 510/510/510
f 495/495/495 496/496/496 511/511/511
f 496/496/496 512/512/512 511/511/511
f 496/496/496 497/497/497 512/512/512
f 497/497/497 513/513/513 512/512/512
f 497/497/497 498/498/498 513/513/513
f 498/498/498 514/514/514 513/513/513
f 498/498/498 499/499/499 514/514/514
f 499/499/499 515/515/515 514/514/514
f 499/499/499 500/500/500 515/515/515
f 500/500/500 516/516/516 515/515/515
f 500/500/500 501/501/501 516/516/516
f 501/501/501 517/517/517 516/516/516
f 501/501/501 502/502/502 517/517/517
f 502/502/502 518/518/518 517/517/517
f 502/502/502 503/503/503 518/518/518
f 503/503/503 519/519/519 518/518/518
f 503/503/503 504/504/504 519/519/519
f 504/504/504 520/520/520 519/519/519
f 504/504/504 489/489/489 520/520/520
f 489/489/489 505/505/505 520/520/520
f 505/505/505 506/506/506 521/521/521
f 506/506/506 522/522/522 521/521/521
f 506/506/506 507/507/507 522/522/522
f 507/507/507 523/523/523 522/522/522
f 507/507/507 508/508/508 523/523/523
f 508/508/508 524/524/524 523/523/523
f 508/508/508 509/509/509 524/524/524
f 509/509/509 525/525/525 524/524/524
f 509/509/509 510/510/510 525/525/525
f 510/510/510 526/526/526 525/525/525
f 510/510/510 511/511/511 526/526/526
f 511/511/511 527/527/527 526/526/526
f 511/511/511 512/512/512 527/527/527
f 512/512/512 528/528/528 527/527/527
f 512/512/512 513/513/513 528/528/528
f 513/513/513 529/529/529 528/528/528
f 513/513/513 514/514/514 529/529/529
f 514/514/514 530/530/530 529/529/529
f 514/514/514 515/515/515 530/530/530
f 515/515/515 531/531/531 530/530/530
f 515/515/515 516/516/516 531/531/531
f 516/516/516 532/532/532 531/531/531
f 516/516/516 517/517/517 532/532/532
f 517/517/517 533/533/533 532/532/532
f 517/517/517 518/518/518 533/533/533
f 518/518/518 534/534/534 533/533/533
f 518/518/518 519/519/519 534/534/534
f 519/519/519 535/535/535 534/534/534
f 519/519/519 520/520/520 535/535/535
f 520/520/520 536/536/536 535/535/535
f 520/520/520 505/505/505 536/536/536
f 505/505/505 521/521/521 536/536/536
f 521/521/521 522/522/522 537/537/537
f 522/522/522 538/538/538 537/537/537
f 522/522/522 523/523/523 538/538/538
f 523/523/523 539/539/539 538/538/538
f 523/523/523 524/524/524 539/539/539
f 524/524/524 540/540/540 539/539/539
f 524/524/524 525/525/525 540/540/540
f 525/525/525 541/541/541 540/540/540
f 525/525/525 526/526/526 541/541/541
f 526/526/526 542/542/542 541/541/541
f 526/526/526 527/527/527 542/542/542
f 527/527/527 543/543/543 542/542/542
f 527/527/527 528/528/528 543/543/543
f 528/528/528 544/544/544 543/543/543
f 528/528/528 529/529/529 544/544/544
f 529/529/529 545/545/545 544/544/544
f 529/529/529 530/530/530 545/545/545
f 530/530/530 546/546/546 545/545/545
f 530/530/530 531/531/531 546/546/546
f 531/531/531 547/547/547 546/546/546
f 531/531/531 532/532/532 547/547/547
f 532/532/532 548/548/548 547/547/547
f 532/532/532 533/533/533 548/548/548
f 533/533/533 549/549/549 548/548/548
f 533/533/533 534/534/534 549/549/549
f 534/534/534 550/550/550 549/549/549
f 534/534/534 535/535/535 550/550/550
f 535/535/535 551/551/551 550/550/550
f 535/535/535 536/536/536 551/551/551
f 536/536/536 552/552/552 551/551/551
f 536/536/536 521/521/521 552/552/552
f 521/521/521 537/537/537 552/552/552
f 537/537/537 538/538/538 553/553/553
f 538/538/538 554/554/554 553/553/553
f 538/538/538 539/539/539 554/554/554
f 539/539/539 555/555/555 554/554/554
f 539/539/539 540/540/540 555/555/555
f 540/540/540 556/556/556 555/555/555
f 540/540/540 541/541/541 556/556/556
f 541/541/541 557/557/557 556/556/556
f 541/541/541 542/542/542 557/557/557
f 542/542/542 558/558/558 557/557/557
f 542/542/542 543/543/543 558/558/558
f 543/543/543 559/559/559 558/558/558
f 543/543/543 544/544/544 559/559/559
f 544/544/544 560/560/560 559/559/559
f 544/544/544 545/545/545 560/560/560
f 545/545/545 561/561/561 560/560/560
f 545/545/545 546/546/546 561/561/561
f 546/546/546 562/562/562 561/561/561
f 546/546/546 547/547/547 562/562/562
f 547/547/547 563/563/563 562/562/562
f 547/547/547 548/548/548 563/563/563
f 548/548/548 564/564/564 563/563/563
f 548/548/548 549/549/549 564/564/564
f 549/549/549 565/565/565 564/564/564
f 549/549/549 550/550/550 565/565/565
f 550/550/550 566/566/566 565/565/565
f 550/550/550 551/551/551 566/566/566
f 551/551/551 567/567/567 566/566/566
f 551/551/551 552/552/552 567/567/567
f 552/552/552 568/568/568 567/567/567
f 552/552/552 537/537/537 568/568/568
f 537/537/537 553/553/553 568/568/568
f 553/553/553 554/554/554 569/569/569
f 554/554/554 570/570/570 569/569/569
f 554/554/554 555/555/555 570/570/570
f 555/555/555 571/571/571 570/570/570
f 555/555/555 556/556/556 571/571/571
f 556/556/556 572/572/572 571/571/571
f 556/556/556 557/557/557 572/572/572
f 557/557/557 573/573/573 572/572/572
f 557/557/557 558/558/558 573/573/573
f 558/558/558 574/574/574 573/573/573
f 558/558/558 559/559/559 574/574/574
f 559/559/559 575/575/575 574/574/574
f 559/559/559 560/560/560 575/575/575
f 560/560/560 576/576/576 575/575/575
f 560/560/560 561/561/561 576/576/576
f 561/561/561 577/577/577 576/576/576
f 561/561/561 562/562/562 577/577/577
f 562/562/562 578/578/578 577/577/577
f 562/562/562 563/563/563 578/578/578
f 563/563/563 579/579/579 578/578/578
f 563/563/563 564/564/564 579/579/579
f 564/564/564 580/580/580 579/579/579
f 564/564/564 565/565/565 580/580/580
f 565/565/565 581/581/581 580/580/580
f 565/565/565 566/566/566 581/581/581
f 566/566/566 582/582/582 581/581/581
f 566/566/566 567/567/567 582/582/582
f 567/567/567 583/583/583 582/582/582
f 567/567/567 568/568/568 583/583/583
f 568/568/568 584/584/584 583/583/583
f 568/568/568 553/553/553 584/584/584
f 553/553/553 569/569/569 584/584/584
f 569/569/569 570/570/570 585/585/585
f 570/570/570 586/586/586 585/585/585
f 570/570/570 571/571/571 586/586/586
f 571/571/571 587/587/587 586/586/586
f 571/571/571 572/572/572 587/587/587
f 572/572/572 588/588/588 587/587/587
f 572/572/572 573/573/573 588/588/588
f 573/573/573 589/589/589 588/588/588
f 573/573/573 574/574/574 589/589/589
f 574/574/574 590/590/590 589/589/589
f 574/574/574 575/575/575 590/590/590
f 575/575/575 591/591/591 590/590/590
f 575/575/575 576/576/576 591/591/591
f 576/576/576 592/592/592 591/591/591
f 576/576/576 577/577/577 592/592/592
f 577/577/577 593/593/593 592/592/592
f 577/577/577 578/578/578 593/593/593
f 578/578/578 594/594/594 593/593/593
f 578/578/578 579/579/579 594/594/594
f 579/579/579 595/595/595 594/594/594
f 579/579/579 580/580/580 595/595/595
f 580/580/580 596/596/596 595/595/595
f 580/580/580 581/581/581 596/596/596
f 581/581/581 597/597/597 596/596/596
f 581/581/581 582/582/582 597/597/597
f 582/582/582 598/598/598 597/597/597
f 582/582/582 583/583/583 598/598/598
f 583/583/583 599/599/599 598/598/598
f 583/583/583 584/584/584 599/599/599
f 584/584/584 600/600/600 599/599/599
f 584/584/584 569/569/569 600/600/600
f 569/569/569 585/585/585 600/600/600
f 585/585/585 586/586/586 601/601/601
f 586/586/586 602/602/602 601/601/601
f 586/586/586 587/587/587 602/602/602
f 587/587/587 603/603/603 602/602/602
f 587/587/587 588/588/588 603/603/603
f 588/588/588 604/604/604 603/603/603
f 588/588/588 589/589/589 604/604/604
f 589/589/589 605/605/605 604/604/604
f 589/589/589 590/590/590 605/605/605
f 590/590/590 606/606/606 605/605/605
f 590/590/590 591/591/591 606/606/606
f 591/591/591 607/607/607 606/606/606
f 591/591/591 592/592/592 607/607/607
f 592/592/592 608/608/608 607/607/607
f 592/592/592 593/593/593 608/608/608
f 593/593/593 609/609/609 608/608/608
f 593/593/593 594/594/594 609/609/609
f 594/594/594 610/610/610 609/609/609
f 594/594/594 595/595/595 610/610/610
f 595/595/595 611/611/611 610/610/610
f 595/595/595 596/596/596 611/611/611
f 596/596/596 612/612/612 611/611/611
f 596/596/596 597/597/597 612/612/612
f 597/597/597 613/613/613 612/612/612
f 597/597/597 598/598/598 613/613/613
f 598/598/598 614/614/614 613/613/613
f 598/598/598 599/599/599 614/614/614
f 599/599/599 615/615/615 614/614/614
f 599/599/599 600/600/600 615/615/615
f 600/600/600 616/616/616 615/615/615
f 600/600/600 585/585/585 616/616/616
f 585/585/585 601/601/601 616/616/616
f 601/601/601 602/602/602 617/617/617
f 602/602/602 618/618/618 617/617/617
f 602/602/602 603/603/603 618/618/618
f 603/603/603 619/619/619 618/618/618
f 603/603/603 604/604/604 619/619/619
f 604/604/604 620/620/620 619/619/619
f 604/604/604 605/605/605 620/620/620
f 605/605/605 621/621/621 620/620/620
f 605/605/605 606/606/606 621/621/621
f 606/606/606 622/622/622 621/621/621
f 606/606/606 607/607/607 622/622/622
f 607/607/607 623/623/623 622/622/622
f 607/607/607 608/608/608 623/623/623
f 608/608/608 624/624/624 623/623/623
f 608/608/608 609/609/609 624/624/624
f 609/609/609 625/625/625 624/624/624
f 609/609/609 610/610/610 625/625/625
f 610/610/610 626/626/626 625/625/625
f 610/610/610 611/611/611 626/626/626
f 611/611/611 627/627/627 626/626/626
f 611/611/611 612/612/612 627/627/627
f 612/612/612 628/628/628 627/627/627
f 612/612/612 613/613/613 628/628/628
f 613/613/613 629/629/629 628/628/628
f 613/613/613 614/614/614 629/629/629
f 614/614/614 630/630/630 629/629/629
f 614/614/614 615/615/615 630/630/630
f 615/615/615 631/631/631 630/630/630
f 615/615/615 616/616/616 631/631/631
f 616/616/616 632/632/632 631/631/631
f 616/616/616 601/601/601 632/632/632
f 601/601/601 617/617/617 632/632/632
f 617/617/617 618/618/618 633/633/633
f 618/618/618 634/634/634 633/633/633
f 618/618/618 619/619/619 634/634/634
f 619/619/619 635/635/635 634/634/634
f 619/619/619 620/620/620 635/635/635
f 620/620/620 636/636/636 635/635/635
f 620/620/620 621/621/621 636/636/636
f 621/621/621 637/637/637 636/636/636
f 621/621/621 622/622/622 637/637/637
f 622/622/622 638/638/638 637/637/637
f 622/622/622 623/623/623 638/638/638
f 623/623/623 639/639/639 638/638/638
f 623/623/623 624/624/624 639/639/639
f 624/624/624 640/640/640 639/639/639
f 624/624/624 625/625/625 640/640/640
f 625/625/625 641/641/641 640/640/640
f 625/625/625 626/626/626 641/641/641
f 626/626/626 642/642/642 641/641/641
f 626/626/626 627/627/627 642/642/642
f 627/627/627 643/643/643 642/642/642
f 627/627/627 628/628/628 643/643/643
f 628/628/628 644/644/644 643/643/643
f 628/628/628 629/629/629 644/644/644
f 629/629/629 645/645/645 644/644/644
f 629/629/629 630/630/630 645/645/645
f 630/630/630 646/646/646 645/645/645
f 630/630/630 631/631/631 646/646/646
f 631/631/631 647/647/647 646/646/646
f 631/631/631 632/632/632 647/647/647
f 632/632/632 648/648/648 647/647/647
f 632/632/632 617/617/617 648/648/648
f 617/617/617 633/633/633 648/648/648
f 633/633/633 634/634/634 649/649/649
f 634/634/634 650/650/650 649/649/649
f 634/634/634 635/635/635 650/650/650
f 635/635/635 651/651/651 650/650/650
f 635/635/635 636/636/636 651/651/651
f 636/636/636 652/652/652 651/651/651
f 636/636/636 637/637/637 652/652/652
f 637/637/637 653/653/653 652/652/652
f 637/637/637 638/638/638 653/653/653
f 638/638/638 654/654/654 653/653/653
f 638/638/638 639/639/639 654/654/654
f 639/639/639 655/655/655 654/654/654
f 639/639/639 640/640/640 655/655/655
f 640/640/640 656/656/656 655/655/655
f 640/640/640 641/641/641 656/656/656
f 641/641/641 657/657/657 656/656/656
f 641/641/641 642/642/642 657/657/657
f 642/642/642 658/658/658 657/657/657
f 642/642/642 643/643/643 658/658/658
f 643/643/643 659/659/659 658/658/658
f 643/643/643 644/644/644 659/659/659
f 644/644/644 660/660/660 659/659/659
f 644/644/644 645/645/645 660/660/660
f 645/645/645 661/661/661 660/660/660
f 645/645/645 646/646/646 661/661/661
f 646/646/646 662/662/662 661/661/661
f 646/646/646 647/647/647 662/662/662
f 647/647/647 663/663/663 662/662/662
f 647/647/647 648/648/648 663/663/663
f 648/648/648 664/664/664 663/663/663
f 648/648/648 633/633/633 664/664/664
f 633/633/633 649/649/649 664/664/664
f 649/649/649 650/650/650 665/665/665
f 650/650/650 666/666/666 665/665/665
f 650/650/650 651/651/651 666/666/666
f 651/651/651 667/667/667 666/666/666
f 651/651/651 652/652/652 667/667/667
f 652/652/652 668/668/668 667/667/667
f 652/652/652 653/653/653 668/668/668
f 653/653/653 669/669/669 668/668/668
f 653/653/653 654/654/654 669/669/669
f 654/654/654 670/670/670 669/669/669
f 654/654/654 655/655/655 670/670/670
f 655/655/655 671/671/671 670/670/670
f 655/655/655 656/656/656 671/671/671
f 656/656/656 672/672/672 671/671/671
f 656/656/656 657/657/657 672/672/672
f 657/657/657 673/673/673 672/672/672
f 657/657/657 658/658/658 673/673/673
f 658/658/658 674/674/674 673/673/673
f 658/658/658 659/659/659 674/674/674
f 659/659/659 675/675/675 674/674/674
f 659/659/659 660/660/660 675/675/675
f 660/660/660 676/676/676 675/675/675
f 660/660/660 661/661/661 676/676/676
f 661/661/661 677/677/677 676/676/676
f 661/661/661 662/662/662 677/677/677
f 662/662/662 678/678/678 677/677/677
f 662/662/662 663/663/663 678/678/678
f 663/663/663 679/679/679 678/678/678
f 663/663/663 664/664/664 679/679/679
f 664/664/664 680/680/680 679/679/679
f 664/664/664 649/649/649 680/680/680
f 649/649/649 665/665/665 680/680/680
f 665/665/665 666/666/666 681/681/681
f 666/666/666 682/682/682 681/681/681
f 666/666/666 667/667/667 682/682/682
f 667/667/667 683/683/683 682/682/682
f 667/667/667 668/668/668 683/683/683
f 668/668/668 684/684/684 683/683/683
f 668/668/668 669/669/669 684/684/684
f 669/669/669 685/685/685 684/684/684
f 669/669/669 670/670/670 685/685/685
f 670/670/670 686/686/686 685/685/685
f 670/670/670 671/671/671 686/686/686
f 671/671/671 687/687/687 686/686/686
f 671/671/671 672/672/672 687/687/687
f 672/672/672 688/688/688 687/687/687
f 672/672/672 673/673/673 688/688/688
f 673/673/673 689/689/689 688/688/688
f 673/673/673 674/674/674 689/689/689
f 674/674/674 690/690/690 689/689/689
f 674/674/674 675/675/675 690/690/690
f 675/675/675 691/691/691 690/690/690
f 675/675/675 676/676/676 691/691/691
f 676/676/676 692/692/692 691/691/691
f 676/676/676 677/677/677 692/692/692
f 677/677/677 693/693/693 692/692/692
f 677/677/677 678/678/678 693/693/693
f 678/678/678 694/694/694 693/693/693
f 678/678/678 679/679/679 694/694/694
f 679/679/679 695/695/695 694/694/694
f 679/679/679 680/680/680 695/695/695
f 680/680/680 696/696/696 695/695/695
f 680/680/680 665/665/665 696/696/696
f 665/665/665 681/681/681 696/696/696
f 681/681/681 682/682/682 697/697/697
f 682/682/682 698/698/698 697/697/697
f 682/682/682 683/683/683 698/698/698
f 683/683/683 699/699/699 698/698/698
f 683/683/683 684/684/684 699/699/699
f 684/684/684 700/700/700 699/699/699
f 684/684/684 685/685/685 700/700/700
f 685/685/685 701/701/701 700/700/700
f 685/685/685 686/686/686 701/701/701
f 686/686/686 702/702/702 701/701/701
f 686/686/686 687/687/687 702/702/702
f 687/687/687 703/703/703 702/702/702
f 687/687/687 688/688/688 703/703/703
f 688/688/688 704/704/704 703/703/703
f 688/688/688 689/689/689 704/704/704
f 689/689/689 705/705/705 704/704/704
f 689/689/689 690/690/690 705/705/705
f 690/690/690 706/706/706 705/705/705
f 690/690/690 691/691/691 706/706/706
f 691/691/691 707/707/707 706/706/706
f 691/691/691 692/692/692 707/707/707
f 692/692/692 708/708/708 707/707/707
f 692/692/692 693/693/693 708/708/708
f 693/693/693 709/709/709 708/708/708
f 693/693/693 694/694/694 709/709/709
f 694/694/694 710/710/710 709/709/709
f 694/694/694 695/695/695 710/710/710
f 695/695/695 711/711/711 710/710/710
f 695/695/695 696/696/696 711/711/711
f 696/696/696 712/712/712 711/711/711
f 696/696/696 681/681/681 712/712/712
f 681/681/681 697/697/697 712/712/712
f 697/697/697 698/698/698 713/713/713
f 698/698/698 714/714/714 713/713/713
f 698/698/698 699/699/699 714/714/714
f 699/699/699 715/715/715 714/714/714
f 699/699/699 700/700/700 715/715/715
f 700/700/700 716/716/716 715/715/715
f 700/700/700 701/701/701 716/716/716
f 701/701/701 717/717/717 716/716/716
f 701/701/701 702/702/702 717/717/717
f 702/702/702 718/718/718 717/717/717
f 702/702/702 703/703/703 718/718/718
f 703/703/703 719/719/719 718/718/718
f 703/703/703 704/704/704 719/719/719
f 704/704/704 720/720/720 719/719/719
f 704/704/704 705/705/705 720/720/720
f 705/705/705 721/721/721 720/720/720
f 705/705/705 706/706/706 721/721/721
f 706/706/706 722/722/722 721/721/721
f 706/706/706 707/707/707 722/722/722
f 707/707/707 723/723/723 722/722/722
f 707/707/707 708/708/708 723/723/723
f 708/708/708 724/724/724 723/723/723
f 708/708/708 709/709/709 724/724/724
f 709/709/709 725/725/725 724/724/724
f 709/709/709 710/710/710 725/725/725
f 710/710/710 726/726/726 725/725/725
f 710/710/710 711/711/711 726/726/726
f 711/711/711 727/727/727 726/726/726
f 711/711/711 712/712/712 727/727/727
f 712/712/712 728/728/728 727/727/727
f 712/712/712 697/697/697 728/728/728
f 697/697/697 713/713/713 728/728/728
f 713/713/713 714/714/714 729/729/729
f 714/714/714 730/730/730 729/729/729
f 714/714/714 715/715/715 730/730/730
f 715/715/715 731/731/731 730/730/730
f 715/715/715 716/716/716 731/731/731
f 716/716/716 732/732/732 731/731/731
f 716/716/716 717/717/717 732/732/732
f 717/717/717 733/733/733 732/732/732
f 717/717/717 718/718/718 733/733/733
f 718/718/718 734/734/734 733/733/733
f 718/718/718 719/719/719 734/734/734
f 719/719/719 735/735/735 734/734/734
f 719/719/719 720/720/720 735/735/735
f 720/720/720 736/736/736 735/735/735
f 720/720/720 721/721/721 736/736/736
f 721/721/721 737/737/737 736/736/736
f 721/721/721 722/722/722 737/737/737
f 722/722/722 738/738/738 737/737/737
f 722/722/722 723/723/723 738/738/738
f 723/723/723 739/739/739 738/738/738
f 723/723/723 724/724/724 739/739/739
f 724/724/724 740/740/740 739/739/739
f 724/724/724 725/725/725 740/740/740
f 725/725/725 741/741/741 740/740/740
f 725/725/725 726/726/726 741/741/741
f 726/726/726 742/742/742 741/741/741
f 726/726/726 727/727/727 742/742/742
f 727/727/727 743/743/743 742/742/742
f 727/727/727 728/728/728 743/743/743
f 728/728/728 744/744/744 743/743/743
f 728/728/728 713/713/713 744/744/744
f 713/713/713 729/729/729 744/744/744
f 729/729/729 730/730/730 745/745/745
f 730/730/730 746/746/746 745/745/745
f 730/730/730 731/731/731 746/746/746
f 731/731/731 747/747/747 746/746/746
f 731/731/731 732/732/732 747/747/747
f 732/732/732 748/748/748 747/747/747
f 732/732/732 733/733/733 748/748/748
f 733/733/733 749/749/749 748/748/748
f 733/733/733 734/734/734 749/749/749
f 734/734/734 750/750/750 749/749/749
f 734/734/734 735/735/735 750/750/750
f 735/735/735 751/751/751 750/750/750
f 735/735/735 736/736/736 751/751/751
f 736/736/736 752/752/752 751/751/751
f 736/736/736 737/737/737 752/752/752
f 737/737/737 753/753/753 752/752/752
f 737/737/737 738/738/738 753/753/753
f 738/738/738 754/754/754 753/753/753
f 738/738/738 739/739/739 754/754/754
f 739/739/739 755/755/755 754/754/754
f 739/739/739 740/740/740 755/755/755
f 740/740/740 756/756/756 755/755/755
f 740/740/740 741/741/741 756/756/756
f 741/741/741 757/757/757 756/756/756
f 741/741/741 742/742/742 757/757/757
f 742/742/742 758/758/758 757/757/757
f 742/742/742 743/743/743 758/758/758
f 743/743/743 759/759/759 758/758/758
f 743/743/743 744/744/744 759/759/759
f 744/744/744 760/760/760 759/759/759
f 744/744/744 729/729/729 760/760/760
f 729/729/729 745/745/745 760/760/760
f 745/745/745 746/746/746 761/761/761
f 746/746/746 762/762/762 761/761/761
f 746/746/746 747/747/747 762/762/762
f 747/747/747 763/763/763 762/762/762
f 747/747/747 748/748/748 763/763/763
f 748/748/748 764/764/764 763/763/763
f 748/748/748 749/749/749 764/764/764
f 749/749/749 765/765/765 764/764/764
f 749/749/749 750/750/750 765/765/765
f 750/750/750 766/766/766 765/765/765
f 750/750/750 751/751/751 766/766/766
f 751/751/751 767/767/767 766/766/766
f 751/751/751 752/752/752 767/767/767
f 752/752/752 768/768/768 767/767/767
f 752/752/752 753/753/753 768/768/768
f 753/753/753 769/769/769 768/768/768
f 753/753/753 754/754/754 769/769/769
f 754/754/754 770/770/770 769/769/769
f 754/754/754 755/755/755 770/770/770
f 755/755/755 771/771/771 770/770/770
f 755/755/755 756/756/756 771/771/771
f 756/756/756 772/772/772 771/771/771
f 756/756/756 757/757/757 772/772/772
f 757/757/757 773/773/773 772/772/772
f 757/757/757 758/758/758 773/773/773
f 758/758/758 774/774/774 773/773/773
f 758/758/758 759/759/759 774/774/774
f 759/759/759 775/775/775 774/774/774
f 759/759/759 760/760/760 775/775/775
f 760/760/760 776/776/776 775/775/775
f 760/760/760 745/745/745 776/776/776
f 745/745/745 761/761/761 776/776/776
f 761/761/761 762/762/762 777/777/777
f 762/762/762 778/778/778 777/777/777
f 762/762/762 763/763/763 778/778/778
f 763/763/763 779/779/779 778/778/778
f 763/763/763 764/764/764 779/779/779
f 764/764/764 780/780/780 779/779/779
f 764/764/764 765/765/765 780/780/780
f 765/765/765 781/781/781 780/780/780
f 765/765/765 766/766/766 781/781/781
f 766/766/766 782/782/782 781/781/781
f 766/766/766 767/767/767 782/782/782
f 767/767/767 783/783/783 782/782/782
f 767/767/767 768/768/768 783/783/783
f 768/768/768 784/784/784 783/783/783
f 768/768/768 769/769/769 784/784/784
f 769/769/769 785/785/785 784/784/784
f 769/769/769 770/770/770 785/785/785
f 770/770/770 786/786/786 785/785/785
f 770/770/770 771/771/771 786/786/786
f 771/771/771 787/787/787 786/786/786
f 771/771/771 772/772/772 787/787/787
f 772/772/772 788/788/788 787/787/787
f 772/772/772 773/773/773 788/788/788
f 773/773/773 789/789/789 788/788/788
f 773/773/773 774/774/774 789/789/789
f 774/774/774 790/790/790 789/789/789
f 774/774/774 775/775/775 790/790/790
f 775/775/775 791/791/791 790/790/790
f 775/775/775 776/776/776 791/791/791
f 776/776/776 792/792/792 791/791/791
f 776/776/776 761/761/761 792/792/792
f 761/761/761 777/777/777 792/792/792
f 777/777/777 778/778/778 409/409/409
f 778/778/778 410/410/410 409/409/409
f 778/778/778 779/779/779 410/410/410
f 779/779/779 411/411/411 410/410/410
f 779/779/779 780/780/780 411/411/411
f 780/780/780 412/412/412 411/411/411
f 780/780/780 781/781/781 412/412/412
f 781/781/781 413/413/413 412/412/412
f 781/781/781 782/782/782 413/413/413
f 782/782/782 414/414/414 413/413/413
f 782/782/782 783/783/783 414/414/414
f 783/783/783 415/415/415 414/414/414
f 783/783/783 784/784/784 415/415/415
f 784/784/784 416/416/416 415/415/415
f 784/784/784 785/785/785 416/416/416
f 785/785/785 417/417/417 416/416/416
f 785/785/785 786/786/786 417/417/417
f 786/786/786 418/418/418 417/417/417
f 786/786/786 787/787/787 418/418/418
f 787/787/787 419/419/419 418/418/418
f 787/787/787 788/788/788 419/419/419
f 788/788/788 420/420/420 419/419/419
f 788/788/788 789/789/789 420/420/420
f 789/789/789 421/421/421 420/420/420
f 789/789/789 790/790/790 421/421/421
f 790/790/790 422/422/422 421/421/421
f 790/790/790 791/791/791 422/422/422
f 791/791/791 423/423/423 422/422/422
f 791/791/791 792/792/792 423/423/423
f 792/792/792 424/424/424 423/423/423
f 792/792/792 777/777/777 424/424/424
f 777/777/777 409/409/409 424/424/424
