# Poly-Spinor Nexus 7D Avatar
# Vault: vault_00013
# Avatar ID: 4d5220580f687a5d
# Type: hybrid_form
# Rarity: mythical (92.7)
# Generated: 2026-01-07T02:36:28.012087

v 0.231795 0.781485 -0.596366
v 0.231795 0.781485 -0.596366
v 0.231795 0.781485 -0.596366
v 0.231795 0.781485 -0.596366
v 0.231795 0.781485 -0.596366
v 0.231795 0.781485 -0.596366
v 0.231795 0.781485 -0.596366
v 0.231795 0.781485 -0.596366
v 0.231795 0.781485 -0.596366
v 0.231795 0.781485 -0.596366
v 0.231795 0.781485 -0.596366
v 0.231795 0.781485 -0.596366
v 0.231795 0.781485 -0.596366
v 0.231795 0.781485 -0.596366
v 0.231795 0.781485 -0.596366
v 0.231795 0.781485 -0.596366
v 0.231795 0.781485 -0.596366
v 0.231795 0.781485 -0.596366
v 0.231795 0.781485 -0.596366
v 0.231795 0.781485 -0.596366
v 0.231795 0.781485 -0.596366
v 0.231795 0.781485 -0.596366
v 0.231795 0.781485 -0.596366
v 0.231795 0.781485 -0.596366
v 0.27858 0.602442 -0.802253
v 0.221892 0.610037 -0.807798
v 0.165238 0.625218 -0.794142
v 0.113804 0.649543 -0.766476
v 0.071234 0.684523 -0.730647
v 0.0397 0.729818 -0.690085
v 0.020722 0.78177 -0.645164
v 0.015593 0.833517 -0.59513
v 0.024941 0.877205 -0.540784
v 0.048042 0.907322 -0.485803
v 0.082825 0.923021 -0.43593
v 0.126701 0.927697 -0.396966
v 0.177369 0.925921 -0.373063
v 0.232649 0.919851 -0.366068
v 0.289444 0.90772 -0.375672
v 0.342995 0.885479 -0.399785
v 0.387577 0.85035 -0.435027
v 0.418506 0.803679 -0.477626
v 0.433961 0.751168 -0.524649
v 0.435103 0.700536 -0.574772
v 0.424348 0.658373 -0.627666
v 0.403259 0.628107 -0.682061
v 0.371858 0.609917 -0.733884
v 0.329852 0.602041 -0.776313
v 0.31203 0.39042 -0.970791
v 0.20149 0.408216 -0.983594
v 0.092331 0.444925 -0.961399
v -0.006374 0.499463 -0.911778
v -0.088848 0.570795 -0.843518
v -0.15158 0.656762 -0.76209
v -0.191148 0.752013 -0.66917
v -0.2036 0.847043 -0.565999
v -0.186228 0.930174 -0.457153
v -0.139882 0.991966 -0.351325
v -0.069328 1.029086 -0.258741
v 0.018899 1.044507 -0.187723
v 0.119031 1.043605 -0.143143
v 0.226504 1.029132 -0.127178
v 0.33597 0.999071 -0.140542
v 0.439287 0.949075 -0.182419
v 0.526147 0.877418 -0.2494
v 0.58756 0.788453 -0.335269
v 0.619449 0.691983 -0.432771
v 0.623213 0.599384 -0.536133
v 0.602773 0.519576 -0.641817
v 0.560813 0.457459 -0.746366
v 0.49763 0.41491 -0.8432
v 0.413481 0.392516 -0.92177
v 0.329255 0.160647 -1.088202
v 0.171702 0.188524 -1.111609
v 0.015876 0.247533 -1.09171
v -0.127238 0.333632 -1.031372
v -0.248313 0.441319 -0.936016
v -0.339801 0.563897 -0.812248
v -0.395671 0.693356 -0.667459
v -0.411599 0.820404 -0.510303
v -0.385791 0.935245 -0.351084
v -0.31985 1.029083 -0.201187
v -0.218817 1.095604 -0.071609
v -0.090242 1.131506 0.028551
v 0.057052 1.135858 0.092805
v 0.213665 1.109 0.117181
v 0.369585 1.052029 0.09999
v 0.514113 0.967323 0.042026
v 0.636533 0.859536 -0.052938
v 0.727616 0.736038 -0.178068
v 0.781133 0.606206 -0.324261
v 0.794396 0.479903 -0.481476
v 0.767648 0.366081 -0.639726
v 0.703051 0.272144 -0.78923
v 0.604278 0.203958 -0.920111
v 0.476954 0.165919 -1.022587
v 0.332557 -0.069793 -1.158041
v 0.135565 -0.034723 -1.19266
v -0.061189 0.040629 -1.180068
v -0.245647 0.15236 -1.115025
v -0.402935 0.292301 -0.996788
v -0.518955 0.448431 -0.83328
v -0.58499 0.608054 -0.640098
v -0.599275 0.761316 -0.435137
v -0.564428 0.901895 -0.233368
v -0.48369 1.024209 -0.045714
v -0.359897 1.120018 0.118275
v -0.198078 1.17825 0.247802
v -0.008651 1.189081 0.331614
v 0.192679 1.149312 0.36176
v 0.388997 1.064558 0.336679
v 0.566933 0.946403 0.260684
v 0.718019 0.806922 0.140639
v 0.835903 0.655033 -0.016588
v 0.912798 0.497133 -0.20329
v 0.939371 0.340432 -0.407981
v 0.908862 0.195154 -0.614222
v 0.821922 0.0733 -0.803684
v 0.687704 -0.014831 -0.961664
v 0.52012 -0.063202 -1.08051
v 0.326365 -0.293933 -1.193726
v 0.095667 -0.253922 -1.235331
v -0.135903 -0.167837 -1.223076
v -0.354399 -0.038297 -1.148795
v -0.540809 0.126203 -1.010055
v -0.676763 0.310915 -0.816481
v -0.751827 0.499384 -0.588139
v -0.765715 0.6792 -0.347358
v -0.723706 0.843592 -0.111241
v -0.630226 0.987364 0.109125
v -0.487146 1.10139 0.303614
v -0.298293 1.171727 0.458642
v -0.075173 1.185271 0.558744
v 0.162601 1.137595 0.593055
v 0.39346 1.036176 0.56043
v 0.60132 0.89616 0.468287
v 0.777613 0.73241 0.326596
v 0.916608 0.554614 0.143266
v 1.009384 0.368955 -0.074507
v 1.043314 0.183532 -0.314845
v 1.00838 0.011476 -0.558257
v 0.904785 -0.131547 -0.781573
v 0.744703 -0.233051 -0.96626
v 0.546445 -0.287305 -1.103868
v 0.312109 -0.512015 -1.200223
v 0.052876 -0.466642 -1.242697
v -0.205394 -0.369852 -1.219082
v -0.445774 -0.226424 -1.127397
v -0.649973 -0.045577 -0.970955
v -0.801568 0.159002 -0.76062
v -0.889773 0.371524 -0.513578
v -0.910791 0.577283 -0.249284
v -0.866011 0.764223 0.014264
v -0.759213 0.922039 0.261404
v -0.595674 1.040437 0.477285
v -0.383849 1.109084 0.646738
v -0.13746 1.120109 0.755778
v 0.124841 1.071412 0.79509
v 0.382803 0.967975 0.762643
v 0.618571 0.820005 0.663214
v 0.818384 0.639483 0.505493
v 0.971297 0.437902 0.2996
v 1.067181 0.226599 0.057139
v 1.096888 0.018409 -0.206963
v 1.055176 -0.171854 -0.473673
v 0.943992 -0.329345 -0.722092
v 0.773082 -0.442315 -0.933723
v 0.55718 -0.503988 -1.095624
v 0.286956 -0.718251 -1.166345
v 0.007477 -0.666724 -1.206583
v -0.266992 -0.557655 -1.168239
v -0.516869 -0.401815 -1.059049
v -0.728224 -0.211217 -0.890569
v -0.890586 0.003027 -0.673796
v -0.993525 0.229386 -0.41928
v -1.026453 0.453315 -0.140737
v -0.98262 0.65706 0.142422
v -0.863824 0.823208 0.407186
v -0.681311 0.939501 0.632614
v -0.451824 1.000968 0.804456
v -0.192262 1.007804 0.91517
v 0.08249 0.961399 0.960281
v 0.357434 0.862575 0.935549
v 0.614418 0.713735 0.838294
v 0.832533 0.522637 0.671785
v 0.992863 0.303772 0.448167
v 1.083967 0.075535 0.18659
v 1.103503 -0.144648 -0.092249
v 1.054943 -0.343272 -0.370534
v 0.942906 -0.50992 -0.633327
v 0.771753 -0.63458 -0.865304
v 0.548551 -0.706794 -1.048786
v 0.247796 -0.895418 -1.077054
v -0.038967 -0.840389 -1.116401
v -0.31833 -0.724027 -1.072502
v -0.569914 -0.561302 -0.957051
v -0.782533 -0.36677 -0.784775
v -0.949024 -0.150618 -0.566238
v -1.059096 0.078433 -0.30887
v -1.09842 0.3073 -0.024244
v -1.055777 0.516721 0.266758
v -0.931776 0.686324 0.537204
v -0.740766 0.802459 0.763632
v -0.50393 0.861726 0.933349
v -0.239991 0.867216 1.043131
v 0.038095 0.821586 1.091423
v 0.31833 0.724027 1.072502
v 0.582957 0.574148 0.978954
v 0.807981 0.378698 0.810296
v 0.970744 0.154065 0.579197
v 1.059096 -0.078433 0.30887
v 1.073844 -0.300424 0.023702
v 1.022524 -0.500446 -0.258356
v 0.910929 -0.670968 -0.525185
v 0.740766 -0.802459 -0.763632
v 0.515464 -0.881448 -0.95471
v 0.19571 -1.025882 -0.931586
v -0.083534 -0.973561 -0.972429
v -0.357434 -0.862575 -0.935549
v -0.606742 -0.704818 -0.827821
v -0.817862 -0.513427 -0.659947
v -0.980459 -0.299977 -0.442568
v -1.083967 -0.075535 -0.18659
v -1.117463 0.146478 0.093416
v -1.073866 0.34943 0.377181
v -0.954834 0.516371 0.641339
v -0.771753 0.63458 0.865304
v -0.541698 0.697965 1.035684
v -0.2819 0.705595 1.145792
v -0.007383 0.658395 1.191509
v 0.266992 0.557655 1.168239
v 0.523407 0.406898 1.072447
v 0.741287 0.215006 0.906543
v 0.901852 -0.003065 0.68232
v 0.993525 -0.229386 0.41928
v 1.01363 -0.447652 0.138979
v 0.965305 -0.645482 -0.139912
v 0.853032 -0.812924 -0.402099
v 0.681311 -0.939501 -0.632614
v 0.45754 -1.013631 -0.814633
v 0.135787 -1.106476 -0.746579
v -0.123764 -1.062175 -0.788235
v -0.382803 -0.967975 -0.762643
v -0.623951 -0.827137 -0.668982
v -0.828468 -0.647362 -0.511721
v -0.979745 -0.441711 -0.302205
v -1.067181 -0.226599 -0.057139
v -1.087431 -0.01825 0.205179
v -1.042333 0.169763 0.467908
v -0.935853 0.326506 0.715866
v -0.773082 0.442315 0.933723
v -0.562026 0.508372 1.105153
v -0.315955 0.518324 1.215011
v -0.053336 0.4707 1.253505
v 0.205394 0.369852 1.219082
v 0.441931 0.224472 1.117677
v 0.642062 0.045023 0.959137
v 0.794657 -0.157631 0.754062
v 0.889773 -0.371524 0.513578
v 0.918712 -0.582303 0.251452
v 0.876681 -0.773639 -0.01444
v 0.765816 -0.930058 -0.263677
v 0.595674 -1.040437 -0.477285
v 0.38054 -1.099522 -0.641162
v 0.07285 -1.148646 -0.541479
v -0.159032 -1.112626 -0.580038
v -0.39346 -1.036176 -0.56043
v -0.614814 -0.916272 -0.478796
v -0.802408 -0.755763 -0.33701
v -0.937178 -0.56706 -0.146482
v -1.009384 -0.368955 0.074507
v -1.020415 -0.179504 0.307935
v -0.977221 -0.011121 0.541006
v -0.884925 0.12866 0.764418
v -0.744703 0.233051 0.96626
v -0.558708 0.293752 1.128641
v -0.336772 0.303305 1.231789
v -0.097814 0.25962 1.263054
v 0.135903 0.167837 1.223076
v 0.34662 0.037456 1.12358
v 0.524098 -0.122303 0.978844
v 0.661908 -0.30409 0.79856
v 0.751827 -0.499384 0.588139
v 0.782899 -0.694443 0.355154
v 0.746781 -0.870491 0.114788
v 0.64437 -1.009522 -0.111574
v 0.487146 -1.10139 -0.303614
v 0.291745 -1.146009 -0.448575
v 0.008458 -1.162476 -0.324194
v -0.18962 -1.131069 -0.356018
v -0.388997 -1.064558 -0.336679
v -0.576077 -0.961668 -0.264889
v -0.734452 -0.82539 -0.143858
v -0.849385 -0.665598 0.016856
v -0.912798 -0.497133 0.20329
v -0.92446 -0.335029 0.401505
v -0.888527 -0.190787 0.600479
v -0.808875 -0.072137 0.790927
v -0.687704 0.014831 0.961664
v -0.528509 0.064221 1.097938
v -0.340168 0.071391 1.184545
v -0.137751 0.035283 1.211896
v 0.061189 -0.040629 1.180068
v 0.241748 -0.149942 1.097326
v 0.39392 -0.285761 0.974486
v 0.510718 -0.441313 0.820053
v 0.58499 -0.608054 0.640098
v 0.60894 -0.773596 0.442155
v 0.577345 -0.922537 0.238709
v 0.491491 -1.040728 0.046452
v 0.359897 -1.120018 -0.118275
v 0.194934 -1.159547 -0.243868
v -0.057409 -1.142971 -0.093386
v -0.21461 -1.113906 -0.1177
v -0.369585 -1.052029 -0.09999
v -0.511849 -0.963062 -0.041841
v -0.632571 -0.854186 0.052609
v -0.724411 -0.732796 0.177283
v -0.781133 -0.606206 0.324261
v -0.797911 -0.482026 0.483606
v -0.772455 -0.368374 0.643732
v -0.706162 -0.273348 0.792722
v -0.604278 -0.203958 0.920111
v -0.474853 -0.165188 1.018083
v -0.327206 -0.159647 1.08143
v -0.170946 -0.187694 1.106713
v -0.015876 -0.247533 1.09171
v 0.127801 -0.335108 1.035935
v 0.249868 -0.444083 0.941878
v 0.341304 -0.566392 0.815842
v 0.395671 -0.693356 0.667459
v 0.409786 -0.816791 0.508055
v 0.38339 -0.929425 0.348899
v 0.318441 -1.02455 0.200301
v 0.218817 -1.095604 0.071609
v 0.090641 -1.136512 -0.028678
v -0.122603 -1.074922 0.147438
v -0.231289 -1.050874 0.129865
v -0.33597 -0.999071 0.140542
v -0.430199 -0.929439 0.178645
v -0.510818 -0.851856 0.242134
v -0.575404 -0.772141 0.328333
v -0.619449 -0.691983 0.432771
v -0.636379 -0.612046 0.547459
v -0.62086 -0.535167 0.661076
v -0.572661 -0.467124 0.762133
v -0.49763 -0.41491 0.8432
v -0.404926 -0.384396 0.902699
v -0.302939 -0.379045 0.942509
v -0.197321 -0.39977 0.963244
v -0.092331 -0.444925 0.961399
v 0.006509 -0.510015 0.93104
v 0.091514 -0.587923 0.86883
v 0.154782 -0.670637 0.77819
v 0.191148 -0.752013 0.66917
v 0.199388 -0.829519 0.554289
v 0.180802 -0.903075 0.443835
v 0.136989 -0.971443 0.344057
v 0.069328 -1.029086 0.258741
v -0.019298 -1.066573 0.191689
v -0.182151 -0.95089 0.383123
v -0.237068 -0.937322 0.373021
v -0.289444 -0.90772 0.375672
v -0.336602 -0.868975 0.392333
v -0.3774 -0.828022 0.423604
v -0.410705 -0.7887 0.468724
v -0.433961 -0.751168 0.524649
v -0.443367 -0.713841 0.585688
v -0.435791 -0.676126 0.644592
v -0.410918 -0.640036 0.695015
v -0.371858 -0.609917 0.733884
v -0.323704 -0.59082 0.761843
v -0.271265 -0.586623 0.781188
v -0.217756 -0.598666 0.792741
v -0.165238 -0.625218 0.794142
v -0.115965 -0.66188 0.781033
v -0.073155 -0.702981 0.750349
v -0.040454 -0.743679 0.703192
v -0.020722 -0.78177 0.645164
v -0.015302 -0.817982 0.584038
v -0.024286 -0.854172 0.526585
v -0.047147 -0.890411 0.476749
v -0.082825 -0.923021 0.43593
v -0.129108 -0.945317 0.404506
v -0.231795 -0.781485 0.596366
v -0.231795 -0.781485 0.596366
v -0.231795 -0.781485 0.596366
v -0.231795 -0.781485 0.596366
v -0.231795 -0.781485 0.596366
v -0.231795 -0.781485 0.596366
v -0.231795 -0.781485 0.596366
v -0.231795 -0.781485 0.596366
v -0.231795 -0.781485 0.596366
v -0.231795 -0.781485 0.596366
v -0.231795 -0.781485 0.596366
v -0.231795 -0.781485 0.596366
v -0.231795 -0.781485 0.596366
v -0.231795 -0.781485 0.596366
v -0.231795 -0.781485 0.596366
v -0.231795 -0.781485 0.596366
v -0.231795 -0.781485 0.596366
v -0.231795 -0.781485 0.596366
v -0.231795 -0.781485 0.596366
v -0.231795 -0.781485 0.596366
v -0.231795 -0.781485 0.596366
v -0.231795 -0.781485 0.596366
v -0.231795 -0.781485 0.596366
v -0.231795 -0.781485 0.596366
v -0.765978 0.585679 -2.09603
v 1.329565 -0.45951 -2.811538
v 1.26838 1.386136 -0.552722
v -0.766037 1.303354 -1.542782
v 0.833735 -0.187427 -2.906421
v 1.595282 1.290357 -0.642017
v -0.658403 1.827929 -0.722692
v 0.22212 0.0133 -2.622403
v 1.71989 0.82458 -0.816765
v -0.375652 1.869768 -0.101258
v -0.314468 0.024122 -2.360074
v 1.71995 0.106905 -1.370014
v 0.120178 1.597686 -0.006374
v -0.64137 0.119902 -2.270779
v 1.612316 -0.417671 -2.190104
v 0.731793 1.396959 -0.290392
v -0.984857 0.624684 -2.12999
v 1.115953 -0.421443 -2.844681
v 1.069768 1.42153 -0.583537
v -0.942202 1.334748 -1.570115
v 0.68405 -0.160752 -2.929645
v 1.472077 1.312313 -0.661133
v -0.759161 1.845885 -0.738325
v 0.136362 0.028583 -2.635709
v 1.639399 0.838924 -0.829254
v -0.46141 1.885051 -0.114563
v -0.415225 0.042078 -2.375707
v 1.596744 0.128861 -1.38913
v -0.029507 1.624361 -0.029599
v -0.817534 0.151295 -2.298111
v 1.413703 -0.382277 -2.220919
v 0.518181 1.435026 -0.323535
v -1.201701 0.707579 -2.105647
v 0.904327 -0.340543 -2.820924
v 0.873002 1.496749 -0.561448
v -1.116728 1.401465 -1.550522
v 0.535756 -0.104063 -2.912998
v 1.350016 1.358974 -0.64743
v -0.858981 1.884044 -0.727119
v 0.051401 0.061061 -2.626171
v 1.559656 0.869408 -0.820302
v -0.546371 1.917529 -0.105026
v -0.515046 0.080237 -2.364501
v 1.474684 0.175521 -1.375427
v -0.177801 1.68105 -0.012951
v -0.992061 0.218013 -2.278519
v 1.216937 -0.307058 -2.198831
v 0.306555 1.515925 -0.299778
v -1.401732 0.828713 -2.02466
v 0.709109 -0.222324 -2.741886
v 0.691492 1.606667 -0.48796
v -1.277723 1.498959 -1.48534
v 0.398961 -0.021223 -2.857613
v 1.23742 1.427159 -0.601843
v -0.951063 1.939806 -0.689838
v -0.026972 0.108522 -2.59444
v 1.486097 0.913954 -0.79052
v -0.624745 1.96499 -0.073295
v -0.607127 0.135999 -2.32722
v 1.362088 0.243707 -1.32984
v -0.314597 1.76389 0.042433
v -1.153056 0.315507 -2.213337
v 1.035427 -0.19714 -2.125342
v 0.111337 1.634144 -0.22074
v -1.571319 0.979831 -1.892548
v 0.543603 -0.074842 -2.612953
v 0.537607 1.743793 -0.368081
v -1.414215 1.620587 -1.37901
v 0.282985 0.082122 -2.767266
v 1.141961 1.512222 -0.527478
v -1.029129 2.009371 -0.629022
v -0.093418 0.167731 -2.542678
v 1.423732 0.969526 -0.741937
v -0.69119 2.024199 -0.021532
v -0.685194 0.205564 -2.266404
v 1.266628 0.32877 -1.255475
v -0.430572 1.867235 0.132781
v -1.289548 0.437134 -2.107007
v 0.881542 -0.060014 -2.005463
v -0.054169 1.781626 -0.091807
v -1.698905 1.150635 -1.718314
v 0.419087 0.091851 -2.442912
v 0.421835 1.898782 -0.209979
v -1.516902 1.758058 -1.238778
v 0.195733 0.19893 -2.648112
v 1.070143 1.608367 -0.429403
v -1.087861 2.087998 -0.548816
v -0.143406 0.234653 -2.474412
v 1.376814 1.032338 -0.677863
v -0.741179 2.091121 0.046734
v -0.743926 0.284191 -2.186199
v 1.194811 0.424915 -1.1574
v -0.517824 1.984043 0.251934
v -1.392235 0.574606 -1.966775
v 0.76577 0.094975 -1.847362
v -0.178685 1.94832 0.078234
v -1.775794 1.329485 -1.513833
v 0.344048 0.266398 -2.24335
v 0.352065 2.061072 -0.024431
v -1.578786 1.902005 -1.074201
v 0.143151 0.32124 -2.508273
v 1.026863 1.709041 -0.314302
v -1.123256 2.170329 -0.454687
v -0.173532 0.304728 -2.394295
v 1.348538 1.098109 -0.602667
v -0.771304 2.161196 0.126851
v -0.779321 0.366522 -2.092069
v 1.15153 0.525588 -1.042299
v -0.570407 2.106353 0.391774
v -1.454119 0.718553 -1.802198
v 0.696 0.257265 -1.661813
v -0.253724 2.122866 0.277795
v -1.796747 1.504192 -1.293038
v 0.323599 0.436901 -2.027869
v 0.333052 2.219603 0.17592
v -1.595651 2.042618 -0.896495
v 0.128821 0.440718 -2.357278
v 1.015068 1.807382 -0.190018
v -1.132902 2.250752 -0.353047
v -0.181742 0.373179 -2.307786
v 1.340833 1.162356 -0.521471
v -0.779514 2.229647 0.213359
v -0.788966 0.446945 -1.990429
v 1.139736 0.62393 -0.918015
v -0.584736 2.225831 0.542769
v -1.470983 0.859166 -1.624492
v 0.676987 0.415796 -1.461462
v -0.274173 2.293369 0.493277
v -1.760337 1.662852 -1.070977
v 0.359134 0.591742 -1.811151
v 0.366091 2.363572 0.37742
v -1.566345 2.170315 -0.717769
v 0.153722 0.54922 -2.205417
v 1.035564 1.896691 -0.065021
v -1.11614 2.323789 -0.250825
v -0.167476 0.435343 -2.220781
v 1.354223 1.220702 -0.43981
v -0.765248 2.291811 0.300364
v -0.772205 0.519982 -1.888207
v 1.160231 0.713238 -0.793018
v -0.559836 2.334333 0.69463
v -1.441678 0.986863 -1.445766
v 0.710026 0.559765 -1.259962
v -0.238638 2.44821 0.709994
v -1.669043 1.79465 -0.862783
v 0.44823 0.720369 -1.607967
v 0.448932 2.483166 0.566337
v -1.492868 2.276392 -0.550205
v 0.216155 0.639353 -2.063039
v 1.086952 1.970879 0.05217
v -1.074115 2.38446 -0.154986
v -0.131706 0.486982 -2.13921
v 1.387795 1.269169 -0.363249
v -0.729479 2.34345 0.381936
v -0.73018 0.580653 -1.792368
v 1.21162 0.787427 -0.675827
v -0.497403 2.424466 0.837008
v -1.3682 1.09294 -1.278201
v 0.792867 0.679359 -1.071045
v -0.149542 2.576837 0.913179
v -1.529088 1.890606 -0.682644
v 0.584817 0.814016 -1.432163
v 0.575928 2.570237 0.729797
v -1.380226 2.353622 -0.40522
v 0.311866 0.704975 -1.939847
v 1.165732 2.024892 0.153569
v -1.009689 2.428632 -0.072062
v -0.076871 0.524578 -2.06863
v 1.439262 1.304456 -0.297004
v -0.674643 2.381046 0.452515
v -0.665754 0.624825 -1.709444
v 1.2904 0.84144 -0.574428
v -0.401692 2.490087 0.960199
v -1.255558 1.17017 -1.133217
v 0.919863 0.76643 -0.907586
v -0.012955 2.670484 1.088983
v -1.35001 1.94418 -0.542836
v 0.759586 0.8663 -1.29572
v 0.738425 2.618851 0.856659
v -1.236095 2.396741 -0.292696
v 0.434332 0.741612 -1.844237
v 1.266534 2.055048 0.232266
v -0.927253 2.453293 -0.007704
v -0.006707 0.545569 -2.013853
v 1.505117 1.324158 -0.245591
v -0.60448 2.402037 0.507293
v -0.583318 0.649486 -1.645086
v 1.391202 0.871596 -0.495731
v -0.279225 2.526725 1.05581
v -1.111427 1.213289 -1.020693
v 1.08236 0.815044 -0.780723
v 0.161814 2.722769 1.225426
v -1.144012 1.95172 -0.452887
v 0.960627 0.87366 -1.207935
v 0.925349 2.625693 0.93828
v -1.070298 2.40281 -0.220301
v 0.575208 0.746769 -1.782723
v 1.382489 2.059293 0.282898
v -0.832425 2.456765 0.033703
v 0.074004 0.548523 -1.97861
v 1.580871 1.326931 -0.212513
v -0.523768 2.404991 0.542535
v -0.48849 0.652958 -1.603679
v 1.507156 0.875841 -0.445099
v -0.138349 2.531882 1.117323
v -0.94563 1.219358 -0.948298
v 1.269284 0.821886 -0.699102
v 0.362855 2.730128 1.313211
v -0.925133 1.912715 -0.418927
v 1.174239 0.835593 -1.174792
v 1.123961 2.590299 0.969095
v -0.894133 2.371417 -0.192968
v 0.724893 0.720094 -1.759499
v 1.505695 2.037337 0.302014
v -0.731668 2.438809 0.049336
v 0.159762 0.533241 -1.965304
v 1.661362 1.312587 -0.200024
v -0.43801 2.389709 0.555841
v -0.387733 0.635002 -1.588046
v 1.630362 0.853885 -0.425983
v 0.011336 2.505207 1.140548
v -0.769466 1.187964 -0.920965
v 1.467897 0.786492 -0.668287
v 0.576467 2.692061 1.346354
v -0.708289 1.82982 -0.44327
v 1.385865 0.754693 -1.198549
v 1.320727 2.51508 0.947006
v -0.719607 2.304699 -0.21256
v 0.873186 0.663405 -1.776146
v 1.627755 1.990676 0.288311
v -0.631847 2.40065 0.03813
v 0.244723 0.500762 -1.974842
v 1.741105 1.282103 -0.208976
v -0.35305 2.35723 0.546304
v -0.287912 0.596843 -1.599252
v 1.752422 0.807224 -0.439685
v 0.159629 2.448518 1.1239
v -0.594939 1.121247 -0.940557
v 1.664663 0.711273 -0.690376
v 0.788093 2.611161 1.322596
v -0.508258 1.708687 -0.524257
v 1.581083 0.636474 -1.277587
v 1.502237 2.405163 0.873518
v -0.558612 2.207205 -0.277743
v 1.009982 0.580565 -1.831531
v 1.740351 1.922491 0.242724
v -0.539766 2.344888 0.000849
v 0.323096 0.453301 -2.006573
v 1.814665 1.237557 -0.238758
v -0.274676 2.309769 0.514572
v -0.195831 0.541081 -1.636533
v 1.865019 0.739039 -0.485273
v 0.296425 2.365678 1.068516
v -0.433944 1.023753 -1.005739
v 1.846173 0.601356 -0.763864
v 0.983311 2.492942 1.243558
v -0.338671 1.557568 -0.656369
v 1.746589 0.488993 -1.40652
v 1.656122 2.268037 0.753639
v -0.42212 2.085578 -0.384073
v 1.125958 0.47722 -1.921878
v 1.835811 1.837427 0.168359
v -0.461699 2.275323 -0.059967
v 0.389541 0.394092 -2.058336
v 1.877029 1.181985 -0.287342
v -0.208231 2.25056 0.46281
v -0.117764 0.471516 -1.697349
v 1.960478 0.653975 -0.559638
v 0.4124 2.262333 0.978168
v -0.297452 0.902126 -1.11207
v 2.000057 0.46423 -0.883744
v 1.148817 2.345461 1.114625
v -0.211085 1.386764 -0.830603
v 1.871104 0.322299 -1.576561
v 1.771894 2.113048 0.595537
v -0.319433 1.948106 -0.524305
v 1.21321 0.360412 -2.041032
v 1.907628 1.741283 0.070284
v -0.402967 2.196696 -0.140173
v 0.43953 0.32717 -2.126601
v 1.923947 1.119173 -0.351415
v -0.158242 2.183638 0.394544
v -0.059032 0.392889 -1.777555
v 2.032295 0.557831 -0.657713
v 0.499652 2.145525 0.859015
v -0.194765 0.764654 -1.252301
v 2.11583 0.309241 -1.041845
v 1.273332 2.178767 0.944584
v -0.134196 1.207914 -1.035085
v 1.946143 0.147752 -1.776123
v 1.841664 1.950758 0.409989
v -0.257549 1.804159 -0.688881
v 1.265792 0.238102 -2.180871
v 1.950908 1.640609 -0.044817
v -0.367572 2.114365 -0.234303
v 0.469656 0.257096 -2.206719
v 1.952223 1.053402 -0.426611
v -0.128116 2.113564 0.314427
v -0.023637 0.310559 -1.871685
v 2.075576 0.457157 -0.772814
v 0.552235 2.023215 0.719175
v -0.132881 0.620707 -1.416878
v 2.1856 0.146951 -1.227393
v 1.348371 2.004221 0.745023
v -0.113243 1.033207 -1.255879
v 1.966592 -0.022751 -1.991604
v 1.860677 1.792227 0.209638
v -0.240685 1.663546 -0.866588
v 1.280121 0.118624 -2.331866
v 1.962703 1.542267 -0.169101
v -0.357927 2.033942 -0.335942
v 0.477865 0.188644 -2.293227
v 1.959928 0.989155 -0.507807
v -0.119907 2.045112 0.227918
v -0.013992 0.230135 -1.973324
v 2.08737 0.358815 -0.897098
v 0.566564 1.903737 0.56818
v -0.116017 0.480094 -1.594585
v 2.204613 -0.01158 -1.427744
v 1.36882 1.833717 0.529541
v -0.149653 0.874548 -1.47794
v 1.931058 -0.177592 -2.208322
v 1.827638 1.648258 0.008138
v -0.26999 1.53585 -1.045313
v 1.255221 0.010122 -2.483727
v 1.942207 1.452959 -0.294098
v -0.374688 1.960905 -0.438164
v 0.463599 0.126481 -2.380232
v 1.946538 0.930809 -0.589468
v -0.134173 1.982949 0.140914
v -0.030753 0.157099 -2.075546
v 2.066875 0.269507 -1.022095
v 0.541664 1.795235 0.416319
v -0.145322 0.352397 -1.77331
v 2.171573 -0.155549 -1.629244
v 1.333286 1.678876 0.312824
v -0.240947 0.742749 -1.686134
v 1.841961 -0.306219 -2.411506
v 1.744797 1.528663 -0.180779
v -0.343467 1.429772 -1.212878
v 1.192788 -0.080011 -2.626105
v 1.890819 1.378771 -0.411289
v -0.416714 1.900234 -0.534003
v 0.42783 0.074841 -2.461804
v 1.912966 0.882341 -0.66603
v -0.169942 1.931309 0.059342
v -0.072778 0.096427 -2.171385
v 2.015486 0.195319 -1.139286
v 0.479231 1.705102 0.273941
v -0.2188 0.24632 -1.940875
v 2.088733 -0.275144 -1.818161
v 1.244189 1.550249 0.10964
v -0.380902 0.646793 -1.866273
v 1.705374 -0.399866 -2.58731
v 1.617801 1.441592 -0.344238
v -0.45611 1.352542 -1.357862
v 1.097077 -0.145633 -2.749297
v 1.812039 1.324758 -0.512688
v -0.48114 1.856062 -0.616927
v 0.372995 0.037245 -2.532383
v 1.861499 0.847054 -0.732274
v -0.224777 1.893713 -0.011238
v -0.137204 0.052256 -2.254309
v 1.936707 0.141306 -1.240685
v 0.38352 1.63948 0.150749
v -0.331442 0.16909 -2.085859
v 1.961737 -0.362215 -1.981621
v 1.107602 1.456603 -0.066164
v -0.55998 0.59322 -2.006081
v 1.530605 -0.45215 -2.723753
v 1.455304 1.392979 -0.471101
v -0.60024 1.309423 -1.470386
v 0.974611 -0.18227 -2.844908
v 1.711237 1.294602 -0.591385
v -0.563575 1.831401 -0.681285
v 0.302831 0.016255 -2.587161
v 1.795644 0.827353 -0.783687
v -0.294941 1.872723 -0.066015
v -0.21964 0.027594 -2.318667
v 1.835905 0.111149 -1.319382
v 0.261054 1.602843 0.055139
v -0.475573 0.125971 -2.198383
v 1.79924 -0.410828 -2.108483
v 0.932833 1.404318 -0.202608

vt 0.7041 0.7011
vt 0.7041 0.7011
vt 0.7041 0.7011
vt 0.7041 0.7011
vt 0.7041 0.7011
vt 0.7041 0.7011
vt 0.7041 0.7011
vt 0.7041 0.7011
vt 0.7041 0.7011
vt 0.7041 0.7011
vt 0.7041 0.7011
vt 0.7041 0.7011
vt 0.7041 0.7011
vt 0.7041 0.7011
vt 0.7041 0.7011
vt 0.7041 0.7011
vt 0.7041 0.7011
vt 0.7041 0.7011
vt 0.7041 0.7011
vt 0.7041 0.7011
vt 0.7041 0.7011
vt 0.7041 0.7011
vt 0.7041 0.7011
vt 0.7041 0.7011
vt 0.6811 0.78
vt 0.6945 0.7845
vt 0.7089 0.7825
vt 0.7224 0.7738
vt 0.7335 0.7595
vt 0.7414 0.7409
vt 0.7458 0.7196
vt 0.747 0.6973
vt 0.7455 0.6758
vt 0.7416 0.6563
vt 0.7358 0.64
vt 0.7284 0.6276
vt 0.7199 0.6199
vt 0.7106 0.6172
vt 0.7009 0.6196
vt 0.6912 0.6268
vt 0.6819 0.6387
vt 0.6736 0.6544
vt 0.6666 0.6731
vt 0.6615 0.6938
vt 0.6589 0.715
vt 0.6592 0.7357
vt 0.6629 0.7543
vt 0.6702 0.7695
vt 0.6427 0.8487
vt 0.677 0.862
vt 0.7174 0.8595
vt 0.752 0.8405
vt 0.7746 0.8089
vt 0.7861 0.7695
vt 0.7896 0.7265
vt 0.7875 0.6834
vt 0.7814 0.6429
vt 0.7723 0.6074
vt 0.7607 0.5782
vt 0.7471 0.5566
vt 0.7319 0.5431
vt 0.7155 0.5382
vt 0.6984 0.5422
vt 0.681 0.555
vt 0.664 0.5761
vt 0.6481 0.6046
vt 0.6338 0.6388
vt 0.6219 0.6767
vt 0.6132 0.716
vt 0.6089 0.7549
vt 0.6106 0.7915
vt 0.6209 0.8237
vt 0.5722 0.8966
vt 0.6324 0.9282
vt 0.7398 0.9289
vt 0.808 0.8939
vt 0.8316 0.8421
vt 0.8363 0.7832
vt 0.8325 0.7217
vt 0.824 0.6615
vt 0.8123 0.6063
vt 0.798 0.5587
vt 0.7814 0.5204
vt 0.7627 0.492
vt 0.742 0.4741
vt 0.7197 0.4671
vt 0.6962 0.4715
vt 0.6723 0.4878
vt 0.6486 0.5157
vt 0.6259 0.5542
vt 0.605 0.6009
vt 0.5865 0.6523
vt 0.5708 0.7053
vt 0.5588 0.7573
vt 0.5518 0.8071
vt 0.5533 0.854
vt 0.4671 0.9091
vt 0.4601 0.9628
vt 0.9067 0.9802
vt 0.9116 0.9193
vt 0.9001 0.8526
vt 0.8866 0.7808
vt 0.8719 0.7066
vt 0.8561 0.6344
vt 0.839 0.5687
vt 0.8202 0.5128
vt 0.7995 0.4681
vt 0.7765 0.4349
vt 0.7512 0.4134
vt 0.7236 0.4042
vt 0.6942 0.4081
vt 0.6641 0.4261
vt 0.6343 0.4588
vt 0.6058 0.505
vt 0.5794 0.5615
vt 0.5553 0.6234
vt 0.5337 0.6859
vt 0.5142 0.7458
vt 0.4966 0.8024
vt 0.4808 0.8563
vt 0.3833 0.8878
vt 0.3073 0.9312
vt 0.1417 0.9444
vt 0.0171 0.9042
vt 0.9635 0.84
vt 0.9315 0.7646
vt 0.9067 0.6838
vt 0.8845 0.6041
vt 0.8628 0.5318
vt 0.8404 0.4704
vt 0.8163 0.4214
vt 0.7897 0.3846
vt 0.7601 0.36
vt 0.7274 0.3483
vt 0.6922 0.351
vt 0.6559 0.3697
vt 0.6202 0.4056
vt 0.5866 0.4577
vt 0.5558 0.522
vt 0.5277 0.592
vt 0.5018 0.6609
vt 0.477 0.7251
vt 0.4517 0.7838
vt 0.423 0.8377
vt 0.3371 0.8525
vt 0.268 0.885
vt 0.1693 0.8937
vt 0.0748 0.8671
vt 0.0111 0.8119
vt 0.9688 0.7386
vt 0.937 0.6558
vt 0.9101 0.5723
vt 0.8849 0.4961
vt 0.8596 0.4314
vt 0.8328 0.3794
vt 0.803 0.3397
vt 0.7694 0.3122
vt 0.7315 0.2978
vt 0.6901 0.2987
vt 0.6471 0.3175
vt 0.6056 0.3558
vt 0.5674 0.4127
vt 0.5333 0.4833
vt 0.5027 0.5594
vt 0.4743 0.6328
vt 0.4466 0.6991
vt 0.4173 0.7575
vt 0.383 0.8087
vt 0.3105 0.8136
vt 0.2518 0.8393
vt 0.1789 0.8451
vt 0.1052 0.8238
vt 0.0449 0.7755
vt 0.9995 0.7062
vt 0.9639 0.6242
vt 0.9338 0.5397
vt 0.9062 0.4618
vt 0.8788 0.3953
vt 0.8499 0.3411
vt 0.8175 0.2988
vt 0.78 0.2682
vt 0.7364 0.2508
vt 0.6875 0.2497
vt 0.6369 0.2685
vt 0.5892 0.3092
vt 0.5473 0.3703
vt 0.5111 0.4459
vt 0.4793 0.5263
vt 0.4499 0.6026
vt 0.4211 0.6699
vt 0.3905 0.7272
vt 0.355 0.7752
vt 0.293 0.7734
vt 0.2426 0.7944
vt 0.1841 0.7977
vt 0.1238 0.7784
vt 0.0698 0.7347
vt 0.0251 0.6695
vt 0.9882 0.5901
vt 0.9566 0.5068
vt 0.9276 0.429
vt 0.899 0.3617
vt 0.8686 0.3058
vt 0.8342 0.2607
vt 0.793 0.2266
vt 0.7426 0.2056
vt 0.6841 0.2023
vt 0.6238 0.2216
vt 0.5698 0.2653
vt 0.5251 0.3305
vt 0.4882 0.4099
vt 0.4566 0.4932
vt 0.4276 0.571
vt 0.399 0.6383
vt 0.3686 0.6942
vt 0.3342 0.7393
vt 0.28 0.7318
vt 0.2364 0.7492
vt 0.1875 0.7503
vt 0.1369 0.7315
vt 0.0892 0.6908
vt 0.0473 0.6297
vt 0.0111 0.5541
vt 0.9793 0.4737
vt 0.9499 0.3974
vt 0.9211 0.3301
vt 0.8905 0.2728
vt 0.855 0.2248
vt 0.8105 0.1864
vt 0.7518 0.1607
vt 0.6789 0.1549
vt 0.6052 0.1762
vt 0.5449 0.2245
vt 0.4995 0.2938
vt 0.4639 0.3758
vt 0.4338 0.4603
vt 0.4062 0.5382
vt 0.3788 0.6047
vt 0.3499 0.6589
vt 0.3175 0.7012
vt 0.2694 0.6878
vt 0.2315 0.7022
vt 0.1901 0.7013
vt 0.1471 0.6825
vt 0.1056 0.6442
vt 0.0674 0.5873
vt 0.0333 0.5167
vt 0.0027 0.4406
vt 0.9743 0.3672
vt 0.9466 0.3009
vt 0.9173 0.2425
vt 0.883 0.1913
vt 0.8371 0.1475
vt 0.768 0.115
vt 0.6693 0.1063
vt 0.5748 0.1329
vt 0.5111 0.1881
vt 0.4688 0.2614
vt 0.437 0.3442
vt 0.4101 0.4277
vt 0.3849 0.5039
vt 0.3596 0.5686
vt 0.3328 0.6206
vt 0.303 0.6603
vt 0.2601 0.64
vt 0.2274 0.6517
vt 0.1922 0.649
vt 0.1559 0.6303
vt 0.1202 0.5944
vt 0.0866 0.5423
vt 0.0558 0.478
vt 0.0277 0.408
vt 0.0018 0.3391
vt 0.977 0.2749
vt 0.9517 0.2162
vt 0.923 0.1623
vt 0.8833 0.1122
vt 0.8073 0.0688
vt 0.6417 0.0556
vt 0.5171 0.0958
vt 0.4635 0.16
vt 0.4315 0.2354
vt 0.4067 0.3162
vt 0.3845 0.3959
vt 0.3628 0.4682
vt 0.3404 0.5296
vt 0.3163 0.5786
vt 0.2897 0.6154
vt 0.2512 0.5866
vt 0.2236 0.5958
vt 0.1942 0.5919
vt 0.1641 0.5739
vt 0.1343 0.5412
vt 0.1058 0.495
vt 0.0794 0.4385
vt 0.0553 0.3766
vt 0.0337 0.3141
vt 0.0142 0.2542
vt 0.9966 0.1976
vt 0.9808 0.1437
vt 0.9671 0.0909
vt 0.9601 0.0372
vt 0.4067 0.0198
vt 0.4116 0.0807
vt 0.4001 0.1474
vt 0.3866 0.2192
vt 0.3719 0.2934
vt 0.3561 0.3656
vt 0.339 0.4313
vt 0.3202 0.4872
vt 0.2995 0.5319
vt 0.2765 0.5651
vt 0.242 0.5259
vt 0.2197 0.5329
vt 0.1962 0.5285
vt 0.1723 0.5122
vt 0.1486 0.4843
vt 0.1259 0.4458
vt 0.105 0.3991
vt 0.0865 0.3477
vt 0.0708 0.2947
vt 0.0588 0.2427
vt 0.0518 0.1929
vt 0.0533 0.146
vt 0.0722 0.1034
vt 0.1324 0.0718
vt 0.2398 0.0711
vt 0.308 0.1061
vt 0.3316 0.1579
vt 0.3363 0.2168
vt 0.3325 0.2783
vt 0.324 0.3385
vt 0.3123 0.3937
vt 0.298 0.4413
vt 0.2814 0.4796
vt 0.2627 0.508
vt 0.2319 0.4569
vt 0.2155 0.4618
vt 0.1984 0.4578
vt 0.181 0.445
vt 0.164 0.4239
vt 0.1481 0.3954
vt 0.1338 0.3612
vt 0.1219 0.3233
vt 0.1132 0.284
vt 0.1089 0.2451
vt 0.1106 0.2085
vt 0.1209 0.1763
vt 0.1427 0.1513
vt 0.177 0.138
vt 0.2174 0.1405
vt 0.252 0.1595
vt 0.2746 0.1911
vt 0.2861 0.2305
vt 0.2896 0.2735
vt 0.2875 0.3166
vt 0.2814 0.3571
vt 0.2723 0.3926
vt 0.2607 0.4218
vt 0.2471 0.4434
vt 0.2199 0.3801
vt 0.2106 0.3828
vt 0.2009 0.3804
vt 0.1912 0.3732
vt 0.1819 0.3613
vt 0.1736 0.3456
vt 0.1666 0.3269
vt 0.1615 0.3062
vt 0.1589 0.285
vt 0.1592 0.2643
vt 0.1629 0.2457
vt 0.1702 0.2305
vt 0.1811 0.22
vt 0.1945 0.2155
vt 0.2089 0.2175
vt 0.2224 0.2262
vt 0.2335 0.2405
vt 0.2414 0.2591
vt 0.2458 0.2804
vt 0.247 0.3027
vt 0.2455 0.3242
vt 0.2416 0.3437
vt 0.2358 0.36
vt 0.2284 0.3724
vt 0.2041 0.2989
vt 0.2041 0.2989
vt 0.2041 0.2989
vt 0.2041 0.2989
vt 0.2041 0.2989
vt 0.2041 0.2989
vt 0.2041 0.2989
vt 0.2041 0.2989
vt 0.2041 0.2989
vt 0.2041 0.2989
vt 0.2041 0.2989
vt 0.2041 0.2989
vt 0.2041 0.2989
vt 0.2041 0.2989
vt 0.2041 0.2989
vt 0.2041 0.2989
vt 0.2041 0.2989
vt 0.2041 0.2989
vt 0.2041 0.2989
vt 0.2041 0.2989
vt 0.2041 0.2989
vt 0.2041 0.2989
vt 0.2041 0.2989
vt 0.2041 0.2989
vt 0.8961 0.8628
vt 0.447 0.8523
vt 0.6321 0.5911
vt 0.8346 0.7532
vt 0.4648 0.909
vt 0.6082 0.5965
vt 0.805 0.6134
vt 0.5095 0.9731
vt 0.5712 0.6288
vt 0.7816 0.5169
vt 0.9878 0.9577
vt 0.5099 0.7138
vt 0.7381 0.5013
vt 0.9706 0.9109
vt 0.4597 0.793
vt 0.6732 0.558
vt 0.91 0.8405
vt 0.4425 0.8736
vt 0.6473 0.6009
vt 0.8478 0.7437
vt 0.4633 0.9251
vt 0.6159 0.603
vt 0.8121 0.6128
vt 0.5329 0.9832
vt 0.5753 0.6347
vt 0.7882 0.5188
vt 0.9839 0.9446
vt 0.5128 0.7274
vt 0.7529 0.5058
vt 0.9709 0.8895
vt 0.458 0.8144
vt 0.6948 0.5665
vt 0.9153 0.8138
vt 0.4427 0.8949
vt 0.666 0.5997
vt 0.8571 0.727
vt 0.4695 0.941
vt 0.6255 0.6037
vt 0.8181 0.6075
vt 0.6386 0.9903
vt 0.5809 0.6371
vt 0.7942 0.5168
vt 0.9754 0.9309
vt 0.5189 0.7378
vt 0.7668 0.5024
vt 0.9656 0.8665
vt 0.4607 0.8349
vt 0.7182 0.5609
vt 0.915 0.7844
vt 0.4516 0.9158
vt 0.6853 0.5866
vt 0.8623 0.7057
vt 0.4915 0.9558
vt 0.6363 0.5982
vt 0.8226 0.5984
vt 0.7888 0.9863
vt 0.5878 0.6354
vt 0.799 0.5113
vt 0.9649 0.9168
vt 0.5282 0.7437
vt 0.7781 0.4925
vt 0.9575 0.8424
vt 0.4701 0.8535
vt 0.7392 0.5426
vt 0.9113 0.7535
vt 0.4782 0.9341
vt 0.7024 0.5634
vt 0.8642 0.6815
vt 0.545 0.9662
vt 0.6471 0.5864
vt 0.8253 0.5865
vt 0.8309 0.976
vt 0.5951 0.6295
vt 0.8024 0.5032
vt 0.9536 0.9027
vt 0.5404 0.7434
vt 0.7861 0.478
vt 0.948 0.8174
vt 0.4892 0.8679
vt 0.7548 0.5164
vt 0.9053 0.7219
vt 0.5343 0.9447
vt 0.7152 0.5342
vt 0.8633 0.656
vt 0.6263 0.9666
vt 0.6566 0.5696
vt 0.8264 0.5729
vt 0.8373 0.9648
vt 0.6024 0.6194
vt 0.8042 0.4933
vt 0.9419 0.8888
vt 0.5544 0.7355
vt 0.7906 0.4611
vt 0.9377 0.792
vt 0.5196 0.8741
vt 0.7646 0.4873
vt 0.8977 0.6906
vt 0.6049 0.939
vt 0.7231 0.5037
vt 0.8603 0.6305
vt 0.6833 0.9557
vt 0.6639 0.5498
vt 0.826 0.5586
vt 0.8324 0.9537
vt 0.6088 0.6062
vt 0.8046 0.4824
vt 0.93 0.8757
vt 0.5681 0.7193
vt 0.7921 0.4435
vt 0.927 0.7667
vt 0.5564 0.8663
vt 0.7689 0.4589
vt 0.8891 0.6605
vt 0.6485 0.9166
vt 0.7263 0.4751
vt 0.8555 0.606
vt 0.7047 0.9388
vt 0.6686 0.5291
vt 0.8242 0.5443
vt 0.8221 0.9434
vt 0.6137 0.591
vt 0.8035 0.4713
vt 0.918 0.8639
vt 0.5797 0.6958
vt 0.7909 0.4263
vt 0.9159 0.7424
vt 0.5877 0.8415
vt 0.7689 0.433
vt 0.8795 0.6325
vt 0.6632 0.8838
vt 0.7255 0.4502
vt 0.8495 0.5834
vt 0.7066 0.9194
vt 0.6705 0.5096
vt 0.8213 0.5309
vt 0.8084 0.9341
vt 0.6168 0.5753
vt 0.8013 0.4606
vt 0.9057 0.8542
vt 0.5877 0.6678
vt 0.7875 0.4103
vt 0.9045 0.72
vt 0.6063 0.8019
vt 0.7655 0.4106
vt 0.8692 0.6077
vt 0.6614 0.8455
vt 0.7215 0.4297
vt 0.8424 0.5635
vt 0.6981 0.8994
vt 0.6698 0.4926
vt 0.8174 0.5188
vt 0.792 0.9263
vt 0.6179 0.5607
vt 0.798 0.4509
vt 0.8931 0.8472
vt 0.5917 0.6393
vt 0.7822 0.3962
vt 0.8927 0.7007
vt 0.6128 0.7541
vt 0.7592 0.3918
vt 0.8582 0.5871
vt 0.6508 0.8056
vt 0.7149 0.414
vt 0.8344 0.5469
vt 0.6837 0.8796
vt 0.6669 0.4791
vt 0.8127 0.5087
vt 0.7732 0.9201
vt 0.6172 0.5483
vt 0.7939 0.4424
vt 0.88 0.8438
vt 0.592 0.6136
vt 0.7755 0.3842
vt 0.8806 0.6858
vt 0.6106 0.7065
vt 0.7508 0.3768
vt 0.8466 0.5718
vt 0.6354 0.7686
vt 0.7063 0.4029
vt 0.8258 0.5344
vt 0.6657 0.8612
vt 0.6621 0.4695
vt 0.8075 0.5009
vt 0.752 0.9158
vt 0.6148 0.5388
vt 0.7892 0.4357
vt 0.8665 0.8447
vt 0.5891 0.5933
vt 0.7675 0.3747
vt 0.868 0.6767
vt 0.6027 0.6664
vt 0.7406 0.3656
vt 0.8344 0.5629
vt 0.6175 0.7385
vt 0.6961 0.3965
vt 0.8167 0.5266
vt 0.6455 0.8452
vt 0.6559 0.4639
vt 0.802 0.4959
vt 0.7287 0.9132
vt 0.6111 0.5327
vt 0.7841 0.4309
vt 0.8522 0.8503
vt 0.5838 0.5796
vt 0.7587 0.3679
vt 0.855 0.6754
vt 0.5915 0.6378
vt 0.729 0.3584
vt 0.8217 0.562
vt 0.5984 0.7177
vt 0.6848 0.3948
vt 0.8074 0.5242
vt 0.6245 0.8325
vt 0.6487 0.4622
vt 0.7964 0.4938
vt 0.7037 0.9121
vt 0.6064 0.53
vt 0.7789 0.4284
vt 0.8372 0.8605
vt 0.5768 0.5724
vt 0.7493 0.364
vt 0.8415 0.6836
vt 0.5783 0.6215
vt 0.7164 0.3552
vt 0.8088 0.5707
vt 0.5794 0.7068
vt 0.673 0.3976
vt 0.7982 0.528
vt 0.6034 0.8239
vt 0.6409 0.4645
vt 0.791 0.4951
vt 0.6777 0.9124
vt 0.601 0.5307
vt 0.7737 0.4283
vt 0.8215 0.875
vt 0.5687 0.5713
vt 0.7396 0.3633
vt 0.8276 0.703
vt 0.5643 0.616
vt 0.7033 0.3563
vt 0.796 0.591
vt 0.5609 0.7047
vt 0.6611 0.4049
vt 0.7895 0.5386
vt 0.583 0.8197
vt 0.6329 0.4703
vt 0.786 0.4999
vt 0.6514 0.9139
vt 0.5953 0.5345
vt 0.7688 0.4307
vt 0.8053 0.8924
vt 0.56 0.5755
vt 0.7302 0.3659
vt 0.8138 0.7341
vt 0.5501 0.6193
vt 0.6902 0.3617
vt 0.7841 0.6243
vt 0.5434 0.71
vt 0.6496 0.4165
vt 0.7818 0.5568
vt 0.5638 0.8196
vt 0.6251 0.4794
vt 0.7819 0.5082
vt 0.6259 0.9163
vt 0.5894 0.541
vt 0.7647 0.4357
vt 0.789 0.9112
vt 0.5512 0.5842
vt 0.7213 0.372
vt 0.8007 0.775
vt 0.5363 0.6294
vt 0.6775 0.3716
vt 0.774 0.6702
vt 0.5271 0.7206
vt 0.6389 0.4323
vt 0.7759 0.5826
vt 0.546 0.8233
vt 0.6177 0.4913
vt 0.7789 0.52
vt 0.6018 0.9197
vt 0.5839 0.5498
vt 0.7615 0.4432
vt 0.7737 0.93
vt 0.5426 0.5963
vt 0.7136 0.3817
vt 0.7897 0.821
vt 0.5231 0.6443
vt 0.6658 0.386
vt 0.7676 0.7246
vt 0.5121 0.735
vt 0.6296 0.4517
vt 0.7726 0.615
vt 0.5296 0.8302
vt 0.6113 0.5056
vt 0.7774 0.5346
vt 0.5797 0.9242
vt 0.5788 0.5605
vt 0.7596 0.4531
vt 0.7621 0.9475
vt 0.5345 0.611
vt 0.7076 0.3948
vt 0.7836 0.8659
vt 0.5107 0.6626
vt 0.6557 0.4048
vt 0.7674 0.7799
vt 0.4982 0.752
vt 0.622 0.4742
vt 0.7729 0.6515
vt 0.5147 0.8396
vt 0.606 0.5215
vt 0.7777 0.5513
vt 0.5598 0.9298
vt 0.5744 0.5724
vt 0.7593 0.4647
vt 0.7597 0.963
vt 0.5271 0.6275
vt 0.704 0.4113
vt 0.7877 0.9044
vt 0.4992 0.6829
vt 0.6479 0.4276
vt 0.777 0.8279
vt 0.4854 0.7706
vt 0.6168 0.4989
vt 0.7777 0.688
vt 0.5013 0.851
vt 0.6022 0.5384
vt 0.78 0.5688
vt 0.5424 0.9366
vt 0.571 0.5849
vt 0.7608 0.4775
vt 0.7808 0.9755
vt 0.5206 0.6451
vt 0.7034 0.4305
vt 0.8123 0.9326
vt 0.4886 0.7045
vt 0.6432 0.4539
vt 0.7999 0.862
vt 0.4738 0.7903
vt 0.6145 0.5248
vt 0.7875 0.7195
vt 0.4893 0.864
vt 0.6003 0.5554
vt 0.7844 0.5853
vt 0.5276 0.9444
vt 0.5688 0.5975
vt 0.764 0.4903
vt 0.8529 0.9823
vt 0.5154 0.6631
vt 0.7064 0.4512
vt 0.8656 0.9465
vt 0.4792 0.7266
vt 0.6424 0.4825
vt 0.8347 0.8783
vt 0.4633 0.8106
vt 0.6158 0.5501
vt 0.8018 0.7421
vt 0.479 0.8782
vt 0.6005 0.5715
vt 0.7904 0.5991
vt 0.5158 0.9532
vt 0.568 0.6094
vt 0.7688 0.5019
vt 0.9421 0.9793
vt 0.5116 0.681
vt 0.7134 0.4716
vt 0.9249 0.9438
vt 0.4709 0.7489
vt 0.6465 0.5115
vt 0.8704 0.8771
vt 0.4543 0.8313
vt 0.6215 0.5731
vt 0.8184 0.7533
vt 0.4706 0.8933
vt 0.6031 0.5856
vt 0.7975 0.6087
vt 0.5085 0.9629
vt 0.5687 0.6201
vt 0.7749 0.5111
vt 0.9801 0.9697
vt 0.5096 0.6981
vt 0.7243 0.4892
vt 0.9588 0.9299
vt 0.4643 0.7711
vt 0.6567 0.5381

vn -0.302117 -0.752256 0.585523
vn -0.163394 -0.762529 0.62598
vn -0.055508 -0.774255 0.630435
vn -0.03162 -0.77904 0.626177
vn -0.081005 -0.759586 0.645342
vn -0.142706 -0.713573 0.685893
vn -0.166232 -0.679011 0.71506
vn -0.163039 -0.694111 0.701162
vn -0.17733 -0.751918 0.634959
vn -0.229595 -0.809734 0.540016
vn -0.291486 -0.83527 0.466218
vn -0.310568 -0.837184 0.450189
vn -0.255971 -0.838947 0.480256
vn -0.157333 -0.846252 0.509023
vn -0.095485 -0.853112 0.512915
vn -0.119705 -0.847993 0.516313
vn -0.207325 -0.811383 0.54651
vn -0.293848 -0.743283 0.600985
vn -0.333314 -0.681509 0.651497
vn -0.336036 -0.666432 0.665544
vn -0.34475 -0.698607 0.626974
vn -0.380771 -0.737389 0.557917
vn -0.414345 -0.750697 0.51456
vn -0.396038 -0.749035 0.531131
vn -0.275277 -0.673198 0.686314
vn -0.125088 -0.687025 0.715786
vn -0.027149 -0.707903 0.705787
vn -0.010818 -0.720765 0.693095
vn -0.043587 -0.710333 0.702515
vn -0.066159 -0.687267 0.723386
vn -0.053088 -0.688605 0.723191
vn -0.034267 -0.735395 0.676772
vn -0.054517 -0.808092 0.586529
vn -0.122881 -0.864668 0.487082
vn -0.197866 -0.883417 0.424763
vn -0.226073 -0.880233 0.41723
vn -0.1938 -0.878126 0.437421
vn -0.147893 -0.882977 0.44551
vn -0.155865 -0.886016 0.436672
vn -0.237803 -0.86646 0.438972
vn -0.349707 -0.807719 0.474653
vn -0.426875 -0.727949 0.536534
vn -0.44544 -0.670538 0.593264
vn -0.434153 -0.660149 0.612956
vn -0.435081 -0.68044 0.589666
vn -0.455903 -0.693888 0.557379
vn -0.460084 -0.686141 0.563501
vn -0.403327 -0.673638 0.619306
vn -0.280264 -0.53441 0.797408
vn -0.123023 -0.557132 0.821261
vn -0.014956 -0.599349 0.800348
vn 0.027303 -0.638245 0.769349
vn 0.039039 -0.65883 0.751279
vn 0.066391 -0.670639 0.738807
vn 0.11806 -0.699396 0.704917
vn 0.157572 -0.75895 0.631796
vn 0.141342 -0.835974 0.530254
vn 0.061164 -0.898855 0.433956
vn -0.043575 -0.925624 0.375928
vn -0.120809 -0.924893 0.360524
vn -0.157514 -0.919743 0.359531
vn -0.190606 -0.91956 0.343626
vn -0.265909 -0.911182 0.314705
vn -0.386745 -0.871167 0.302483
vn -0.506402 -0.795239 0.333396
vn -0.574366 -0.711798 0.404285
vn -0.58015 -0.654788 0.484437
vn -0.553558 -0.63335 0.540778
vn -0.533446 -0.627615 0.56704
vn -0.527815 -0.610535 0.590473
vn -0.504579 -0.576239 0.642922
vn -0.423807 -0.543333 0.724691
vn -0.287407 -0.369334 0.883736
vn -0.129272 -0.402353 0.906312
vn -0.003665 -0.465482 0.88505
vn 0.083385 -0.532429 0.842358
vn 0.154756 -0.587841 0.794036
vn 0.231324 -0.634378 0.7376
vn 0.307213 -0.684475 0.661146
vn 0.352111 -0.747935 0.562682
vn 0.336077 -0.822972 0.458007
vn 0.252886 -0.893915 0.370087
vn 0.127213 -0.941387 0.312422
vn -0.003689 -0.960505 0.278239
vn -0.123667 -0.961121 0.246887
vn -0.245165 -0.947646 0.204601
vn -0.382124 -0.910107 0.160272
vn -0.522678 -0.840645 0.141856
vn -0.634736 -0.753187 0.172686
vn -0.694653 -0.674151 0.250954
vn -0.702328 -0.618229 0.352886
vn -0.677828 -0.579906 0.451949
vn -0.644749 -0.542203 0.538809
vn -0.607624 -0.491914 0.623549
vn -0.546762 -0.431759 0.71738
vn -0.438979 -0.382312 0.813102
vn -0.291478 -0.213582 0.932429
vn -0.124794 -0.248889 0.960459
vn 0.03569 -0.312915 0.94911
vn 0.184808 -0.390741 0.901758
vn 0.31654 -0.471371 0.823172
vn 0.421885 -0.550002 0.720771
vn 0.490644 -0.626527 0.605584
vn 0.514338 -0.703324 0.490705
vn 0.488012 -0.782462 0.386778
vn 0.410628 -0.862006 0.297205
vn 0.284923 -0.933472 0.217827
vn 0.117647 -0.982746 0.142718
vn -0.078579 -0.994325 0.071713
vn -0.282544 -0.959159 0.013536
vn -0.467801 -0.883646 -0.018203
vn -0.614417 -0.788875 -0.012983
vn -0.716739 -0.696608 0.031975
vn -0.779328 -0.616426 0.112548
vn -0.808732 -0.545174 0.220768
vn -0.808262 -0.474988 0.347992
vn -0.776192 -0.401132 0.486435
vn -0.707275 -0.325897 0.627338
vn -0.598238 -0.259524 0.758129
vn -0.454632 -0.217686 0.863668
vn -0.292537 -0.071897 0.953548
vn -0.092042 -0.098436 0.990878
vn 0.122097 -0.141019 0.982449
vn 0.331597 -0.207933 0.920221
vn 0.501562 -0.300153 0.811384
vn 0.608554 -0.409276 0.67982
vn 0.651685 -0.523266 0.549089
vn 0.644784 -0.631509 0.43064
vn 0.603994 -0.729392 0.321213
vn 0.533579 -0.819878 0.207589
vn 0.418082 -0.904939 0.079324
vn 0.234203 -0.970544 -0.056519
vn -0.016055 -0.98546 -0.169148
vn -0.282338 -0.933096 -0.222749
vn -0.503682 -0.837676 -0.211194
vn -0.660074 -0.7344 -0.157982
vn -0.766814 -0.635953 -0.086944
vn -0.844375 -0.535731 -0.004793
vn -0.899397 -0.426201 0.097145
vn -0.922315 -0.310446 0.230127
vn -0.896095 -0.20166 0.395407
vn -0.807996 -0.116997 0.577456
vn -0.662288 -0.069469 0.746021
vn -0.483036 -0.058759 0.873627
vn -0.283612 0.098473 0.95387
vn -0.02192 0.079917 0.996561
vn 0.247055 0.052251 0.967592
vn 0.485157 -0.006248 0.874405
vn 0.656815 -0.105054 0.746698
vn 0.752542 -0.236875 0.614468
vn 0.782365 -0.384438 0.490013
vn 0.765052 -0.527616 0.369212
vn 0.718966 -0.652913 0.238314
vn 0.647002 -0.758046 0.082187
vn 0.527796 -0.843166 -0.102485
vn 0.330835 -0.89789 -0.290418
vn 0.056612 -0.903012 -0.425868
vn -0.239426 -0.853546 -0.462747
vn -0.49096 -0.76839 -0.41053
vn -0.674988 -0.666557 -0.316376
vn -0.805599 -0.550904 -0.217979
vn -0.900747 -0.416279 -0.123964
vn -0.96405 -0.26487 -0.021258
vn -0.98766 -0.112982 0.108457
vn -0.961155 0.015249 0.275588
vn -0.874835 0.09856 0.474289
vn -0.72463 0.128695 0.677015
vn -0.521395 0.119485 0.844909
vn -0.24854 0.34259 0.906013
vn 0.077264 0.313266 0.946517
vn 0.37384 0.2581 0.890858
vn 0.599953 0.175391 0.780573
vn 0.751123 0.064481 0.657006
vn 0.840693 -0.072165 0.536682
vn 0.881804 -0.225276 0.414334
vn 0.882714 -0.380182 0.276185
vn 0.84527 -0.522862 0.110153
vn 0.761554 -0.642161 -0.087552
vn 0.61557 -0.727368 -0.303331
vn 0.39762 -0.770035 -0.498943
vn 0.122135 -0.77032 -0.625851
vn -0.173488 -0.733034 -0.657695
vn -0.446429 -0.658698 -0.605655
vn -0.667192 -0.547836 -0.504709
vn -0.827627 -0.406775 -0.38674
vn -0.932035 -0.246387 -0.265715
vn -0.986728 -0.081279 -0.140577
vn -0.99748 0.070899 -0.002631
vn -0.968 0.194155 0.158996
vn -0.893609 0.280063 0.350754
vn -0.757346 0.32932 0.563893
vn -0.540898 0.348238 0.76561
vn -0.174209 0.629513 0.757208
vn 0.173872 0.571242 0.802154
vn 0.460883 0.457832 0.760248
vn 0.662966 0.326951 0.673483
vn 0.798952 0.196714 0.568312
vn 0.891304 0.068757 0.448162
vn 0.950039 -0.060379 0.306236
vn 0.971704 -0.192658 0.136652
vn 0.943539 -0.325756 -0.06014
vn 0.849541 -0.451072 -0.273521
vn 0.680973 -0.553384 -0.479627
vn 0.447687 -0.616307 -0.647875
vn 0.17421 -0.629514 -0.757208
vn -0.114409 -0.588003 -0.800727
vn -0.391725 -0.491821 -0.777601
vn -0.626878 -0.353526 -0.694293
vn -0.798952 -0.196713 -0.568313
vn -0.906519 -0.042888 -0.41998
vn -0.959923 0.096098 -0.263273
vn -0.970521 0.217497 -0.103841
vn -0.943539 0.325755 0.06014
vn -0.872119 0.428832 0.235609
vn -0.733901 0.528723 0.42643
vn -0.50024 0.608102 0.616419
vn -0.080718 0.847192 0.525119
vn 0.229697 0.776292 0.587035
vn 0.490377 0.635385 0.596504
vn 0.685403 0.472295 0.554221
vn 0.824712 0.32362 0.46381
vn 0.922079 0.201567 0.330366
vn 0.981751 0.099263 0.162209
vn 0.999606 0.002216 -0.027984
vn 0.968644 -0.102795 -0.226192
vn 0.880009 -0.221188 -0.420309
vn 0.723595 -0.342848 -0.599054
vn 0.497256 -0.436908 -0.749565
vn 0.219352 -0.463653 -0.858435
vn -0.072957 -0.403147 -0.912222
vn -0.338644 -0.273317 -0.900343
vn -0.551383 -0.117301 -0.825965
vn -0.708343 0.028074 -0.70531
vn -0.818611 0.148554 -0.554804
vn -0.888182 0.248322 -0.386613
vn -0.915428 0.342218 -0.211846
vn -0.893009 0.448231 -0.04029
vn -0.807942 0.576183 0.12346
vn -0.64279 0.713762 0.278145
vn -0.390999 0.820431 0.417149
vn -0.006857 0.951146 0.308666
vn 0.240631 0.895064 0.375443
vn 0.473805 0.777669 0.413206
vn 0.674988 0.623597 0.394357
vn 0.826763 0.470382 0.308552
vn 0.923878 0.34346 0.168775
vn 0.969238 0.246123 -0.001289
vn 0.970083 0.165731 -0.177404
vn 0.935041 0.083159 -0.344648
vn 0.863683 -0.015305 -0.503802
vn 0.738004 -0.124307 -0.663248
vn 0.534191 -0.211593 -0.818455
vn 0.25724 -0.231104 -0.938306
vn -0.037197 -0.163184 -0.985894
vn -0.283787 -0.038572 -0.958111
vn -0.463148 0.093683 -0.881316
vn -0.594993 0.204936 -0.777164
vn -0.700299 0.293625 -0.650666
vn -0.779835 0.375294 -0.50101
vn -0.817021 0.469877 -0.334203
vn -0.790904 0.58959 -0.163874
vn -0.68503 0.728493 -0.005652
vn -0.498795 0.857423 0.126609
vn -0.259859 0.938296 0.228198
vn 0.038979 0.988137 0.148549
vn 0.236121 0.951002 0.199605
vn 0.440507 0.870888 0.217963
vn 0.632266 0.752003 0.186361
vn 0.781615 0.615334 0.102181
vn 0.87371 0.486082 -0.018866
vn 0.912656 0.378288 -0.154779
vn 0.911891 0.291758 -0.288672
vn 0.882694 0.217216 -0.416735
vn 0.822768 0.146499 -0.549172
vn 0.71256 0.082891 -0.696698
vn 0.528627 0.043121 -0.847758
vn 0.275852 0.046676 -0.960066
vn 0.007798 0.096068 -0.995344
vn -0.215149 0.171635 -0.96138
vn -0.376132 0.250939 -0.891938
vn -0.492098 0.325045 -0.80758
vn -0.580751 0.400116 -0.708968
vn -0.642223 0.489076 -0.590216
vn -0.661202 0.599523 -0.450982
vn -0.61935 0.725778 -0.29942
vn -0.50864 0.84769 -0.150691
vn -0.342952 0.939084 -0.022497
vn -0.153374 0.985254 0.07583
vn 0.074632 0.99716 0.010097
vn 0.246924 0.968244 0.039139
vn 0.418834 0.907805 0.021657
vn 0.570318 0.820799 -0.032044
vn 0.688727 0.717191 -0.106261
vn 0.771573 0.607563 -0.188527
vn 0.820974 0.500935 -0.273981
vn 0.837535 0.406095 -0.365544
vn 0.817588 0.332185 -0.470322
vn 0.753575 0.286021 -0.591876
vn 0.638022 0.268545 -0.721672
vn 0.4722 0.273833 -0.83788
vn 0.272979 0.291854 -0.916681
vn 0.067391 0.314106 -0.946993
vn -0.120355 0.3388 -0.933129
vn -0.275045 0.372078 -0.886515
vn -0.388811 0.424 -0.817955
vn -0.458316 0.50089 -0.734204
vn -0.483214 0.599676 -0.637882
vn -0.465803 0.708694 -0.529886
vn -0.411115 0.813114 -0.412106
vn -0.325794 0.900203 -0.288952
vn -0.215292 0.961908 -0.168468
vn -0.081585 0.994646 -0.063425
vn 0.117817 0.982154 -0.146606
vn 0.28167 0.950752 -0.129354
vn 0.41901 0.893394 -0.162104
vn 0.514128 0.829767 -0.217164
vn 0.582386 0.767553 -0.267746
vn 0.644642 0.699824 -0.307707
vn 0.702196 0.618705 -0.352313
vn 0.734144 0.531445 -0.42261
vn 0.715848 0.460082 -0.52525
vn 0.63791 0.424253 -0.642713
vn 0.516264 0.425389 -0.743314
vn 0.384157 0.445397 -0.80873
vn 0.261832 0.461856 -0.847427
vn 0.140728 0.465304 -0.873892
vn 0.004562 0.465215 -0.885186
vn -0.139107 0.482776 -0.864625
vn -0.256006 0.533633 -0.806038
vn -0.315142 0.614342 -0.723374
vn -0.312865 0.704898 -0.63658
vn -0.272741 0.784037 -0.557583
vn -0.225915 0.844983 -0.484734
vn -0.18378 0.895209 -0.405987
vn -0.127961 0.941115 -0.312934
vn -0.029432 0.975841 -0.216492
vn 0.170087 0.932528 -0.318531
vn 0.326062 0.896538 -0.299837
vn 0.430723 0.843125 -0.321898
vn 0.473906 0.805335 -0.356159
vn 0.489126 0.787772 -0.374394
vn 0.516203 0.768338 -0.378407
vn 0.560746 0.724903 -0.400099
vn 0.588963 0.659048 -0.467738
vn 0.562129 0.593867 -0.575615
vn 0.474545 0.553902 -0.684105
vn 0.366598 0.54735 -0.752339
vn 0.290069 0.560144 -0.77595
vn 0.254829 0.568086 -0.782522
vn 0.221219 0.56205 -0.79697
vn 0.144774 0.559945 -0.815783
vn 0.02521 0.586743 -0.809381
vn -0.089299 0.647918 -0.756457
vn -0.148229 0.725187 -0.672408
vn -0.143467 0.79121 -0.594478
vn -0.110183 0.828884 -0.548462
vn -0.090371 0.844326 -0.528155
vn -0.088633 0.859856 -0.502784
vn -0.065645 0.89061 -0.450005
vn 0.021084 0.925492 -0.378179
vn 0.225152 0.854312 -0.468463
vn 0.363213 0.818605 -0.44493
vn 0.433987 0.780448 -0.450063
vn 0.433373 0.775302 -0.459451
vn 0.402347 0.798726 -0.447385
vn 0.39088 0.816516 -0.42487
vn 0.408957 0.802373 -0.434686
vn 0.419077 0.756126 -0.502641
vn 0.380414 0.696753 -0.608128
vn 0.297604 0.650379 -0.698884
vn 0.225535 0.634271 -0.739482
vn 0.215048 0.640318 -0.737392
vn 0.259234 0.641668 -0.721845
vn 0.29534 0.629934 -0.718302
vn 0.267555 0.63159 -0.727673
vn 0.176569 0.670666 -0.720438
vn 0.07371 0.738742 -0.669946
vn 0.014935 0.805255 -0.59274
vn 0.010103 0.843929 -0.53636
vn 0.022036 0.846705 -0.531606
vn 0.011399 0.826642 -0.562612
vn -0.014607 0.812638 -0.582585
vn -0.005431 0.825655 -0.56415
vn 0.079337 0.852335 -0.516943
vn 0.294292 0.780509 -0.551541
vn 0.396175 0.748581 -0.531669
vn 0.418091 0.737151 -0.530856
vn 0.372198 0.76836 -0.520665
vn 0.311641 0.818247 -0.483065
vn 0.286222 0.846433 -0.449029
vn 0.290678 0.835572 -0.466182
vn 0.280482 0.791573 -0.542902
vn 0.228519 0.734786 -0.638645
vn 0.162224 0.69438 -0.701085
vn 0.141489 0.686888 -0.712857
vn 0.199104 0.69532 -0.690571
vn 0.297737 0.688015 -0.661806
vn 0.356566 0.67096 -0.650134
vn 0.333998 0.681657 -0.650991
vn 0.250787 0.733143 -0.632145
vn 0.163972 0.800196 -0.576888
vn 0.1204 0.848188 -0.51583
vn 0.116423 0.859 -0.498562
vn 0.109602 0.833211 -0.541984
vn 0.072431 0.790556 -0.608091
vn 0.035376 0.765495 -0.642469
vn 0.055641 0.773801 -0.63098
vn 0.155566 0.790782 -0.591999
vn 0.219417 0.807682 -0.547272
vn -0.249366 -0.685121 0.684416
vn -0.237193 -0.741182 0.628004
vn 0.225678 0.789995 -0.570068
vn 0.020223 -0.523397 0.851849
vn -0.225631 -0.786279 0.575202
vn 0.240434 0.731069 -0.638537
vn 0.249677 0.686952 -0.682465
vn -0.219457 -0.807563 0.547431
vn 0.247635 0.698896 -0.670985
vn 0.238675 0.737954 -0.631236
vn -0.225735 -0.788229 0.572485
vn 0.224896 0.776712 -0.588336
vn 0.224806 0.787754 -0.573502
vn -0.24016 -0.73568 0.633323
vn -0.254476 -0.668355 0.698959
vn 0.237505 0.806195 -0.541887
vn -0.216056 -0.722636 0.656595
vn -0.218127 -0.732766 0.644573
vn 0.233685 0.787365 -0.57048
vn -0.226888 -0.772751 0.592772
vn -0.232363 -0.786812 0.571781
vn 0.221919 0.743225 -0.631165
vn 0.168897 0.540712 -0.824078
vn -0.237478 -0.806083 0.542065
vn 0.217967 0.727295 -0.650793
vn 0.217072 0.724635 -0.654052
vn -0.233024 -0.786473 0.571979
vn 0.228282 0.774982 -0.589313
vn 0.232405 0.789071 -0.568643
vn -0.22302 -0.74475 0.628975
vn -0.117998 -0.333994 0.93516
vn 0.258271 0.80412 -0.535432
vn -0.19957 -0.740221 0.642063
vn -0.175212 -0.712612 0.679326
vn 0.240854 0.785036 -0.570709
vn -0.227834 -0.77348 0.591456
vn -0.241579 -0.787389 0.567149
vn 0.209396 0.751017 -0.626201
vn -0.394107 -0.89996 0.18642
vn -0.25817 -0.804016 0.535636
vn 0.201802 0.742093 -0.639198
vn 0.152679 0.681721 -0.715503
vn -0.240128 -0.784785 0.571359
vn 0.229102 0.774554 -0.589558
vn 0.244024 0.790853 -0.561252
vn -0.210262 -0.75115 0.62575
vn 0.342479 0.877428 -0.335899
vn 0.286369 0.800674 -0.526226
vn -0.188684 -0.751562 0.632102
vn 0.074897 -0.556098 0.827735
vn 0.248376 0.782621 -0.570801
vn -0.228187 -0.773744 0.590975
vn -0.257265 -0.788064 0.559258
vn 0.199052 0.757154 -0.622171
vn -0.328126 -0.816675 0.474737
vn -0.286167 -0.800589 0.526465
vn 0.190511 0.75222 -0.63077
vn -0.677618 -0.651663 -0.340835
vn -0.248239 -0.782884 0.570499
vn 0.229504 0.774342 -0.58968
vn 0.267778 0.793867 -0.545959
vn -0.198925 -0.756556 0.622938
vn 0.313987 0.812335 -0.49145
vn 0.334122 0.793085 -0.509292
vn -0.180049 -0.760453 0.623934
vn 0.445127 0.796036 -0.410109
vn 0.257673 0.779656 -0.570737
vn -0.228397 -0.773894 0.590697
vn -0.297301 -0.788476 0.53844
vn 0.189003 0.762837 -0.61835
vn -0.310322 -0.789775 0.529108
vn -0.333754 -0.793041 0.509602
vn 0.181165 0.760503 -0.62355
vn -0.358921 -0.795582 0.488083
vn -0.259335 -0.780282 0.569126
vn 0.229766 0.774199 -0.589766
vn 0.367686 0.799062 -0.475717
vn -0.187167 -0.761881 0.620086
vn 0.30387 0.78918 -0.533721
vn 0.456343 0.762898 -0.457971
vn -0.172135 -0.768544 0.616206
vn 0.336714 0.774683 -0.535248
vn 0.271767 0.775123 -0.570375
vn -0.228551 -0.773999 0.5905
vn -0.805061 -0.585568 0.094803
vn 0.177627 0.768965 -0.614119
vn -0.301374 -0.77609 0.553948
vn -0.455612 -0.763024 0.458489
vn 0.172277 0.768318 -0.616448
vn -0.313693 -0.776003 0.547189
vn -0.278896 -0.775564 0.56632
vn 0.229973 0.774084 -0.589835
vn -0.023171 -0.737241 0.675232
vn -0.172884 -0.768003 0.61667
vn 0.29815 0.776369 -0.555299
vn 0.957584 -0.070929 0.279288
vn -0.163843 -0.776969 0.607844
vn 0.305908 0.76503 -0.566701
vn 0.301237 0.765219 -0.568943
vn -0.228685 -0.774086 0.590334
vn 0.121311 0.776099 -0.618833
vn 0.162337 0.776777 -0.608493
vn -0.295332 -0.766925 0.569741
vn -0.957584 0.070889 -0.279298
vn 0.162598 0.776755 -0.608452
vn -0.295571 -0.76691 0.569638
vn -0.335207 -0.760264 0.556449
vn 0.230158 0.773978 -0.589903
vn -0.157003 -0.775901 0.611006
vn -0.151885 -0.776436 0.611619
vn 0.293993 0.76733 -0.569888
vn 0.032017 -0.799065 0.600391
vn -0.153798 -0.787059 0.597397
vn 0.289954 0.759333 -0.582529
vn 0.441957 0.706232 -0.553091
vn -0.228816 -0.774169 0.590174
vn 0.175644 0.783213 -0.596428
vn 0.136438 0.789129 -0.598882
vn -0.290381 -0.759574 0.582002
vn -0.031108 0.799074 -0.600427
vn 0.150341 0.787275 -0.597993
vn -0.284765 -0.761032 0.582871
vn -0.541134 0.685277 -0.487411
vn 0.230348 0.773866 -0.589976
vn -0.183694 -0.781645 0.59606
vn -0.110683 -0.79142 0.601168
vn 0.290402 0.759786 -0.581715
vn -0.101462 -0.810315 0.577144
vn -0.139227 -0.801373 0.581736
vn 0.279038 0.755078 -0.593292
vn -0.056339 -0.822117 0.566524
vn -0.228968 -0.774258 0.589999
vn 0.194094 0.785113 -0.588154
vn 0.069781 0.816995 -0.572407
vn -0.28571 -0.752758 0.593064
vn 0.101923 0.81021 -0.577211
vn 0.131462 0.803021 -0.58127
vn -0.276709 -0.756343 0.592772
vn 0.147134 0.799595 -0.582236
vn 0.230566 0.773733 -0.590065
vn -0.196261 -0.784204 0.588648
vn 0.043754 -0.832247 0.552675
vn 0.286839 0.752544 -0.592791
vn -0.151375 -0.810672 0.565594
vn -0.111324 -0.827344 0.550554
vn 0.270034 0.751291 -0.602199
vn -0.176508 -0.800625 0.572576
vn -0.22916 -0.774367 0.589781
vn 0.204437 0.786129 -0.583273
vn -0.658893 0.750646 -0.048894
vn -0.28065 -0.745544 0.604483
vn 0.151664 0.810551 -0.56569
vn 0.091182 0.834226 -0.543832
vn -0.269599 -0.751928 0.601598
vn 0.191594 0.792929 -0.578407
vn 0.230866 0.773546 -0.590193
vn -0.20445 -0.785875 0.58361
vn 0.580716 0.507542 -0.636529
vn 0.282798 0.744593 -0.604655
vn -0.1802 -0.809901 0.5582
vn -0.013213 -0.901813 0.431924
vn 0.261348 0.747367 -0.610851
vn -0.204089 -0.793811 0.572898
vn -0.229459 -0.774527 0.589454
vn 0.211919 0.786874 -0.579586
vn -0.347949 -0.667264 0.658552
vn -0.274366 -0.73672 0.618035
vn 0.180376 0.809778 -0.558322
vn -0.106715 0.937042 -0.332512
vn -0.262293 -0.747099 0.610775
vn 0.20881 0.789815 -0.576707
vn 0.231387 0.773216 -0.590421
vn -0.210998 -0.787246 0.579416
vn 0.313999 0.702337 -0.638849
vn 0.277506 0.734449 -0.619335
vn -0.201253 -0.808879 0.55246
vn 0.44712 0.309618 -0.839179
vn 0.251565 0.742637 -0.620649
vn -0.217488 -0.790176 0.572993
vn -0.230068 -0.774849 0.588793
vn 0.218405 0.787555 -0.576243
vn -0.267203 -0.720922 0.639433
vn -0.265079 -0.723805 0.637056
vn 0.201354 0.808757 -0.552602
vn -0.373342 -0.525572 0.764454
vn -0.253449 -0.74089 0.621969
vn 0.218897 0.78781 -0.575709
vn 0.232786 0.772311 -0.591056
vn -0.217172 -0.788588 0.575296
vn 0.26236 0.72949 -0.631674
vn 0.269142 0.718706 -0.641112
vn -0.219418 -0.807682 0.547271
vn 0.252389 0.668511 -0.699566
vn 0.238366 0.735813 -0.633847
vn -0.226246 -0.787649 0.573081
vn -0.232609 -0.776144 0.586083
vn 0.224993 0.788285 -0.5727
vn -0.238799 -0.737943 0.631201
vn -0.247278 -0.698924 0.671087
vn 0.219455 0.807564 -0.54743
vn -0.250089 -0.686923 0.682343
vn -0.240294 -0.731081 0.638576
vn 0.226267 0.786231 -0.575017
vn 0.543312 0.481573 -0.687677
vn -0.22399 -0.790121 0.570559
vn 0.238743 0.741066 -0.627553
vn 0.251147 0.684991 -0.683896
vn -0.237505 -0.806195 0.541887
vn 0.214569 0.71702 -0.663206
vn 0.215418 0.723034 -0.656367
vn -0.233128 -0.785553 0.5732
vn 0.223134 0.771304 -0.596072
vn 0.232883 0.789196 -0.568274
vn -0.222899 -0.747157 0.626157
vn -0.187716 -0.611846 0.76838
vn 0.237479 0.806082 -0.542067
vn -0.216781 -0.722551 0.656449
vn -0.21318 -0.70939 0.671803
vn 0.232563 0.784793 -0.574469
vn -0.227543 -0.775725 0.588621
vn -0.232989 -0.792184 0.564057
vn 0.223795 0.748195 -0.624596
vn 0.166726 0.52087 -0.837196
vn -0.258269 -0.80412 0.535433
vn 0.197193 0.737457 -0.645966
vn 0.15049 0.6824 -0.71532
vn -0.239352 -0.783562 0.573359
vn 0.227115 0.773363 -0.591886
vn 0.244422 0.790532 -0.56153
vn -0.211641 -0.753609 0.62232
vn 0.467717 0.86857 0.163789
vn 0.258171 0.804018 -0.535634
vn -0.199671 -0.739571 0.642781
vn -0.086055 -0.590749 0.802254
vn 0.238685 0.783306 -0.573988
vn -0.228977 -0.774811 0.589269
vn -0.248179 -0.79562 0.552626
vn 0.212313 0.753611 -0.622088
vn -0.382763 -0.89867 0.214207
vn -0.286368 -0.800675 0.526225
vn 0.185952 0.74999 -0.634773
vn -0.690949 -0.539774 -0.480868
vn -0.245743 -0.781418 0.573582
vn 0.227836 0.773743 -0.591111
vn 0.267391 0.792962 -0.547461
vn -0.202262 -0.75897 0.618914
vn 0.346193 0.822609 -0.451071
vn 0.286162 0.800589 -0.526467
vn -0.18792 -0.750708 0.633343
vn 0.421073 0.839668 -0.34301
vn 0.245456 0.781563 -0.573507
vn -0.229503 -0.774476 0.589505
vn -0.28852 -0.803688 0.520424
vn 0.2021 0.758411 -0.619652
vn -0.326663 -0.817014 0.475162
vn -0.334124 -0.793084 0.509293
vn 0.177 0.759546 -0.625908
vn -0.365013 -0.794938 0.484601
vn -0.253237 -0.778785 0.573904
vn 0.228168 0.773923 -0.590747
vn 0.36259 0.797248 -0.482622
vn -0.193322 -0.764088 0.615464
vn 0.319082 0.79104 -0.52196
vn 0.333758 0.793041 -0.5096
vn -0.178142 -0.759588 0.625533
vn 0.323452 0.791661 -0.518316
vn 0.254096 0.779208 -0.572949
vn -0.229816 -0.774284 0.589635
vn -0.787626 -0.216577 -0.576836
vn 0.19175 0.763262 -0.616979
vn -0.311034 -0.790314 0.527884
vn -0.456343 -0.7629 0.457968
vn 0.168621 0.768128 -0.617694
vn -0.314743 -0.775418 0.547416
vn -0.263537 -0.774986 0.574408
vn 0.228379 0.774044 -0.590507
vn -0.033883 -0.741746 0.669824
vn -0.183625 -0.769644 0.611498
vn 0.307173 0.776059 -0.550797
vn 0.455607 0.763032 -0.458481
vn -0.16865 -0.767876 0.618
vn 0.298999 0.776113 -0.555201
vn 0.267414 0.775351 -0.57212
vn -0.230054 -0.774141 0.58973
vn 0.135481 0.76181 -0.633475
vn 0.179759 0.768857 -0.613634
vn -0.303263 -0.77638 0.552509
vn -0.957588 0.070928 -0.279276
vn 0.159544 0.777054 -0.608879
vn -0.294708 -0.766634 0.570455
vn -0.281346 -0.768042 0.575288
vn 0.228549 0.774143 -0.590312
vn -0.162666 -0.776352 0.608948
vn -0.171451 -0.776586 0.606233
vn 0.299796 0.766321 -0.56822
vn 0.957601 -0.070929 0.279229
vn -0.157973 -0.776826 0.609579
vn 0.286728 0.768049 -0.572615
vn 0.295473 0.766514 -0.570221
vn -0.230268 -0.774016 0.58981
vn 0.177373 0.775742 -0.605609
vn 0.163453 0.776355 -0.608733
vn -0.298141 -0.76679 0.568459
vn -0.032015 0.799065 -0.600392
vn 0.148041 0.787875 -0.597776
vn -0.282713 -0.761233 0.583608
vn -0.32929 -0.747461 0.576949
vn 0.228702 0.774241 -0.590124
vn -0.188293 -0.781209 0.595196
vn -0.153013 -0.786923 0.597779
vn 0.294174 0.75858 -0.581394
vn 0.031098 -0.799069 0.600435
vn -0.143827 -0.788154 0.598437
vn 0.278453 0.762622 -0.583843
vn 0.430738 0.712362 -0.554081
vn -0.230498 -0.773887 0.589889
vn 0.192699 0.780233 -0.595066
vn 0.135616 0.788682 -0.599657
vn -0.294072 -0.758838 0.581109
vn 0.101461 0.810316 -0.577143
vn 0.130285 0.8037 -0.580597
vn -0.273739 -0.757191 0.593068
vn -0.935949 0.344224 0.074222
vn 0.228867 0.774354 -0.589912
vn -0.200365 -0.783187 0.588619
vn -0.114996 -0.8071 0.579108
vn 0.289166 0.751367 -0.593154
vn -0.10192 -0.81021 0.57721
vn -0.120502 -0.805744 0.579876
vn 0.271729 0.758281 -0.592598
vn -0.064029 -0.819361 0.569691
vn -0.230789 -0.773729 0.589982
vn 0.201534 0.782613 -0.588983
vn 0.062748 0.817323 -0.572752
vn -0.290313 -0.751154 0.592862
vn 0.151374 0.810671 -0.565596
vn 0.09268 0.83434 -0.543403
vn -0.26588 -0.753686 0.601053
vn 0.146877 0.81418 -0.561727
vn 0.229082 0.774507 -0.589628
vn -0.208186 -0.784324 0.584376
vn 0.053667 -0.874816 0.481474
vn 0.283983 0.743592 -0.605331
vn -0.151656 -0.81055 0.565693
vn -0.064271 -0.843486 0.533292
vn 0.265427 0.754293 -0.600492
vn -0.177515 -0.799616 0.573675
vn -0.231233 -0.773491 0.590121
vn 0.207967 0.784216 -0.584599
vn -0.760099 0.647243 0.057668
vn -0.286291 -0.742559 0.605512
vn 0.180202 0.809901 -0.5582
vn -0.082578 0.933138 -0.349907
vn -0.258014 -0.750226 0.608761
vn 0.196655 0.799436 -0.567652
vn 0.229446 0.774776 -0.589132
vn -0.214328 -0.785109 0.581092
vn 0.43754 0.564703 -0.699764
vn 0.27772 0.733792 -0.620017
vn -0.180382 -0.809777 0.558322
vn 0.35975 -0.929828 0.077457
vn 0.258699 0.750123 -0.608597
vn -0.203857 -0.793538 0.573359
vn -0.232202 -0.772984 0.590405
vn 0.21347 0.785478 -0.580908
vn -0.349767 -0.667642 0.657204
vn -0.281201 -0.731236 0.621466
vn 0.201252 0.808879 -0.55246
vn -0.379477 -0.505117 0.775147
vn -0.249045 -0.746325 0.617233
vn 0.214974 0.793519 -0.56931
vn 0.230415 0.77552 -0.587773
vn -0.219895 -0.785732 0.578162
vn 0.277889 0.704598 -0.652931
vn 0.268449 0.718727 -0.641378
vn -0.201354 -0.808759 0.552599
vn 0.337507 0.600752 -0.724697
vn 0.250484 0.745112 -0.618114
vn -0.216912 -0.790379 0.572932
vn -0.237476 -0.770248 0.59188
vn 0.218846 0.786611 -0.577365
vn -0.269606 -0.719021 0.640563
vn -0.273154 -0.712683 0.646119

f 1/1/1 2/2/2 25/25/25
f 2/2/2 26/26/26 25/25/25
f 2/2/2 3/3/3 26/26/26
f 3/3/3 27/27/27 26/26/26
f 3/3/3 4/4/4 27/27/27
f 4/4/4 28/28/28 27/27/27
f 4/4/4 5/5/5 28/28/28
f 5/5/5 29/29/29 28/28/28
f 5/5/5 6/6/6 29/29/29
f 6/6/6 30/30/30 29/29/29
f 6/6/6 7/7/7 30/30/30
f 7/7/7 31/31/31 30/30/30
f 7/7/7 8/8/8 31/31/31
f 8/8/8 32/32/32 31/31/31
f 8/8/8 9/9/9 32/32/32
f 9/9/9 33/33/33 32/32/32
f 9/9/9 10/10/10 33/33/33
f 10/10/10 34/34/34 33/33/33
f 10/10/10 11/11/11 34/34/34
f 11/11/11 35/35/35 34/34/34
f 11/11/11 12/12/12 35/35/35
f 12/12/12 36/36/36 35/35/35
f 12/12/12 13/13/13 36/36/36
f 13/13/13 37/37/37 36/36/36
f 13/13/13 14/14/14 37/37/37
f 14/14/14 38/38/38 37/37/37
f 14/14/14 15/15/15 38/38/38
f 15/15/15 39/39/39 38/38/38
f 15/15/15 16/16/16 39/39/39
f 16/16/16 40/40/40 39/39/39
f 16/16/16 17/17/17 40/40/40
f 17/17/17 41/41/41 40/40/40
f 17/17/17 18/18/18 41/41/41
f 18/18/18 42/42/42 41/41/41
f 18/18/18 19/19/19 42/42/42
f 19/19/19 43/43/43 42/42/42
f 19/19/19 20/20/20 43/43/43
f 20/20/20 44/44/44 43/43/43
f 20/20/20 21/21/21 44/44/44
f 21/21/21 45/45/45 44/44/44
f 21/21/21 22/22/22 45/45/45
f 22/22/22 46/46/46 45/45/45
f 22/22/22 23/23/23 46/46/46
f 23/23/23 47/47/47 46/46/46
f 23/23/23 24/24/24 47/47/47
f 24/24/24 48/48/48 47/47/47
f 24/24/24 1/1/1 48/48/48
f 1/1/1 25/25/25 48/48/48
f 25/25/25 26/26/26 49/49/49
f 26/26/26 50/50/50 49/49/49
f 26/26/26 27/27/27 50/50/50
f 27/27/27 51/51/51 50/50/50
f 27/27/27 28/28/28 51/51/51
f 28/28/28 52/52/52 51/51/51
f 28/28/28 29/29/29 52/52/52
f 29/29/29 53/53/53 52/52/52
f 29/29/29 30/30/30 53/53/53
f 30/30/30 54/54/54 53/53/53
f 30/30/30 31/31/31 54/54/54
f 31/31/31 55/55/55 54/54/54
f 31/31/31 32/32/32 55/55/55
f 32/32/32 56/56/56 55/55/55
f 32/32/32 33/33/33 56/56/56
f 33/33/33 57/57/57 56/56/56
f 33/33/33 34/34/34 57/57/57
f 34/34/34 58/58/58 57/57/57
f 34/34/34 35/35/35 58/58/58
f 35/35/35 59/59/59 58/58/58
f 35/35/35 36/36/36 59/59/59
f 36/36/36 60/60/60 59/59/59
f 36/36/36 37/37/37 60/60/60
f 37/37/37 61/61/61 60/60/60
f 37/37/37 38/38/38 61/61/61
f 38/38/38 62/62/62 61/61/61
f 38/38/38 39/39/39 62/62/62
f 39/39/39 63/63/63 62/62/62
f 39/39/39 40/40/40 63/63/63
f 40/40/40 64/64/64 63/63/63
f 40/40/40 41/41/41 64/64/64
f 41/41/41 65/65/65 64/64/64
f 41/41/41 42/42/42 65/65/65
f 42/42/42 66/66/66 65/65/65
f 42/42/42 43/43/43 66/66/66
f 43/43/43 67/67/67 66/66/66
f 43/43/43 44/44/44 67/67/67
f 44/44/44 68/68/68 67/67/67
f 44/44/44 45/45/45 68/68/68
f 45/45/45 69/69/69 68/68/68
f 45/45/45 46/46/46 69/69/69
f 46/46/46 70/70/70 69/69/69
f 46/46/46 47/47/47 70/70/70
f 47/47/47 71/71/71 70/70/70
f 47/47/47 48/48/48 71/71/71
f 48/48/48 72/72/72 71/71/71
f 48/48/48 25/25/25 72/72/72
f 25/25/25 49/49/49 72/72/72
f 49/49/49 50/50/50 73/73/73
f 50/50/50 74/74/74 73/73/73
f 50/50/50 51/51/51 74/74/74
f 51/51/51 75/75/75 74/74/74
f 51/51/51 52/52/52 75/75/75
f 52/52/52 76/76/76 75/75/75
f 52/52/52 53/53/53 76/76/76
f 53/53/53 77/77/77 76/76/76
f 53/53/53 54/54/54 77/77/77
f 54/54/54 78/78/78 77/77/77
f 54/54/54 55/55/55 78/78/78
f 55/55/55 79/79/79 78/78/78
f 55/55/55 56/56/56 79/79/79
f 56/56/56 80/80/80 79/79/79
f 56/56/56 57/57/57 80/80/80
f 57/57/57 81/81/81 80/80/80
f 57/57/57 58/58/58 81/81/81
f 58/58/58 82/82/82 81/81/81
f 58/58/58 59/59/59 82/82/82
f 59/59/59 83/83/83 82/82/82
f 59/59/59 60/60/60 83/83/83
f 60/60/60 84/84/84 83/83/83
f 60/60/60 61/61/61 84/84/84
f 61/61/61 85/85/85 84/84/84
f 61/61/61 62/62/62 85/85/85
f 62/62/62 86/86/86 85/85/85
f 62/62/62 63/63/63 86/86/86
f 63/63/63 87/87/87 86/86/86
f 63/63/63 64/64/64 87/87/87
f 64/64/64 88/88/88 87/87/87
f 64/64/64 65/65/65 88/88/88
f 65/65/65 89/89/89 88/88/88
f 65/65/65 66/66/66 89/89/89
f 66/66/66 90/90/90 89/89/89
f 66/66/66 67/67/67 90/90/90
f 67/67/67 91/91/91 90/90/90
f 67/67/67 68/68/68 91/91/91
f 68/68/68 92/92/92 91/91/91
f 68/68/68 69/69/69 92/92/92
f 69/69/69 93/93/93 92/92/92
f 69/69/69 70/70/70 93/93/93
f 70/70/70 94/94/94 93/93/93
f 70/70/70 71/71/71 94/94/94
f 71/71/71 95/95/95 94/94/94
f 71/71/71 72/72/72 95/95/95
f 72/72/72 96/96/96 95/95/95
f 72/72/72 49/49/49 96/96/96
f 49/49/49 73/73/73 96/96/96
f 73/73/73 74/74/74 97/97/97
f 74/74/74 98/98/98 97/97/97
f 74/74/74 75/75/75 98/98/98
f 75/75/75 99/99/99 98/98/98
f 75/75/75 76/76/76 99/99/99
f 76/76/76 100/100/100 99/99/99
f 76/76/76 77/77/77 100/100/100
f 77/77/77 101/101/101 100/100/100
f 77/77/77 78/78/78 101/101/101
f 78/78/78 102/102/102 101/101/101
f 78/78/78 79/79/79 102/102/102
f 79/79/79 103/103/103 102/102/102
f 79/79/79 80/80/80 103/103/103
f 80/80/80 104/104/104 103/103/103
f 80/80/80 81/81/81 104/104/104
f 81/81/81 105/105/105 104/104/104
f 81/81/81 82/82/82 105/105/105
f 82/82/82 106/106/106 105/105/105
f 82/82/82 83/83/83 106/106/106
f 83/83/83 107/107/107 106/106/106
f 83/83/83 84/84/84 107/107/107
f 84/84/84 108/108/108 107/107/107
f 84/84/84 85/85/85 108/108/108
f 85/85/85 109/109/109 108/108/108
f 85/85/85 86/86/86 109/109/109
f 86/86/86 110/110/110 109/109/109
f 86/86/86 87/87/87 110/110/110
f 87/87/87 111/111/111 110/110/110
f 87/87/87 88/88/88 111/111/111
f 88/88/88 112/112/112 111/111/111
f 88/88/88 89/89/89 112/112/112
f 89/89/89 113/113/113 112/112/112
f 89/89/89 90/90/90 113/113/113
f 90/90/90 114/114/114 113/113/113
f 90/90/90 91/91/91 114/114/114
f 91/91/91 115/115/115 114/114/114
f 91/91/91 92/92/92 115/115/115
f 92/92/92 116/116/116 115/115/115
f 92/92/92 93/93/93 116/116/116
f 93/93/93 117/117/117 116/116/116
f 93/93/93 94/94/94 117/117/117
f 94/94/94 118/118/118 117/117/117
f 94/94/94 95/95/95 118/118/118
f 95/95/95 119/119/119 118/118/118
f 95/95/95 96/96/96 119/119/119
f 96/96/96 120/120/120 119/119/119
f 96/96/96 73/73/73 120/120/120
f 73/73/73 97/97/97 120/120/120
f 97/97/97 98/98/98 121/121/121
f 98/98/98 122/122/122 121/121/121
f 98/98/98 99/99/99 122/122/122
f 99/99/99 123/123/123 122/122/122
f 99/99/99 100/100/100 123/123/123
f 100/100/100 124/124/124 123/123/123
f 100/100/100 101/101/101 124/124/124
f 101/101/101 125/125/125 124/124/124
f 101/101/101 102/102/102 125/125/125
f 102/102/102 126/126/126 125/125/125
f 102/102/102 103/103/103 126/126/126
f 103/103/103 127/127/127 126/126/126
f 103/103/103 104/104/104 127/127/127
f 104/104/104 128/128/128 127/127/127
f 104/104/104 105/105/105 128/128/128
f 105/105/105 129/129/129 128/128/128
f 105/105/105 106/106/106 129/129/129
f 106/106/106 130/130/130 129/129/129
f 106/106/106 107/107/107 130/130/130
f 107/107/107 131/131/131 130/130/130
f 107/107/107 108/108/108 131/131/131
f 108/108/108 132/132/132 131/131/131
f 108/108/108 109/109/109 132/132/132
f 109/109/109 133/133/133 132/132/132
f 109/109/109 110/110/110 133/133/133
f 110/110/110 134/134/134 133/133/133
f 110/110/110 111/111/111 134/134/134
f 111/111/111 135/135/135 134/134/134
f 111/111/111 112/112/112 135/135/135
f 112/112/112 136/136/136 135/135/135
f 112/112/112 113/113/113 136/136/136
f 113/113/113 137/137/137 136/136/136
f 113/113/113 114/114/114 137/137/137
f 114/114/114 138/138/138 137/137/137
f 114/114/114 115/115/115 138/138/138
f 115/115/115 139/139/139 138/138/138
f 115/115/115 116/116/116 139/139/139
f 116/116/116 140/140/140 139/139/139
f 116/116/116 117/117/117 140/140/140
f 117/117/117 141/141/141 140/140/140
f 117/117/117 118/118/118 141/141/141
f 118/118/118 142/142/142 141/141/141
f 118/118/118 119/119/119 142/142/142
f 119/119/119 143/143/143 142/142/142
f 119/119/119 120/120/120 143/143/143
f 120/120/120 144/144/144 143/143/143
f 120/120/120 97/97/97 144/144/144
f 97/97/97 121/121/121 144/144/144
f 121/121/121 122/122/122 145/145/145
f 122/122/122 146/146/146 145/145/145
f 122/122/122 123/123/123 146/146/146
f 123/123/123 147/147/147 146/146/146
f 123/123/123 124/124/124 147/147/147
f 124/124/124 148/148/148 147/147/147
f 124/124/124 125/125/125 148/148/148
f 125/125/125 149/149/149 148/148/148
f 125/125/125 126/126/126 149/149/149
f 126/126/126 150/150/150 149/149/149
f 126/126/126 127/127/127 150/150/150
f 127/127/127 151/151/151 150/150/150
f 127/127/127 128/128/128 151/151/151
f 128/128/128 152/152/152 151/151/151
f 128/128/128 129/129/129 152/152/152
f 129/129/129 153/153/153 152/152/152
f 129/129/129 130/130/130 153/153/153
f 130/130/130 154/154/154 153/153/153
f 130/130/130 131/131/131 154/154/154
f 131/131/131 155/155/155 154/154/154
f 131/131/131 132/132/132 155/155/155
f 132/132/132 156/156/156 155/155/155
f 132/132/132 133/133/133 156/156/156
f 133/133/133 157/157/157 156/156/156
f 133/133/133 134/134/134 157/157/157
f 134/134/134 158/158/158 157/157/157
f 134/134/134 135/135/135 158/158/158
f 135/135/135 159/159/159 158/158/158
f 135/135/135 136/136/136 159/159/159
f 136/136/136 160/160/160 159/159/159
f 136/136/136 137/137/137 160/160/160
f 137/137/137 161/161/161 160/160/160
f 137/137/137 138/138/138 161/161/161
f 138/138/138 162/162/162 161/161/161
f 138/138/138 139/139/139 162/162/162
f 139/139/139 163/163/163 162/162/162
f 139/139/139 140/140/140 163/163/163
f 140/140/140 164/164/164 163/163/163
f 140/140/140 141/141/141 164/164/164
f 141/141/141 165/165/165 164/164/164
f 141/141/141 142/142/142 165/165/165
f 142/142/142 166/166/166 165/165/165
f 142/142/142 143/143/143 166/166/166
f 143/143/143 167/167/167 166/166/166
f 143/143/143 144/144/144 167/167/167
f 144/144/144 168/168/168 167/167/167
f 144/144/144 121/121/121 168/168/168
f 121/121/121 145/145/145 168/168/168
f 145/145/145 146/146/146 169/169/169
f 146/146/146 170/170/170 169/169/169
f 146/146/146 147/147/147 170/170/170
f 147/147/147 171/171/171 170/170/170
f 147/147/147 148/148/148 171/171/171
f 148/148/148 172/172/172 171/171/171
f 148/148/148 149/149/149 172/172/172
f 149/149/149 173/173/173 172/172/172
f 149/149/149 150/150/150 173/173/173
f 150/150/150 174/174/174 173/173/173
f 150/150/150 151/151/151 174/174/174
f 151/151/151 175/175/175 174/174/174
f 151/151/151 152/152/152 175/175/175
f 152/152/152 176/176/176 175/175/175
f 152/152/152 153/153/153 176/176/176
f 153/153/153 177/177/177 176/176/176
f 153/153/153 154/154/154 177/177/177
f 154/154/154 178/178/178 177/177/177
f 154/154/154 155/155/155 178/178/178
f 155/155/155 179/179/179 178/178/178
f 155/155/155 156/156/156 179/179/179
f 156/156/156 180/180/180 179/179/179
f 156/156/156 157/157/157 180/180/180
f 157/157/157 181/181/181 180/180/180
f 157/157/157 158/158/158 181/181/181
f 158/158/158 182/182/182 181/181/181
f 158/158/158 159/159/159 182/182/182
f 159/159/159 183/183/183 182/182/182
f 159/159/159 160/160/160 183/183/183
f 160/160/160 184/184/184 183/183/183
f 160/160/160 161/161/161 184/184/184
f 161/161/161 185/185/185 184/184/184
f 161/161/161 162/162/162 185/185/185
f 162/162/162 186/186/186 185/185/185
f 162/162/162 163/163/163 186/186/186
f 163/163/163 187/187/187 186/186/186
f 163/163/163 164/164/164 187/187/187
f 164/164/164 188/188/188 187/187/187
f 164/164/164 165/165/165 188/188/188
f 165/165/165 189/189/189 188/188/188
f 165/165/165 166/166/166 189/189/189
f 166/166/166 190/190/190 189/189/189
f 166/166/166 167/167/167 190/190/190
f 167/167/167 191/191/191 190/190/190
f 167/167/167 168/168/168 191/191/191
f 168/168/168 192/192/192 191/191/191
f 168/168/168 145/145/145 192/192/192
f 145/145/145 169/169/169 192/192/192
f 169/169/169 170/170/170 193/193/193
f 170/170/170 194/194/194 193/193/193
f 170/170/170 171/171/171 194/194/194
f 171/171/171 195/195/195 194/194/194
f 171/171/171 172/172/172 195/195/195
f 172/172/172 196/196/196 195/195/195
f 172/172/172 173/173/173 196/196/196
f 173/173/173 197/197/197 196/196/196
f 173/173/173 174/174/174 197/197/197
f 174/174/174 198/198/198 197/197/197
f 174/174/174 175/175/175 198/198/198
f 175/175/175 199/199/199 198/198/198
f 175/175/175 176/176/176 199/199/199
f 176/176/176 200/200/200 199/199/199
f 176/176/176 177/177/177 200/200/200
f 177/177/177 201/201/201 200/200/200
f 177/177/177 178/178/178 201/201/201
f 178/178/178 202/202/202 201/201/201
f 178/178/178 179/179/179 202/202/202
f 179/179/179 203/203/203 202/202/202
f 179/179/179 180/180/180 203/203/203
f 180/180/180 204/204/204 203/203/203
f 180/180/180 181/181/181 204/204/204
f 181/181/181 205/205/205 204/204/204
f 181/181/181 182/182/182 205/205/205
f 182/182/182 206/206/206 205/205/205
f 182/182/182 183/183/183 206/206/206
f 183/183/183 207/207/207 206/206/206
f 183/183/183 184/184/184 207/207/207
f 184/184/184 208/208/208 207/207/207
f 184/184/184 185/185/185 208/208/208
f 185/185/185 209/209/209 208/208/208
f 185/185/185 186/186/186 209/209/209
f 186/186/186 210/210/210 209/209/209
f 186/186/186 187/187/187 210/210/210
f 187/187/187 211/211/211 210/210/210
f 187/187/187 188/188/188 211/211/211
f 188/188/188 212/212/212 211/211/211
f 188/188/188 189/189/189 212/212/212
f 189/189/189 213/213/213 212/212/212
f 189/189/189 190/190/190 213/213/213
f 190/190/190 214/214/214 213/213/213
f 190/190/190 191/191/191 214/214/214
f 191/191/191 215/215/215 214/214/214
f 191/191/191 192/192/192 215/215/215
f 192/192/192 216/216/216 215/215/215
f 192/192/192 169/169/169 216/216/216
f 169/169/169 193/193/193 216/216/216
f 193/193/193 194/194/194 217/217/217
f 194/194/194 218/218/218 217/217/217
f 194/194/194 195/195/195 218/218/218
f 195/195/195 219/219/219 218/218/218
f 195/195/195 196/196/196 219/219/219
f 196/196/196 220/220/220 219/219/219
f 196/196/196 197/197/197 220/220/220
f 197/197/197 221/221/221 220/220/220
f 197/197/197 198/198/198 221/221/221
f 198/198/198 222/222/222 221/221/221
f 198/198/198 199/199/199 222/222/222
f 199/199/199 223/223/223 222/222/222
f 199/199/199 200/200/200 223/223/223
f 200/200/200 224/224/224 223/223/223
f 200/200/200 201/201/201 224/224/224
f 201/201/201 225/225/225 224/224/224
f 201/201/201 202/202/202 225/225/225
f 202/202/202 226/226/226 225/225/225
f 202/202/202 203/203/203 226/226/226
f 203/203/203 227/227/227 226/226/226
f 203/203/203 204/204/204 227/227/227
f 204/204/204 228/228/228 227/227/227
f 204/204/204 205/205/205 228/228/228
f 205/205/205 229/229/229 228/228/228
f 205/205/205 206/206/206 229/229/229
f 206/206/206 230/230/230 229/229/229
f 206/206/206 207/207/207 230/230/230
f 207/207/207 231/231/231 230/230/230
f 207/207/207 208/208/208 231/231/231
f 208/208/208 232/232/232 231/231/231
f 208/208/208 209/209/209 232/232/232
f 209/209/209 233/233/233 232/232/232
f 209/209/209 210/210/210 233/233/233
f 210/210/210 234/234/234 233/233/233
f 210/210/210 211/211/211 234/234/234
f 211/211/211 235/235/235 234/234/234
f 211/211/211 212/212/212 235/235/235
f 212/212/212 236/236/236 235/235/235
f 212/212/212 213/213/213 236/236/236
f 213/213/213 237/237/237 236/236/236
f 213/213/213 214/214/214 237/237/237
f 214/214/214 238/238/238 237/237/237
f 214/214/214 215/215/215 238/238/238
f 215/215/215 239/239/239 238/238/238
f 215/215/215 216/216/216 239/239/239
f 216/216/216 240/240/240 239/239/239
f 216/216/216 193/193/193 240/240/240
f 193/193/193 217/217/217 240/240/240
f 217/217/217 218/218/218 241/241/241
f 218/218/218 242/242/242 241/241/241
f 218/218/218 219/219/219 242/242/242
f 219/219/219 243/243/243 242/242/242
f 219/219/219 220/220/220 243/243/243
f 220/220/220 244/244/244 243/243/243
f 220/220/220 221/221/221 244/244/244
f 221/221/221 245/245/245 244/244/244
f 221/221/221 222/222/222 245/245/245
f 222/222/222 246/246/246 245/245/245
f 222/222/222 223/223/223 246/246/246
f 223/223/223 247/247/247 246/246/246
f 223/223/223 224/224/224 247/247/247
f 224/224/224 248/248/248 247/247/247
f 224/224/224 225/225/225 248/248/248
f 225/225/225 249/249/249 248/248/248
f 225/225/225 226/226/226 249/249/249
f 226/226/226 250/250/250 249/249/249
f 226/226/226 227/227/227 250/250/250
f 227/227/227 251/251/251 250/250/250
f 227/227/227 228/228/228 251/251/251
f 228/228/228 252/252/252 251/251/251
f 228/228/228 229/229/229 252/252/252
f 229/229/229 253/253/253 252/252/252
f 229/229/229 230/230/230 253/253/253
f 230/230/230 254/254/254 253/253/253
f 230/230/230 231/231/231 254/254/254
f 231/231/231 255/255/255 254/254/254
f 231/231/231 232/232/232 255/255/255
f 232/232/232 256/256/256 255/255/255
f 232/232/232 233/233/233 256/256/256
f 233/233/233 257/257/257 256/256/256
f 233/233/233 234/234/234 257/257/257
f 234/234/234 258/258/258 257/257/257
f 234/234/234 235/235/235 258/258/258
f 235/235/235 259/259/259 258/258/258
f 235/235/235 236/236/236 259/259/259
f 236/236/236 260/260/260 259/259/259
f 236/236/236 237/237/237 260/260/260
f 237/237/237 261/261/261 260/260/260
f 237/237/237 238/238/238 261/261/261
f 238/238/238 262/262/262 261/261/261
f 238/238/238 239/239/239 262/262/262
f 239/239/239 263/263/263 262/262/262
f 239/239/239 240/240/240 263/263/263
f 240/240/240 264/264/264 263/263/263
f 240/240/240 217/217/217 264/264/264
f 217/217/217 241/241/241 264/264/264
f 241/241/241 242/242/242 265/265/265
f 242/242/242 266/266/266 265/265/265
f 242/242/242 243/243/243 266/266/266
f 243/243/243 267/267/267 266/266/266
f 243/243/243 244/244/244 267/267/267
f 244/244/244 268/268/268 267/267/267
f 244/244/244 245/245/245 268/268/268
f 245/245/245 269/269/269 268/268/268
f 245/245/245 246/246/246 269/269/269
f 246/246/246 270/270/270 269/269/269
f 246/246/246 247/247/247 270/270/270
f 247/247/247 271/271/271 270/270/270
f 247/247/247 248/248/248 271/271/271
f 248/248/248 272/272/272 271/271/271
f 248/248/248 249/249/249 272/272/272
f 249/249/249 273/273/273 272/272/272
f 249/249/249 250/250/250 273/273/273
f 250/250/250 274/274/274 273/273/273
f 250/250/250 251/251/251 274/274/274
f 251/251/251 275/275/275 274/274/274
f 251/251/251 252/252/252 275/275/275
f 252/252/252 276/276/276 275/275/275
f 252/252/252 253/253/253 276/276/276
f 253/253/253 277/277/277 276/276/276
f 253/253/253 254/254/254 277/277/277
f 254/254/254 278/278/278 277/277/277
f 254/254/254 255/255/255 278/278/278
f 255/255/255 279/279/279 278/278/278
f 255/255/255 256/256/256 279/279/279
f 256/256/256 280/280/280 279/279/279
f 256/256/256 257/257/257 280/280/280
f 257/257/257 281/281/281 280/280/280
f 257/257/257 258/258/258 281/281/281
f 258/258/258 282/282/282 281/281/281
f 258/258/258 259/259/259 282/282/282
f 259/259/259 283/283/283 282/282/282
f 259/259/259 260/260/260 283/283/283
f 260/260/260 284/284/284 283/283/283
f 260/260/260 261/261/261 284/284/284
f 261/261/261 285/285/285 284/284/284
f 261/261/261 262/262/262 285/285/285
f 262/262/262 286/286/286 285/285/285
f 262/262/262 263/263/263 286/286/286
f 263/263/263 287/287/287 286/286/286
f 263/263/263 264/264/264 287/287/287
f 264/264/264 288/288/288 287/287/287
f 264/264/264 241/241/241 288/288/288
f 241/241/241 265/265/265 288/288/288
f 265/265/265 266/266/266 289/289/289
f 266/266/266 290/290/290 289/289/289
f 266/266/266 267/267/267 290/290/290
f 267/267/267 291/291/291 290/290/290
f 267/267/267 268/268/268 291/291/291
f 268/268/268 292/292/292 291/291/291
f 268/268/268 269/269/269 292/292/292
f 269/269/269 293/293/293 292/292/292
f 269/269/269 270/270/270 293/293/293
f 270/270/270 294/294/294 293/293/293
f 270/270/270 271/271/271 294/294/294
f 271/271/271 295/295/295 294/294/294
f 271/271/271 272/272/272 295/295/295
f 272/272/272 296/296/296 295/295/295
f 272/272/272 273/273/273 296/296/296
f 273/273/273 297/297/297 296/296/296
f 273/273/273 274/274/274 297/297/297
f 274/274/274 298/298/298 297/297/297
f 274/274/274 275/275/275 298/298/298
f 275/275/275 299/299/299 298/298/298
f 275/275/275 276/276/276 299/299/299
f 276/276/276 300/300/300 299/299/299
f 276/276/276 277/277/277 300/300/300
f 277/277/277 301/301/301 300/300/300
f 277/277/277 278/278/278 301/301/301
f 278/278/278 302/302/302 301/301/301
f 278/278/278 279/279/279 302/302/302
f 279/279/279 303/303/303 302/302/302
f 279/279/279 280/280/280 303/303/303
f 280/280/280 304/304/304 303/303/303
f 280/280/280 281/281/281 304/304/304
f 281/281/281 305/305/305 304/304/304
f 281/281/281 282/282/282 305/305/305
f 282/282/282 306/306/306 305/305/305
f 282/282/282 283/283/283 306/306/306
f 283/283/283 307/307/307 306/306/306
f 283/283/283 284/284/284 307/307/307
f 284/284/284 308/308/308 307/307/307
f 284/284/284 285/285/285 308/308/308
f 285/285/285 309/309/309 308/308/308
f 285/285/285 286/286/286 309/309/309
f 286/286/286 310/310/310 309/309/309
f 286/286/286 287/287/287 310/310/310
f 287/287/287 311/311/311 310/310/310
f 287/287/287 288/288/288 311/311/311
f 288/288/288 312/312/312 311/311/311
f 288/288/288 265/265/265 312/312/312
f 265/265/265 289/289/289 312/312/312
f 289/289/289 290/290/290 313/313/313
f 290/290/290 314/314/314 313/313/313
f 290/290/290 291/291/291 314/314/314
f 291/291/291 315/315/315 314/314/314
f 291/291/291 292/292/292 315/315/315
f 292/292/292 316/316/316 315/315/315
f 292/292/292 293/293/293 316/316/316
f 293/293/293 317/317/317 316/316/316
f 293/293/293 294/294/294 317/317/317
f 294/294/294 318/318/318 317/317/317
f 294/294/294 295/295/295 318/318/318
f 295/295/295 319/319/319 318/318/318
f 295/295/295 296/296/296 319/319/319
f 296/296/296 320/320/320 319/319/319
f 296/296/296 297/297/297 320/320/320
f 297/297/297 321/321/321 320/320/320
f 297/297/297 298/298/298 321/321/321
f 298/298/298 322/322/322 321/321/321
f 298/298/298 299/299/299 322/322/322
f 299/299/299 323/323/323 322/322/322
f 299/299/299 300/300/300 323/323/323
f 300/300/300 324/324/324 323/323/323
f 300/300/300 301/301/301 324/324/324
f 301/301/301 325/325/325 324/324/324
f 301/301/301 302/302/302 325/325/325
f 302/302/302 326/326/326 325/325/325
f 302/302/302 303/303/303 326/326/326
f 303/303/303 327/327/327 326/326/326
f 303/303/303 304/304/304 327/327/327
f 304/304/304 328/328/328 327/327/327
f 304/304/304 305/305/305 328/328/328
f 305/305/305 329/329/329 328/328/328
f 305/305/305 306/306/306 329/329/329
f 306/306/306 330/330/330 329/329/329
f 306/306/306 307/307/307 330/330/330
f 307/307/307 331/331/331 330/330/330
f 307/307/307 308/308/308 331/331/331
f 308/308/308 332/332/332 331/331/331
f 308/308/308 309/309/309 332/332/332
f 309/309/309 333/333/333 332/332/332
f 309/309/309 310/310/310 333/333/333
f 310/310/310 334/334/334 333/333/333
f 310/310/310 311/311/311 334/334/334
f 311/311/311 335/335/335 334/334/334
f 311/311/311 312/312/312 335/335/335
f 312/312/312 336/336/336 335/335/335
f 312/312/312 289/289/289 336/336/336
f 289/289/289 313/313/313 336/336/336
f 313/313/313 314/314/314 337/337/337
f 314/314/314 338/338/338 337/337/337
f 314/314/314 315/315/315 338/338/338
f 315/315/315 339/339/339 338/338/338
f 315/315/315 316/316/316 339/339/339
f 316/316/316 340/340/340 339/339/339
f 316/316/316 317/317/317 340/340/340
f 317/317/317 341/341/341 340/340/340
f 317/317/317 318/318/318 341/341/341
f 318/318/318 342/342/342 341/341/341
f 318/318/318 319/319/319 342/342/342
f 319/319/319 343/343/343 342/342/342
f 319/319/319 320/320/320 343/343/343
f 320/320/320 344/344/344 343/343/343
f 320/320/320 321/321/321 344/344/344
f 321/321/321 345/345/345 344/344/344
f 321/321/321 322/322/322 345/345/345
f 322/322/322 346/346/346 345/345/345
f 322/322/322 323/323/323 346/346/346
f 323/323/323 347/347/347 346/346/346
f 323/323/323 324/324/324 347/347/347
f 324/324/324 348/348/348 347/347/347
f 324/324/324 325/325/325 348/348/348
f 325/325/325 349/349/349 348/348/348
f 325/325/325 326/326/326 349/349/349
f 326/326/326 350/350/350 349/349/349
f 326/326/326 327/327/327 350/350/350
f 327/327/327 351/351/351 350/350/350
f 327/327/327 328/328/328 351/351/351
f 328/328/328 352/352/352 351/351/351
f 328/328/328 329/329/329 352/352/352
f 329/329/329 353/353/353 352/352/352
f 329/329/329 330/330/330 353/353/353
f 330/330/330 354/354/354 353/353/353
f 330/330/330 331/331/331 354/354/354
f 331/331/331 355/355/355 354/354/354
f 331/331/331 332/332/332 355/355/355
f 332/332/332 356/356/356 355/355/355
f 332/332/332 333/333/333 356/356/356
f 333/333/333 357/357/357 356/356/356
f 333/333/333 334/334/334 357/357/357
f 334/334/334 358/358/358 357/357/357
f 334/334/334 335/335/335 358/358/358
f 335/335/335 359/359/359 358/358/358
f 335/335/335 336/336/336 359/359/359
f 336/336/336 360/360/360 359/359/359
f 336/336/336 313/313/313 360/360/360
f 313/313/313 337/337/337 360/360/360
f 337/337/337 338/338/338 361/361/361
f 338/338/338 362/362/362 361/361/361
f 338/338/338 339/339/339 362/362/362
f 339/339/339 363/363/363 362/362/362
f 339/339/339 340/340/340 363/363/363
f 340/340/340 364/364/364 363/363/363
f 340/340/340 341/341/341 364/364/364
f 341/341/341 365/365/365 364/364/364
f 341/341/341 342/342/342 365/365/365
f 342/342/342 366/366/366 365/365/365
f 342/342/342 343/343/343 366/366/366
f 343/343/343 367/367/367 366/366/366
f 343/343/343 344/344/344 367/367/367
f 344/344/344 368/368/368 367/367/367
f 344/344/344 345/345/345 368/368/368
f 345/345/345 369/369/369 368/368/368
f 345/345/345 346/346/346 369/369/369
f 346/346/346 370/370/370 369/369/369
f 346/346/346 347/347/347 370/370/370
f 347/347/347 371/371/371 370/370/370
f 347/347/347 348/348/348 371/371/371
f 348/348/348 372/372/372 371/371/371
f 348/348/348 349/349/349 372/372/372
f 349/349/349 373/373/373 372/372/372
f 349/349/349 350/350/350 373/373/373
f 350/350/350 374/374/374 373/373/373
f 350/350/350 351/351/351 374/374/374
f 351/351/351 375/375/375 374/374/374
f 351/351/351 352/352/352 375/375/375
f 352/352/352 376/376/376 375/375/375
f 352/352/352 353/353/353 376/376/376
f 353/353/353 377/377/377 376/376/376
f 353/353/353 354/354/354 377/377/377
f 354/354/354 378/378/378 377/377/377
f 354/354/354 355/355/355 378/378/378
f 355/355/355 379/379/379 378/378/378
f 355/355/355 356/356/356 379/379/379
f 356/356/356 380/380/380 379/379/379
f 356/356/356 357/357/357 380/380/380
f 357/357/357 381/381/381 380/380/380
f 357/357/357 358/358/358 381/381/381
f 358/358/358 382/382/382 381/381/381
f 358/358/358 359/359/359 382/382/382
f 359/359/359 383/383/383 382/382/382
f 359/359/359 360/360/360 383/383/383
f 360/360/360 384/384/384 383/383/383
f 360/360/360 337/337/337 384/384/384
f 337/337/337 361/361/361 384/384/384
f 361/361/361 362/362/362 385/385/385
f 362/362/362 386/386/386 385/385/385
f 362/362/362 363/363/363 386/386/386
f 363/363/363 387/387/387 386/386/386
f 363/363/363 364/364/364 387/387/387
f 364/364/364 388/388/388 387/387/387
f 364/364/364 365/365/365 388/388/388
f 365/365/365 389/389/389 388/388/388
f 365/365/365 366/366/366 389/389/389
f 366/366/366 390/390/390 389/389/389
f 366/366/366 367/367/367 390/390/390
f 367/367/367 391/391/391 390/390/390
f 367/367/367 368/368/368 391/391/391
f 368/368/368 392/392/392 391/391/391
f 368/368/368 369/369/369 392/392/392
f 369/369/369 393/393/393 392/392/392
f 369/369/369 370/370/370 393/393/393
f 370/370/370 394/394/394 393/393/393
f 370/370/370 371/371/371 394/394/394
f 371/371/371 395/395/395 394/394/394
f 371/371/371 372/372/372 395/395/395
f 372/372/372 396/396/396 395/395/395
f 372/372/372 373/373/373 396/396/396
f 373/373/373 397/397/397 396/396/396
f 373/373/373 374/374/374 397/397/397
f 374/374/374 398/398/398 397/397/397
f 374/374/374 375/375/375 398/398/398
f 375/375/375 399/399/399 398/398/398
f 375/375/375 376/376/376 399/399/399
f 376/376/376 400/400/400 399/399/399
f 376/376/376 377/377/377 400/400/400
f 377/377/377 401/401/401 400/400/400
f 377/377/377 378/378/378 401/401/401
f 378/378/378 402/402/402 401/401/401
f 378/378/378 379/379/379 402/402/402
f 379/379/379 403/403/403 402/402/402
f 379/379/379 380/380/380 403/403/403
f 380/380/380 404/404/404 403/403/403
f 380/380/380 381/381/381 404/404/404
f 381/381/381 405/405/405 404/404/404
f 381/381/381 382/382/382 405/405/405
f 382/382/382 406/406/406 405/405/405
f 382/382/382 383/383/383 406/406/406
f 383/383/383 407/407/407 406/406/406
f 383/383/383 384/384/384 407/407/407
f 384/384/384 408/408/408 407/407/407
f 384/384/384 361/361/361 408/408/408
f 361/361/361 385/385/385 408/408/408
f 409/409/409 410/410/410 425/425/425
f 410/410/410 426/426/426 425/425/425
f 410/410/410 411/411/411 426/426/426
f 411/411/411 427/427/427 426/426/426
f 411/411/411 412/412/412 427/427/427
f 412/412/412 428/428/428 427/427/427
f 412/412/412 413/413/413 428/428/428
f 413/413/413 429/429/429 428/428/428
f 413/413/413 414/414/414 429/429/429
f 414/414/414 430/430/430 429/429/429
f 414/414/414 415/415/415 430/430/430
f 415/415/415 431/431/431 430/430/430
f 415/415/415 416/416/416 431/431/431
f 416/416/416 432/432/432 431/431/431
f 416/416/416 417/417/417 432/432/432
f 417/417/417 433/433/433 432/432/432
f 417/417/417 418/418/418 433/433/433
f 418/418/418 434/434/434 433/433/433
f 418/418/418 419/419/419 434/434/434
f 419/419/419 435/435/435 434/434/434
f 419/419/419 420/420/420 435/435/435
f 420/420/420 436/436/436 435/435/435
f 420/420/420 421/421/421 436/436/436
f 421/421/421 437/437/437 436/436/436
f 421/421/421 422/422/422 437/437/437
f 422/422/422 438/438/438 437/437/437
f 422/422/422 423/423/423 438/438/438
f 423/423/423 439/439/439 438/438/438
f 423/423/423 424/424/424 439/439/439
f 424/424/424 440/440/440 439/439/439
f 424/424/424 409/409/409 440/440/440
f 409/409/409 425/425/425 440/440/440
f 425/425/425 426/426/426 441/441/441
f 426/426/426 442/442/442 441/441/441
f 426/426/426 427/427/427 442/442/442
f 427/427/427 443/443/443 442/442/442
f 427/427/427 428/428/428 443/443/443
f 428/428/428 444/444/444 443/443/443
f 428/428/428 429/429/429 444/444/444
f 429/429/429 445/445/445 444/444/444
f 429/429/429 430/430/430 445/445/445
f 430/430/430 446/446/446 445/445/445
f 430/430/430 431/431/431 446/446/446
f 431/431/431 447/447/447 446/446/446
f 431/431/431 432/432/432 447/447/447
f 432/432/432 448/448/448 447/447/447
f 432/432/432 433/433/433 448/448/448
f 433/433/433 449/449/449 448/448/448
f 433/433/433 434/434/434 449/449/449
f 434/434/434 450/450/450 449/449/449
f 434/434/434 435/435/435 450/450/450
f 435/435/435 451/451/451 450/450/450
f 435/435/435 436/436/436 451/451/451
f 436/436/436 452/452/452 451/451/451
f 436/436/436 437/437/437 452/452/452
f 437/437/437 453/453/453 452/452/452
f 437/437/437 438/438/438 453/453/453
f 438/438/438 454/454/454 453/453/453
f 438/438/438 439/439/439 454/454/454
f 439/439/439 455/455/455 454/454/454
f 439/439/439 440/440/440 455/455/455
f 440/440/440 456/456/456 455/455/455
f 440/440/440 425/425/425 456/456/456
f 425/425/425 441/441/441 456/456/456
f 441/441/441 442/442/442 457/457/457
f 442/442/442 458/458/458 457/457/457
f 442/442/442 443/443/443 458/458/458
f 443/443/443 459/459/459 458/458/458
f 443/443/443 444/444/444 459/459/459
f 444/444/444 460/460/460 459/459/459
f 444/444/444 445/445/445 460/460/460
f 445/445/445 461/461/461 460/460/460
f 445/445/445 446/446/446 461/461/461
f 446/446/446 462/462/462 461/461/461
f 446/446/446 447/447/447 462/462/462
f 447/447/447 463/463/463 462/462/462
f 447/447/447 448/448/448 463/463/463
f 448/448/448 464/464/464 463/463/463
f 448/448/448 449/449/449 464/464/464
f 449/449/449 465/465/465 464/464/464
f 449/449/449 450/450/450 465/465/465
f 450/450/450 466/466/466 465/465/465
f 450/450/450 451/451/451 466/466/466
f 451/451/451 467/467/467 466/466/466
f 451/451/451 452/452/452 467/467/467
f 452/452/452 468/468/468 467/467/467
f 452/452/452 453/453/453 468/468/468
f 453/453/453 469/469/469 468/468/468
f 453/453/453 454/454/454 469/469/469
f 454/454/454 470/470/470 469/469/469
f 454/454/454 455/455/455 470/470/470
f 455/455/455 471/471/471 470/470/470
f 455/455/455 456/456/456 471/471/471
f 456/456/456 472/472/472 471/471/471
f 456/456/456 441/441/441 472/472/472
f 441/441/441 457/457/457 472/472/472
f 457/457/457 458/458/458 473/473/473
f 458/458/458 474/474/474 473/473/473
f 458/458/458 459/459/459 474/474/474
f 459/459/459 475/475/475 474/474/474
f 459/459/459 460/460/460 475/475/475
f 460/460/460 476/476/476 475/475/475
f 460/460/460 461/461/461 476/476/476
f 461/461/461 477/477/477 476/476/476
f 461/461/461 462/462/462 477/477/477
f 462/462/462 478/478/478 477/477/477
f 462/462/462 463/463/463 478/478/478
f 463/463/463 479/479/479 478/478/478
f 463/463/463 464/464/464 479/479/479
f 464/464/464 480/480/480 479/479/479
f 464/464/464 465/465/465 480/480/480
f 465/465/465 481/481/481 480/480/480
f 465/465/465 466/466/466 481/481/481
f 466/466/466 482/482/482 481/481/481
f 466/466/466 467/467/467 482/482/482
f 467/467/467 483/483/483 482/482/482
f 467/467/467 468/468/468 483/483/483
f 468/468/468 484/484/484 483/483/483
f 468/468/468 469/469/469 484/484/484
f 469/469/469 485/485/485 484/484/484
f 469/469/469 470/470/470 485/485/485
f 470/470/470 486/486/486 485/485/485
f 470/470/470 471/471/471 486/486/486
f 471/471/471 487/487/487 486/486/486
f 471/471/471 472/472/472 487/487/487
f 472/472/472 488/488/488 487/487/487
f 472/472/472 457/457/457 488/488/488
f 457/457/457 473/473/473 488/488/488
f 473/473/473 474/474/474 489/489/489
f 474/474/474 490/490/490 489/489/489
f 474/474/474 475/475/475 490/490/490
f 475/475/475 491/491/491 490/490/490
f 475/475/475 476/476/476 491/491/491
f 476/476/476 492/492/492 491/491/491
f 476/476/476 477/477/477 492/492/492
f 477/477/477 493/493/493 492/492/492
f 477/477/477 478/478/478 493/493/493
f 478/478/478 494/494/494 493/493/493
f 478/478/478 479/479/479 494/494/494
f 479/479/479 495/495/495 494/494/494
f 479/479/479 480/480/480 495/495/495
f 480/480/480 496/496/496 495/495/495
f 480/480/480 481/481/481 496/496/496
f 481/481/481 497/497/497 496/496/496
f 481/481/481 482/482/482 497/497/497
f 482/482/482 498/498/498 497/497/497
f 482/482/482 483/483/483 498/498/498
f 483/483/483 499/499/499 498/498/498
f 483/483/483 484/484/484 499/499/499
f 484/484/484 500/500/500 499/499/499
f 484/484/484 485/485/485 500/500/500
f 485/485/485 501/501/501 500/500/500
f 485/485/485 486/486/486 501/501/501
f 486/486/486 502/502/502 501/501/501
f 486/486/486 487/487/487 502/502/502
f 487/487/487 503/503/503 502/502/502
f 487/487/487 488/488/488 503/503/503
f 488/488/488 504/504/504 503/503/503
f 488/488/488 473/473/473 504/504/504
f 473/473/473 489/489/489 504/504/504
f 489/489/489 490/490/490 505/505/505
f 490/490/490 506/506/506 505/505/505
f 490/490/490 491/491/491 506/506/506
f 491/491/491 507/507/507 506/506/506
f 491/491/491 492/492/492 507/507/507
f 492/492/492 508/508/508 507/507/507
f 492/492/492 493/493/493 508/508/508
f 493/493/493 509/509/509 508/508/508
f 493/493/493 494/494/494 509/509/509
f 494/494/494 510/510/510 509/509/509
f 494/494/494 495/495/495 510/510/510
f 495/495/495 511/511/511 510/510/510
f 495/495/495 496/496/496 511/511/511
f 496/496/496 512/512/512 511/511/511
f 496/496/496 497/497/497 512/512/512
f 497/497/497 513/513/513 512/512/512
f 497/497/497 498/498/498 513/513/513
f 498/498/498 514/514/514 513/513/513
f 498/498/498 499/499/499 514/514/514
f 499/499/499 515/515/515 514/514/514
f 499/499/499 500/500/500 515/515/515
f 500/500/500 516/516/516 515/515/515
f 500/500/500 501/501/501 516/516/516
f 501/501/501 517/517/517 516/516/516
f 501/501/501 502/502/502 517/517/517
f 502/502/502 518/518/518 517/517/517
f 502/502/502 503/503/503 518/518/518
f 503/503/503 519/519/519 518/518/518
f 503/503/503 504/504/504 519/519/519
f 504/504/504 520/520/520 519/519/519
f 504/504/504 489/489/489 520/520/520
f 489/489/489 505/505/505 520/520/520
f 505/505/505 506/506/506 521/521/521
f 506/506/506 522/522/522 521/521/521
f 506/506/506 507/507/507 522/522/522
f 507/507/507 523/523/523 522/522/522
f 507/507/507 508/508/508 523/523/523
f 508/508/508 524/524/524 523/523/523
f 508/508/508 509/509/509 524/524/524
f 509/509/509 525/525/525 524/524/524
f 509/509/509 510/510/510 525/525/525
f 510/510/510 526/526/526 525/525/525
f 510/510/510 511/511/511 526/526/526
f 511/511/511 527/527/527 526/526/526
f 511/511/511 512/512/512 527/527/527
f 512/512/512 528/528/528 527/527/527
f 512/512/512 513/513/513 528/528/528
f 513/513/513 529/529/529 528/528/528
f 513/513/513 514/514/514 529/529/529
f 514/514/514 530/530/530 529/529/529
f 514/514/514 515/515/515 530/530/530
f 515/515/515 531/531/531 530/530/530
f 515/515/515 516/516/516 531/531/531
f 516/516/516 532/532/532 531/531/531
f 516/516/516 517/517/517 532/532/532
f 517/517/517 533/533/533 532/532/532
f 517/517/517 518/518/518 533/533/533
f 518/518/518 534/534/534 533/533/533
f 518/518/518 519/519/519 534/534/534
f 519/519/519 535/535/535 534/534/534
f 519/519/519 520/520/520 535/535/535
f 520/520/520 536/536/536 535/535/535
f 520/520/520 505/505/505 536/536/536
f 505/505/505 521/521/521 536/536/536
f 521/521/521 522/522/522 537/537/537
f 522/522/522 538/538/538 537/537/537
f 522/522/522 523/523/523 538/538/538
f 523/523/523 539/539/539 538/538/538
f 523/523/523 524/524/524 539/539/539
f 524/524/524 540/540/540 539/539/539
f 524/524/524 525/525/525 540/540/540
f 525/525/525 541/541/541 540/540/540
f 525/525/525 526/526/526 541/541/541
f 526/526/526 542/542/542 541/541/541
f 526/526/526 527/527/527 542/542/542
f 527/527/527 543/543/543 542/542/542
f 527/527/527 528/528/528 543/543/543
f 528/528/528 544/544/544 543/543/543
f 528/528/528 529/529/529 544/544/544
f 529/529/529 545/545/545 544/544/544
f 529/529/529 530/530/530 545/545/545
f 530/530/530 546/546/546 545/545/545
f 530/530/530 531/531/531 546/546/546
f 531/531/531 547/547/547 546/546/546
f 531/531/531 532/532/532 547/547/547
f 532/532/532 548/548/548 547/547/547
f 532/532/532 533/533/533 548/548/548
f 533/533/533 549/549/549 548/548/548
f 533/533/533 534/534/534 549/549/549
f 534/534/534 550/550/550 549/549/549
f 534/534/534 535/535/535 550/550/550
f 535/535/535 551/551/551 550/550/550
f 535/535/535 536/536/536 551/551/551
f 536/536/536 552/552/552 551/551/551
f 536/536/536 521/521/521 552/552/552
f 521/521/521 537/537/537 552/552/552
f 537/537/537 538/538/538 553/553/553
f 538/538/538 554/554/554 553/553/553
f 538/538/538 539/539/539 554/554/554
f 539/539/539 555/555/555 554/554/554
f 539/539/539 540/540/540 555/555/555
f 540/540/540 556/556/556 555/555/555
f 540/540/540 541/541/541 556/556/556
f 541/541/541 557/557/557 556/556/556
f 541/541/541 542/542/542 557/557/557
f 542/542/542 558/558/558 557/557/557
f 542/542/542 543/543/543 558/558/558
f 543/543/543 559/559/559 558/558/558
f 543/543/543 544/544/544 559/559/559
f 544/544/544 560/560/560 559/559/559
f 544/544/544 545/545/545 560/560/560
f 545/545/545 561/561/561 560/560/560
f 545/545/545 546/546/546 561/561/561
f 546/546/546 562/562/562 561/561/561
f 546/546/546 547/547/547 562/562/562
f 547/547/547 563/563/563 562/562/562
f 547/547/547 548/548/548 563/563/563
f 548/548/548 564/564/564 563/563/563
f 548/548/548 549/549/549 564/564/564
f 549/549/549 565/565/565 564/564/564
f 549/549/549 550/550/550 565/565/565
f 550/550/550 566/566/566 565/565/565
f 550/550/550 551/551/551 566/566/566
f 551/551/551 567/567/567 566/566/566
f 551/551/551 552/552/552 567/567/567
f 552/552/552 568/568/568 567/567/567
f 552/552/552 537/537/537 568/568/568
f 537/537/537 553/553/553 568/568/568
f 553/553/553 554/554/554 569/569/569
f 554/554/554 570/570/570 569/569/569
f 554/554/554 555/555/555 570/570/570
f 555/555/555 571/571/571 570/570/570
f 555/555/555 556/556/556 571/571/571
f 556/556/556 572/572/572 571/571/571
f 556/556/556 557/557/557 572/572/572
f 557/557/557 573/573/573 572/572/572
f 557/557/557 558/558/558 573/573/573
f 558/558/558 574/574/574 573/573/573
f 558/558/558 559/559/559 574/574/574
f 559/559/559 575/575/575 574/574/574
f 559/559/559 560/560/560 575/575/575
f 560/560/560 576/576/576 575/575/575
f 560/560/560 561/561/561 576/576/576
f 561/561/561 577/577/577 576/576/576
f 561/561/561 562/562/562 577/577/577
f 562/562/562 578/578/578 577/577/577
f 562/562/562 563/563/563 578/578/578
f 563/563/563 579/579/579 578/578/578
f 563/563/563 564/564/564 579/579/579
f 564/564/564 580/580/580 579/579/579
f 564/564/564 565/565/565 580/580/580
f 565/565/565 581/581/581 580/580/580
f 565/565/565 566/566/566 581/581/581
f 566/566/566 582/582/582 581/581/581
f 566/566/566 567/567/567 582/582/582
f 567/567/567 583/583/583 582/582/582
f 567/567/567 568/568/568 583/583/583
f 568/568/568 584/584/584 583/583/583
f 568/568/568 553/553/553 584/584/584
f 553/553/553 569/569/569 584/584/584
f 569/569/569 570/570/570 585/585/585
f 570/570/570 586/586/586 585/585/585
f 570/570/570 571/571/571 586/586/586
f 571/571/571 587/587/587 586/586/586
f 571/571/571 572/572/572 587/587/587
f 572/572/572 588/588/588 587/587/587
f 572/572/572 573/573/573 588/588/588
f 573/573/573 589/589/589 588/588/588
f 573/573/573 574/574/574 589/589/589
f 574/574/574 590/590/590 589/589/589
f 574/574/574 575/575/575 590/590/590
f 575/575/575 591/591/591 590/590/590
f 575/575/575 576/576/576 591/591/591
f 576/576/576 592/592/592 591/591/591
f 576/576/576 577/577/577 592/592/592
f 577/577/577 593/593/593 592/592/592
f 577/577/577 578/578/578 593/593/593
f 578/578/578 594/594/594 593/593/593
f 578/578/578 579/579/579 594/594/594
f 579/579/579 595/595/595 594/594/594
f 579/579/579 580/580/580 595/595/595
f 580/580/580 596/596/596 595/595/595
f 580/580/580 581/581/581 596/596/596
f 581/581/581 597/597/597 596/596/596
f 581/581/581 582/582/582 597/597/597
f 582/582/582 598/598/598 597/597/597
f 582/582/582 583/583/583 598/598/598
f 583/583/583 599/599/599 598/598/598
f 583/583/583 584/584/584 599/599/599
f 584/584/584 600/600/600 599/599/599
f 584/584/584 569/569/569 600/600/600
f 569/569/569 585/585/585 600/600/600
f 585/585/585 586/586/586 601/601/601
f 586/586/586 602/602/602 601/601/601
f 586/586/586 587/587/587 602/602/602
f 587/587/587 603/603/603 602/602/602
f 587/587/587 588/588/588 603/603/603
f 588/588/588 604/604/604 603/603/603
f 588/588/588 589/589/589 604/604/604
f 589/589/589 605/605/605 604/604/604
f 589/589/589 590/590/590 605/605/605
f 590/590/590 606/606/606 605/605/605
f 590/590/590 591/591/591 606/606/606
f 591/591/591 607/607/607 606/606/606
f 591/591/591 592/592/592 607/607/607
f 592/592/592 608/608/608 607/607/607
f 592/592/592 593/593/593 608/608/608
f 593/593/593 609/609/609 608/608/608
f 593/593/593 594/594/594 609/609/609
f 594/594/594 610/610/610 609/609/609
f 594/594/594 595/595/595 610/610/610
f 595/595/595 611/611/611 610/610/610
f 595/595/595 596/596/596 611/611/611
f 596/596/596 612/612/612 611/611/611
f 596/596/596 597/597/597 612/612/612
f 597/597/597 613/613/613 612/612/612
f 597/597/597 598/598/598 613/613/613
f 598/598/598 614/614/614 613/613/613
f 598/598/598 599/599/599 614/614/614
f 599/599/599 615/615/615 614/614/614
f 599/599/599 600/600/600 615/615/615
f 600/600/600 616/616/616 615/615/615
f 600/600/600 585/585/585 616/616/616
f 585/585/585 601/601/601 616/616/616
f 601/601/601 602/602/602 617/617/617
f 602/602/602 618/618/618 617/617/617
f 602/602/602 603/603/603 618/618/618
f 603/603/603 619/619/619 618/618/618
f 603/603/603 604/604/604 619/619/619
f 604/604/604 620/620/620 619/619/619
f 604/604/604 605/605/605 620/620/620
f 605/605/605 621/621/621 620/620/620
f 605/605/605 606/606/606 621/621/621
f 606/606/606 622/622/622 621/621/621
f 606/606/606 607/607/607 622/622/622
f 607/607/607 623/623/623 622/622/622
f 607/607/607 608/608/608 623/623/623
f 608/608/608 624/624/624 623/623/623
f 608/608/608 609/609/609 624/624/624
f 609/609/609 625/625/625 624/624/624
f 609/609/609 610/610/610 625/625/625
f 610/610/610 626/626/626 625/625/625
f 610/610/610 611/611/611 626/626/626
f 611/611/611 627/627/627 626/626/626
f 611/611/611 612/612/612 627/627/627
f 612/612/612 628/628/628 627/627/627
f 612/612/612 613/613/613 628/628/628
f 613/613/613 629/629/629 628/628/628
f 613/613/613 614/614/614 629/629/629
f 614/614/614 630/630/630 629/629/629
f 614/614/614 615/615/615 630/630/630
f 615/615/615 631/631/631 630/630/630
f 615/615/615 616/616/616 631/631/631
f 616/616/616 632/632/632 631/631/631
f 616/616/616 601/601/601 632/632/632
f 601/601/601 617/617/617 632/632/632
f 617/617/617 618/618/618 633/633/633
f 618/618/618 634/634/634 633/633/633
f 618/618/618 619/619/619 634/634/634
f 619/619/619 635/635/635 634/634/634
f 619/619/619 620/620/620 635/635/635
f 620/620/620 636/636/636 635/635/635
f 620/620/620 621/621/621 636/636/636
f 621/621/621 637/637/637 636/636/636
f 621/621/621 622/622/622 637/637/637
f 622/622/622 638/638/638 637/637/637
f 622/622/622 623/623/623 638/638/638
f 623/623/623 639/639/639 638/638/638
f 623/623/623 624/624/624 639/639/639
f 624/624/624 640/640/640 639/639/639
f 624/624/624 625/625/625 640/640/640
f 625/625/625 641/641/641 640/640/640
f 625/625/625 626/626/626 641/641/641
f 626/626/626 642/642/642 641/641/641
f 626/626/626 627/627/627 642/642/642
f 627/627/627 643/643/643 642/642/642
f 627/627/627 628/628/628 643/643/643
f 628/628/628 644/644/644 643/643/643
f 628/628/628 629/629/629 644/644/644
f 629/629/629 645/645/645 644/644/644
f 629/629/629 630/630/630 645/645/645
f 630/630/630 646/646/646 645/645/645
f 630/630/630 631/631/631 646/646/646
f 631/631/631 647/647/647 646/646/646
f 631/631/631 632/632/632 647/647/647
f 632/632/632 648/648/648 647/647/647
f 632/632/632 617/617/617 648/648/648
f 617/617/617 633/633/633 648/648/648
f 633/633/633 634/634/634 649/649/649
f 634/634/634 650/650/650 649/649/649
f 634/634/634 635/635/635 650/650/650
f 635/635/635 651/651/651 650/650/650
f 635/635/635 636/636/636 651/651/651
f 636/636/636 652/652/652 651/651/651
f 636/636/636 637/637/637 652/652/652
f 637/637/637 653/653/653 652/652/652
f 637/637/637 638/638/638 653/653/653
f 638/638/638 654/654/654 653/653/653
f 638/638/638 639/639/639 654/654/654
f 639/639/639 655/655/655 654/654/654
f 639/639/639 640/640/640 655/655/655
f 640/640/640 656/656/656 655/655/655
f 640/640/640 641/641/641 656/656/656
f 641/641/641 657/657/657 656/656/656
f 641/641/641 642/642/642 657/657/657
f 642/642/642 658/658/658 657/657/657
f 642/642/642 643/643/643 658/658/658
f 643/643/643 659/659/659 658/658/658
f 643/643/643 644/644/644 659/659/659
f 644/644/644 660/660/660 659/659/659
f 644/644/644 645/645/645 660/660/660
f 645/645/645 661/661/661 660/660/660
f 645/645/645 646/646/646 661/661/661
f 646/646/646 662/662/662 661/661/661
f 646/646/646 647/647/647 662/662/662
f 647/647/647 663/663/663 662/662/662
f 647/647/647 648/648/648 663/663/663
f 648/648/648 664/664/664 663/663/663
f 648/648/648 633/633/633 664/664/664
f 633/633/633 649/649/649 664/664/664
f 649/649/649 650/650/650 665/665/665
f 650/650/650 666/666/666 665/665/665
f 650/650/650 651/651/651 666/666/666
f 651/651/651 667/667/667 666/666/666
f 651/651/651 652/652/652 667/667/667
f 652/652/652 668/668/668 667/667/667
f 652/652/652 653/653/653 668/668/668
f 653/653/653 669/669/669 668/668/668
f 653/653/653 654/654/654 669/669/669
f 654/654/654 670/670/670 669/669/669
f 654/654/654 655/655/655 670/670/670
f 655/655/655 671/671/671 670/670/670
f 655/655/655 656/656/656 671/671/671
f 656/656/656 672/672/672 671/671/671
f 656/656/656 657/657/657 672/672/672
f 657/657/657 673/673/673 672/672/672
f 657/657/657 658/658/658 673/673/673
f 658/658/658 674/674/674 673/673/673
f 658/658/658 659/659/659 674/674/674
f 659/659/659 675/675/675 674/674/674
f 659/659/659 660/660/660 675/675/675
f 660/660/660 676/676/676 675/675/675
f 660/660/660 661/661/661 676/676/676
f 661/661/661 677/677/677 676/676/676
f 661/661/661 662/662/662 677/677/677
f 662/662/662 678/678/678 677/677/677
f 662/662/662 663/663/663 678/678/678
f 663/663/663 679/679/679 678/678/678
f 663/663/663 664/664/664 679/679/679
f 664/664/664 680/680/680 679/679/679
f 664/664/664 649/649/649 680/680/680
f 649/649/649 665/665/665 680/680/680
f 665/665/665 666/666/666 681/681/681
f 666/666/666 682/682/682 681/681/681
f 666/666/666 667/667/667 682/682/682
f 667/667/667 683/683/683 682/682/682
f 667/667/667 668/668/668 683/683/683
f 668/668/668 684/684/684 683/683/683
f 668/668/668 669/669/669 684/684/684
f 669/669/669 685/685/685 684/684/684
f 669/669/669 670/670/670 685/685/685
f 670/670/670 686/686/686 685/685/685
f 670/670/670 671/671/671 686/686/686
f 671/671/671 687/687/687 686/686/686
f 671/671/671 672/672/672 687/687/687
f 672/672/672 688/688/688 687/687/687
f 672/672/672 673/673/673 688/688/688
f 673/673/673 689/689/689 688/688/688
f 673/673/673 674/674/674 689/689/689
f 674/674/674 690/690/690 689/689/689
f 674/674/674 675/675/675 690/690/690
f 675/675/675 691/691/691 690/690/690
f 675/675/675 676/676/676 691/691/691
f 676/676/676 692/692/692 691/691/691
f 676/676/676 677/677/677 692/692/692
f 677/677/677 693/693/693 692/692/692
f 677/677/677 678/678/678 693/693/693
f 678/678/678 694/694/694 693/693/693
f 678/678/678 679/679/679 694/694/694
f 679/679/679 695/695/695 694/694/694
f 679/679/679 680/680/680 695/695/695
f 680/680/680 696/696/696 695/695/695
f 680/680/680 665/665/665 696/696/696
f 665/665/665 681/681/681 696/696/696
f 681/681/681 682/682/682 697/697/697
f 682/682/682 698/698/698 697/697/697
f 682/682/682 683/683/683 698/698/698
f 683/683/683 699/699/699 698/698/698
f 683/683/683 684/684/684 699/699/699
f 684/684/684 700/700/700 699/699/699
f 684/684/684 685/685/685 700/700/700
f 685/685/685 701/701/701 700/700/700
f 685/685/685 686/686/686 701/701/701
f 686/686/686 702/702/702 701/701/701
f 686/686/686 687/687/687 702/702/702
f 687/687/687 703/703/703 702/702/702
f 687/687/687 688/688/688 703/703/703
f 688/688/688 704/704/704 703/703/703
f 688/688/688 689/689/689 704/704/704
f 689/689/689 705/705/705 704/704/704
f 689/689/689 690/690/690 705/705/705
f 690/690/690 706/706/706 705/705/705
f 690/690/690 691/691/691 706/706/706
f 691/691/691 707/707/707 706/706/706
f 691/691/691 692/692/692 707/707/707
f 692/692/692 708/708/708 707/707/707
f 692/692/692 693/693/693 708/708/708
f 693/693/693 709/709/709 708/708/708
f 693/693/693 694/694/694 709/709/709
f 694/694/694 710/710/710 709/709/709
f 694/694/694 695/695/695 710/710/710
f 695/695/695 711/711/711 710/710/710
f 695/695/695 696/696/696 711/711/711
f 696/696/696 712/712/712 711/711/711
f 696/696/696 681/681/681 712/712/712
f 681/681/681 697/697/697 712/712/712
f 697/697/697 698/698/698 713/713/713
f 698/698/698 714/714/714 713/713/713
f 698/698/698 699/699/699 714/714/714
f 699/699/699 715/715/715 714/714/714
f 699/699/699 700/700/700 715/715/715
f 700/700/700 716/716/716 715/715/715
f 700/700/700 701/701/701 716/716/716
f 701/701/701 717/717/717 716/716/716
f 701/701/701 702/702/702 717/717/717
f 702/702/702 718/718/718 717/717/717
f 702/702/702 703/703/703 718/718/718
f 703/703/703 719/719/719 718/718/718
f 703/703/703 704/704/704 719/719/719
f 704/704/704 720/720/720 719/719/719
f 704/704/704 705/705/705 720/720/720
f 705/705/705 721/721/721 720/720/720
f 705/705/705 706/706/706 721/721/721
f 706/706/706 722/722/722 721/721/721
f 706/706/706 707/707/707 722/722/722
f 707/707/707 723/723/723 722/722/722
f 707/707/707 708/708/708 723/723/723
f 708/708/708 724/724/724 723/723/723
f 708/708/708 709/709/709 724/724/724
f 709/709/709 725/725/725 724/724/724
f 709/709/709 710/710/710 725/725/725
f 710/710/710 726/726/726 725/725/725
f 710/710/710 711/711/711 726/726/726
f 711/711/711 727/727/727 726/726/726
f 711/711/711 712/712/712 727/727/727
f 712/712/712 728/728/728 727/727/727
f 712/712/712 697/697/697 728/728/728
f 697/697/697 713/713/713 728/728/728
f 713/713/713 714/714/714 729/729/729
f 714/714/714 730/730/730 729/729/729
f 714/714/714 715/715/715 730/730/730
f 715/715/715 731/731/731 730/730/730
f 715/715/715 716/716/716 731/731/731
f 716/716/716 732/732/732 731/731/731
f 716/716/716 717/717/717 732/732/732
f 717/717/717 733/733/733 732/732/732
f 717/717/717 718/718/718 733/733/733
f 718/718/718 734/734/734 733/733/733
f 718/718/718 719/719/719 734/734/734
f 719/719/719 735/735/735 734/734/734
f 719/719/719 720/720/720 735/735/735
f 720/720/720 736/736/736 735/735/735
f 720/720/720 721/721/721 736/736/736
f 721/721/721 737/737/737 736/736/736
f 721/721/721 722/722/722 737/737/737
f 722/722/722 738/738/738 737/737/737
f 722/722/722 723/723/723 738/738/738
f 723/723/723 739/739/739 738/738/738
f 723/723/723 724/724/724 739/739/739
f 724/724/724 740/740/740 739/739/739
f 724/724/724 725/725/725 740/740/740
f 725/725/725 741/741/741 740/740/740
f 725/725/725 726/726/726 741/741/741
f 726/726/726 742/742/742 741/741/741
f 726/726/726 727/727/727 742/742/742
f 727/727/727 743/743/743 742/742/742
f 727/727/727 728/728/728 743/743/743
f 728/728/728 744/744/744 743/743/743
f 728/728/728 713/713/713 744/744/744
f 713/713/713 729/729/729 744/744/744
f 729/729/729 730/730/730 745/745/745
f 730/730/730 746/746/746 745/745/745
f 730/730/730 731/731/731 746/746/746
f 731/731/731 747/747/747 746/746/746
f 731/731/731 732/732/732 747/747/747
f 732/732/732 748/748/748 747/747/747
f 732/732/732 733/733/733 748/748/748
f 733/733/733 749/749/749 748/748/748
f 733/733/733 734/734/734 749/749/749
f 734/734/734 750/750/750 749/749/749
f 734/734/734 735/735/735 750/750/750
f 735/735/735 751/751/751 750/750/750
f 735/735/735 736/736/736 751/751/751
f 736/736/736 752/752/752 751/751/751
f 736/736/736 737/737/737 752/752/752
f 737/737/737 753/753/753 752/752/752
f 737/737/737 738/738/738 753/753/753
f 738/738/738 754/754/754 753/753/753
f 738/738/738 739/739/739 754/754/754
f 739/739/739 755/755/755 754/754/754
f 739/739/739 740/740/740 755/755/755
f 740/740/740 756/756/756 755/755/755
f 740/740/740 741/741/741 756/756/756
f 741/741/741 757/757/757 756/756/756
f 741/741/741 742/742/742 757/757/757
f 742/742/742 758/758/758 757/757/757
f 742/742/742 743/743/743 758/758/758
f 743/743/743 759/759/759 758/758/758
f 743/743/743 744/744/744 759/759/759
f 744/744/744 760/760/760 759/759/759
f 744/744/744 729/729/729 760/760/760
f 729/729/729 745/745/745 760/760/760
f 745/745/745 746/746/746 761/761/761
f 746/746/746 762/762/762 761/761/761
f 746/746/746 747/747/747 762/762/762
f 747/747/747 763/763/763 762/762/762
f 747/747/747 748/748/748 763/763/763
f 748/748/748 764/764/764 763/763/763
f 748/748/748 749/749/749 764/764/764
f 749/749/749 765/765/765 764/764/764
f 749/749/749 750/750/750 765/765/765
f 750/750/750 766/766/766 765/765/765
f 750/750/750 751/751/751 766/766/766
f 751/751/751 767/767/767 766/766/766
f 751/751/751 752/752/752 767/767/767
f 752/752/752 768/768/768 767/767/767
f 752/752/752 753/753/753 768/768/768
f 753/753/753 769/769/769 768/768/768
f 753/753/753 754/754/754 769/769/769
f 754/754/754 770/770/770 769/769/769
f 754/754/754 755/755/755 770/770/770
f 755/755/755 771/771/771 770/770/770
f 755/755/755 756/756/756 771/771/771
f 756/756/756 772/772/772 771/771/771
f 756/756/756 757/757/757 772/772/772
f 757/757/757 773/773/773 772/772/772
f 757/757/757 758/758/758 773/773/773
f 758/758/758 774/774/774 773/773/773
f 758/758/758 759/759/759 774/774/774
f 759/759/759 775/775/775 774/774/774
f 759/759/759 760/760/760 775/775/775
f 760/760/760 776/776/776 775/775/775
f 760/760/760 745/745/745 776/776/776
f 745/745/745 761/761/761 776/776/776
f 761/761/761 762/762/762 777/777/777
f 762/762/762 778/778/778 777/777/777
f 762/762/762 763/763/763 778/778/778
f 763/763/763 779/779/779 778/778/778
f 763/763/763 764/764/764 779/779/779
f 764/764/764 780/780/780 779/779/779
f 764/764/764 765/765/765 780/780/780
f 765/765/765 781/781/781 780/780/780
f 765/765/765 766/766/766 781/781/781
f 766/766/766 782/782/782 781/781/781
f 766/766/766 767/767/767 782/782/782
f 767/767/767 783/783/783 782/782/782
f 767/767/767 768/768/768 783/783/783
f 768/768/768 784/784/784 783/783/783
f 768/768/768 769/769/769 784/784/784
f 769/769/769 785/785/785 784/784/784
f 769/769/769 770/770/770 785/785/785
f 770/770/770 786/786/786 785/785/785
f 770/770/770 771/771/771 786/786/786
f 771/771/771 787/787/787 786/786/786
f 771/771/771 772/772/772 787/787/787
f 772/772/772 788/788/788 787/787/787
f 772/772/772 773/773/773 788/788/788
f 773/773/773 789/789/789 788/788/788
f 773/773/773 774/774/774 789/789/789
f 774/774/774 790/790/790 789/789/789
f 774/774/774 775/775/775 790/790/790
f 775/775/775 791/791/791 790/790/790
f 775/775/775 776/776/776 791/791/791
f 776/776/776 792/792/792 791/791/791
f 776/776/776 761/761/761 792/792/792
f 761/761/761 777/777/777 792/792/792
f 777/777/777 778/778/778 409/409/409
f 778/778/778 410/410/410 409/409/409
f 778/778/778 779/779/779 410/410/410
f 779/779/779 411/411/411 410/410/410
f 779/779/779 780/780/780 411/411/411
f 780/780/780 412/412/412 411/411/411
f 780/780/780 781/781/781 412/412/412
f 781/781/781 413/413/413 412/412/412
f 781/781/781 782/782/782 413/413/413
f 782/782/782 414/414/414 413/413/413
f 782/782/782 783/783/783 414/414/414
f 783/783/783 415/415/415 414/414/414
f 783/783/783 784/784/784 415/415/415
f 784/784/784 416/416/416 415/415/415
f 784/784/784 785/785/785 416/416/416
f 785/785/785 417/417/417 416/416/416
f 785/785/785 786/786/786 417/417/417
f 786/786/786 418/418/418 417/417/417
f 786/786/786 787/787/787 418/418/418
f 787/787/787 419/419/419 418/418/418
f 787/787/787 788/788/788 419/419/419
f 788/788/788 420/420/420 419/419/419
f 788/788/788 789/789/789 420/420/420
f 789/789/789 421/421/421 420/420/420
f 789/789/789 790/790/790 421/421/421
f 790/790/790 422/422/422 421/421/421
f 790/790/790 791/791/791 422/422/422
f 791/791/791 423/423/423 422/422/422
f 791/791/791 792/792/792 423/423/423
f 792/792/792 424/424/424 423/423/423
f 792/792/792 777/777/777 424/424/424
f 777/777/777 409/409/409 424/424/424
