# Poly-Spinor Nexus 7D Avatar
# Vault: vault_00014
# Avatar ID: c626dc4c9018c022
# Type: hybrid_form
# Rarity: primordial (97.9)
# Generated: 2026-01-07T02:36:30.002439

v -1.026065 -0.143477 1.056884
v -1.026065 -0.143477 1.056884
v -1.026065 -0.143477 1.056884
v -1.026065 -0.143477 1.056884
v -1.026065 -0.143477 1.056884
v -1.026065 -0.143477 1.056884
v -1.026065 -0.143477 1.056884
v -1.026065 -0.143477 1.056884
v -1.026065 -0.143477 1.056884
v -1.026065 -0.143477 1.056884
v -1.026065 -0.143477 1.056884
v -1.026065 -0.143477 1.056884
v -1.026065 -0.143477 1.056884
v -1.026065 -0.143477 1.056884
v -1.026065 -0.143477 1.056884
v -1.026065 -0.143477 1.056884
v -1.026065 -0.143477 1.056884
v -1.026065 -0.143477 1.056884
v -1.026065 -0.143477 1.056884
v -1.026065 -0.143477 1.056884
v -1.026065 -0.143477 1.056884
v -1.026065 -0.143477 1.056884
v -1.026065 -0.143477 1.056884
v -1.026065 -0.143477 1.056884
v -1.346148 0.065352 1.498595
v -1.292491 0.073383 1.328027
v -1.062819 0.054912 1.008312
v -0.808163 0.02828 0.711745
v -0.706615 0.006182 0.583581
v -0.848006 -0.021273 0.666337
v -1.167647 -0.075463 0.888842
v -1.480136 -0.159993 1.114171
v -1.595952 -0.245332 1.213898
v -1.443138 -0.288171 1.13269
v -1.111177 -0.271095 0.917107
v -0.789369 -0.224415 0.695687
v -0.645566 -0.205317 0.614138
v -0.728064 -0.249217 0.751837
v -0.949881 -0.336352 1.064841
v -1.15441 -0.404983 1.39714
v -1.211582 -0.400839 1.565949
v -1.085727 -0.319562 1.475417
v -0.845053 -0.205977 1.184311
v -0.619212 -0.113838 0.875894
v -0.532236 -0.064368 0.743298
v -0.640674 -0.039482 0.865151
v -0.901522 -0.010345 1.156046
v -1.186809 0.030627 1.424822
v -1.266186 0.335476 1.530611
v -1.265426 0.333149 1.29684
v -1.058729 0.25119 0.920991
v -0.798416 0.154352 0.595174
v -0.695733 0.094877 0.452595
v -0.873426 0.061062 0.509687
v -1.264356 -0.004549 0.686642
v -1.642095 -0.135317 0.867558
v -1.771071 -0.292453 0.955204
v -1.567826 -0.392614 0.904732
v -1.153588 -0.388295 0.742085
v -0.763032 -0.321387 0.564942
v -0.583995 -0.29223 0.508524
v -0.647615 -0.368083 0.670655
v -0.837193 -0.516302 1.031877
v -0.988251 -0.627097 1.435574
v -0.994212 -0.606753 1.666743
v -0.850381 -0.455626 1.592702
v -0.631566 -0.260562 1.266225
v -0.442683 -0.113207 0.904211
v -0.376567 -0.034251 0.744925
v -0.48309 0.026779 0.883986
v -0.742334 0.123184 1.210782
v -1.053287 0.247322 1.491142
v -0.841853 0.453455 1.119437
v -0.951047 0.474386 0.971761
v -1.013953 0.437816 0.798277
v -1.051777 0.366735 0.644457
v -1.10438 0.28234 0.537424
v -1.196669 0.186532 0.479327
v -1.312477 0.06654 0.458055
v -1.399548 -0.083417 0.460614
v -1.404506 -0.246321 0.478192
v -1.311116 -0.389782 0.504877
v -1.151666 -0.490573 0.538545
v -0.983429 -0.552218 0.58606
v -0.850409 -0.597517 0.664544
v -0.760485 -0.642416 0.790257
v -0.692332 -0.67641 0.959258
v -0.621014 -0.668981 1.136953
v -0.53876 -0.596583 1.271144
v -0.456852 -0.464811 1.324045
v -0.393807 -0.305133 1.299479
v -0.364633 -0.150092 1.241402
v -0.378945 -0.011154 1.201862
v -0.442684 0.12031 1.202335
v -0.554618 0.251979 1.218989
v -0.698452 0.372192 1.203117
v -0.424795 0.395137 0.638331
v -0.603025 0.478892 0.613856
v -0.930211 0.607616 0.644885
v -1.308598 0.672078 0.617482
v -1.558776 0.586549 0.500176
v -1.549723 0.372189 0.342677
v -1.31016 0.135071 0.211865
v -1.018917 -0.038356 0.139872
v -0.872552 -0.161742 0.128032
v -0.936915 -0.322447 0.180917
v -1.105487 -0.573999 0.31431
v -1.194855 -0.857215 0.520299
v -1.090968 -1.034127 0.734328
v -0.82384 -1.00732 0.860118
v -0.520865 -0.810524 0.849775
v -0.296987 -0.581347 0.767037
v -0.183594 -0.440478 0.759059
v -0.144759 -0.392021 0.940528
v -0.140916 -0.337979 1.282795
v -0.165074 -0.188009 1.610899
v -0.222542 0.045939 1.724054
v -0.294965 0.261984 1.545885
v -0.345589 0.371091 1.18035
v -0.368795 0.384128 0.828391
v -0.251097 0.402192 0.451805
v -0.434597 0.526655 0.440057
v -0.810721 0.754067 0.466711
v -1.276701 0.898657 0.394885
v -1.596159 0.811497 0.222417
v -1.580463 0.520867 0.048694
v -1.257494 0.198412 -0.042467
v -0.868369 -0.012829 -0.054303
v -0.681879 -0.133573 -0.039148
v -0.782841 -0.309131 -0.011494
v -1.016824 -0.635366 0.077996
v -1.133412 -1.0279 0.272457
v -0.994509 -1.272861 0.523561
v -0.666018 -1.216997 0.700551
v -0.329381 -0.91349 0.707636
v -0.115403 -0.579162 0.599823
v -0.019041 -0.401742 0.567955
v 0.043368 -0.381697 0.780771
v 0.117392 -0.357836 1.216814
v 0.163876 -0.184854 1.646363
v 0.122376 0.116216 1.796451
v 0.000243 0.382034 1.56446
v -0.123278 0.475943 1.096351
v -0.190298 0.427817 0.663814
v -0.215391 0.691757 0.540726
v -0.406057 0.777678 0.407466
v -0.660076 0.871538 0.270601
v -0.941939 0.890991 0.096604
v -1.158966 0.772283 -0.090028
v -1.230339 0.532307 -0.232079
v -1.156504 0.254129 -0.295167
v -1.022243 0.011323 -0.294789
v -0.9265 -0.192653 -0.269709
v -0.900748 -0.409584 -0.233977
v -0.889086 -0.672316 -0.161316
v -0.805897 -0.938134 -0.019633
v -0.615666 -1.109927 0.18191
v -0.36214 -1.117668 0.386811
v -0.12524 -0.981351 0.538303
v 0.047369 -0.793171 0.634419
v 0.167673 -0.635331 0.732462
v 0.272908 -0.512666 0.891461
v 0.371187 -0.363941 1.104071
v 0.425783 -0.137723 1.284791
v 0.3929 0.144433 1.331352
v 0.270426 0.400495 1.20703
v 0.103769 0.562504 0.97022
v -0.059022 0.637275 0.72532
v -0.074833 1.148846 0.58917
v -0.323208 1.143328 0.317551
v -0.484065 0.955518 0.064092
v -0.554577 0.718055 -0.108395
v -0.623257 0.546122 -0.228151
v -0.778935 0.43902 -0.364091
v -1.01107 0.300079 -0.536524
v -1.200845 0.051805 -0.682674
v -1.216852 -0.27149 -0.712365
v -1.027799 -0.547696 -0.596059
v -0.72718 -0.68343 -0.394428
v -0.448744 -0.704894 -0.19882
v -0.255023 -0.729589 -0.043839
v -0.103528 -0.844561 0.117369
v 0.083714 -1.0115 0.348283
v 0.322609 -1.094041 0.640801
v 0.540356 -0.982416 0.897091
v 0.643846 -0.694516 1.006909
v 0.610719 -0.356061 0.948899
v 0.509429 -0.082223 0.815943
v 0.428556 0.120582 0.735221
v 0.38857 0.336479 0.755449
v 0.326829 0.627448 0.806804
v 0.171076 0.943352 0.770273
v 0.207799 1.400868 0.391914
v -0.099962 1.344005 0.085408
v -0.289451 1.002777 -0.144879
v -0.328917 0.625093 -0.234467
v -0.353162 0.423097 -0.285427
v -0.518162 0.389729 -0.450145
v -0.826781 0.334497 -0.757262
v -1.102733 0.096852 -1.057429
v -1.14355 -0.279814 -1.14819
v -0.905014 -0.588126 -0.958464
v -0.537329 -0.66828 -0.612383
v -0.239648 -0.575156 -0.31074
v -0.078426 -0.528702 -0.147912
v 0.05154 -0.692965 -0.044036
v 0.289451 -1.002777 0.144879
v 0.637935 -1.212369 0.454748
v 0.935751 -1.121053 0.756276
v 1.004975 -0.755879 0.873056
v 0.826781 -0.334497 0.757262
v 0.568565 -0.049937 0.545207
v 0.431588 0.105605 0.433339
v 0.466622 0.303236 0.494181
v 0.537329 0.66828 0.612383
v 0.464797 1.115516 0.60268
v 0.426053 1.218886 0.073239
v 0.148232 1.20925 -0.16805
v -0.083714 1.0115 -0.348283
v -0.225315 0.764097 -0.447547
v -0.323441 0.588046 -0.536972
v -0.449673 0.485062 -0.703242
v -0.610719 0.356061 -0.948899
v -0.729405 0.117728 -1.168274
v -0.715966 -0.20145 -1.228295
v -0.556359 -0.481774 -1.081659
v -0.326829 -0.627448 -0.806804
v -0.119482 -0.658853 -0.537972
v 0.044793 -0.687665 -0.35266
v 0.225734 -0.79852 -0.221783
v 0.484065 -0.955518 -0.064092
v 0.794049 -1.028118 0.155201
v 1.041242 -0.912376 0.38116
v 1.115286 -0.628593 0.521309
v 1.01107 -0.300079 0.536524
v 0.83869 -0.036182 0.476791
v 0.728372 0.162506 0.4264
v 0.717832 0.38252 0.416298
v 0.72718 0.68343 0.394428
v 0.642516 1.009274 0.284673
v 0.434087 0.782575 -0.128259
v 0.283207 0.874059 -0.302501
v 0.12524 0.981351 -0.538303
v -0.060571 1.014235 -0.811237
v -0.237811 0.90109 -1.038851
v -0.34897 0.655551 -1.13992
v -0.371187 0.363941 -1.104071
v -0.332979 0.107705 -1.004755
v -0.277022 -0.101835 -0.938695
v -0.211484 -0.313203 -0.943944
v -0.103769 -0.562504 -0.97022
v 0.075472 -0.81489 -0.927474
v 0.305489 -0.98112 -0.766913
v 0.519229 -0.994424 -0.52103
v 0.660076 -0.871538 -0.270601
v 0.736633 -0.696789 -0.075548
v 0.817151 -0.544513 0.063476
v 0.962172 -0.416284 0.181495
v 1.156504 -0.254129 0.295167
v 1.307152 -0.014479 0.376949
v 1.314055 0.27324 0.382529
v 1.151795 0.523739 0.299188
v 0.889086 0.672316 0.161316
v 0.630242 0.733657 0.015353
v 0.383581 0.490941 -0.201937
v 0.348116 0.636104 -0.366166
v 0.329381 0.91349 -0.707636
v 0.22079 1.108055 -1.147585
v 0.049369 1.041595 -1.472536
v -0.082972 0.730264 -1.493776
v -0.117392 0.357836 -1.216814
v -0.085655 0.09662 -0.860526
v -0.0472 -0.044825 -0.692889
v -0.000127 -0.199683 -0.817717
v 0.123278 -0.475943 -1.096351
v 0.36408 -0.818502 -1.270013
v 0.651018 -1.042763 -1.171392
v 0.831474 -1.0076 -0.841919
v 0.810721 -0.754067 -0.466711
v 0.66731 -0.469713 -0.2064
v 0.615637 -0.312994 -0.085786
v 0.826081 -0.272248 -0.025452
v 1.257494 -0.198412 0.042467
v 1.661367 0.024544 0.103893
v 1.767904 0.346314 0.101499
v 1.497735 0.591432 0.02199
v 1.016824 0.635366 -0.077996
v 0.592415 0.537266 -0.142409
v 0.562499 0.533192 -0.378617
v 0.520108 0.635942 -0.543011
v 0.520865 0.810524 -0.849775
v 0.470421 0.920842 -1.214971
v 0.356081 0.854308 -1.472196
v 0.229296 0.620953 -1.489776
v 0.140916 0.337979 -1.282795
v 0.104215 0.118694 -1.016995
v 0.114742 -0.023686 -0.888916
v 0.186218 -0.165396 -0.97595
v 0.345589 -0.371091 -1.18035
v 0.584163 -0.608451 -1.312154
v 0.823889 -0.766368 -1.238044
v 0.955179 -0.758555 -0.972335
v 0.930211 -0.607616 -0.644885
v 0.826146 -0.424297 -0.389829
v 0.8037 -0.302423 -0.257889
v 0.978373 -0.234971 -0.216339
v 1.31016 -0.135071 -0.211865
v 1.613944 0.060755 -0.221554
v 1.692315 0.313698 -0.248318
v 1.484054 0.510749 -0.286568
v 1.105487 0.573999 -0.31431
v 0.754338 0.541178 -0.328476
v 1.014893 0.713088 -0.793078
v 0.861629 0.727857 -0.895361
v 0.692332 0.67641 -0.959258
v 0.548115 0.590452 -1.003489
v 0.451443 0.499895 -1.065129
v 0.403223 0.410248 -1.16862
v 0.393807 0.305133 -1.299479
v 0.413128 0.170054 -1.406508
v 0.452239 0.013312 -1.434323
v 0.501561 -0.136311 -1.362245
v 0.554618 -0.251979 -1.218989
v 0.616463 -0.328502 -1.061886
v 0.705414 -0.379963 -0.938009
v 0.839407 -0.4187 -0.857689
v 1.013953 -0.437816 -0.798277
v 1.191662 -0.41551 -0.73017
v 1.317986 -0.33695 -0.641371
v 1.355825 -0.21134 -0.543077
v 1.312477 -0.06654 -0.458055
v 1.235259 0.073625 -0.406544
v 1.176878 0.2064 -0.400691
v 1.157208 0.344026 -0.445611
v 1.151666 0.490573 -0.538545
v 1.114224 0.625663 -0.664005
v 1.42146 0.711296 -1.237761
v 1.190329 0.676543 -1.232676
v 0.837193 0.516302 -1.031877
v 0.537672 0.341181 -0.781044
v 0.408464 0.249279 -0.684767
v 0.462661 0.24789 -0.866532
v 0.631566 0.260562 -1.266225
v 0.81366 0.208077 -1.661958
v 0.916575 0.083367 -1.813168
v 0.887929 -0.04922 -1.624784
v 0.742334 -0.123184 -1.210782
v 0.573055 -0.134559 -0.811276
v 0.520202 -0.137827 -0.628839
v 0.688473 -0.181254 -0.705564
v 1.058729 -0.25119 -0.920991
v 1.467504 -0.283703 -1.093942
v 1.693434 -0.230933 -1.10163
v 1.605375 -0.112232 -0.936814
v 1.264356 0.004549 -0.686642
v 0.893405 0.073621 -0.472007
v 0.72763 0.120152 -0.392438
v 0.852998 0.213607 -0.492232
v 1.153588 0.388295 -0.742085
v 1.402468 0.590716 -1.038375
v 1.422973 0.452564 -1.3537
v 1.25508 0.429616 -1.296062
v 0.949881 0.336352 -1.064841
v 0.669666 0.234928 -0.810472
v 0.549663 0.18185 -0.71043
v 0.629823 0.185376 -0.85588
v 0.845053 0.205977 -1.184311
v 1.067434 0.19624 -1.509918
v 1.173169 0.141881 -1.638396
v 1.104433 0.068062 -1.491399
v 0.901522 0.010345 -1.156046
v 0.68846 -0.017766 -0.82653
v 0.610712 -0.029648 -0.679873
v 0.749765 -0.042569 -0.77038
v 1.062819 -0.054912 -1.008312
v 1.39316 -0.048751 -1.226949
v 1.557539 -0.013626 -1.286345
v 1.461843 0.036671 -1.148672
v 1.167647 0.075463 -0.888842
v 0.858617 0.092811 -0.646323
v 0.724042 0.111301 -0.550714
v 0.837155 0.167166 -0.657066
v 1.111177 0.271095 -0.917107
v 1.360761 0.38686 -1.199267
v 1.026065 0.143477 -1.056884
v 1.026065 0.143477 -1.056884
v 1.026065 0.143477 -1.056884
v 1.026065 0.143477 -1.056884
v 1.026065 0.143477 -1.056884
v 1.026065 0.143477 -1.056884
v 1.026065 0.143477 -1.056884
v 1.026065 0.143477 -1.056884
v 1.026065 0.143477 -1.056884
v 1.026065 0.143477 -1.056884
v 1.026065 0.143477 -1.056884
v 1.026065 0.143477 -1.056884
v 1.026065 0.143477 -1.056884
v 1.026065 0.143477 -1.056884
v 1.026065 0.143477 -1.056884
v 1.026065 0.143477 -1.056884
v 1.026065 0.143477 -1.056884
v 1.026065 0.143477 -1.056884
v 1.026065 0.143477 -1.056884
v 1.026065 0.143477 -1.056884
v 1.026065 0.143477 -1.056884
v 1.026065 0.143477 -1.056884
v 1.026065 0.143477 -1.056884
v 1.026065 0.143477 -1.056884
v -1.816503 0.661984 1.435095
v -1.30698 0.834828 2.117399
v -1.36612 -0.000261 2.085797
v -2.02722 0.32774 1.581499
v -1.607523 0.725658 2.075634
v -1.339517 -0.112515 2.189382
v -1.951713 -0.062726 1.508799
v -1.655966 0.584857 1.744655
v -1.106846 -0.048519 2.027604
v -1.616369 -0.221362 1.3453
v -1.557229 0.613727 1.376902
v -0.896128 0.285726 1.8812
v -1.315826 -0.112192 1.387065
v -1.583831 0.72598 1.273317
v -0.971635 0.676192 1.9539
v -1.267383 0.028609 1.718044
v -1.980212 0.702152 1.281612
v -1.467241 0.874149 1.967149
v -1.51656 0.03665 1.944754
v -2.162962 0.361045 1.454237
v -1.725927 0.75471 1.964626
v -1.440585 -0.087717 2.094628
v -2.038083 -0.041535 1.427825
v -1.732515 0.603639 1.672888
v -1.179946 -0.030583 1.95907
v -1.692917 -0.20258 1.273533
v -1.643598 0.634919 1.295928
v -0.997196 0.310524 1.786446
v -1.434231 -0.083141 1.276056
v -1.719574 0.759286 1.146054
v -1.122075 0.713104 1.812857
v -1.427643 0.06793 1.567795
v -2.140061 0.690402 1.12483
v -1.623722 0.862647 1.81367
v -1.663452 0.025853 1.80068
v -2.295503 0.351303 1.324239
v -1.841539 0.746212 1.851231
v -1.539268 -0.094971 1.997837
v -2.122415 -0.047734 1.34511
v -1.807258 0.598145 1.599578
v -1.251322 -0.035829 1.889063
v -1.767661 -0.208074 1.200223
v -1.727931 0.62872 1.213213
v -1.09588 0.30327 1.689655
v -1.549843 -0.091639 1.162662
v -1.852114 0.749543 1.016056
v -1.268967 0.702306 1.668783
v -1.584124 0.056428 1.414315
v -2.285154 0.627536 0.975433
v -1.765759 0.801105 1.66742
v -1.796784 -0.031917 1.663393
v -2.415809 0.299176 1.200364
v -1.94648 0.700743 1.743178
v -1.628843 -0.133782 1.905606
v -2.198964 -0.0809 1.266292
v -1.875102 0.56875 1.529722
v -1.316109 -0.063901 1.822354
v -1.835505 -0.23747 1.130367
v -1.804479 0.595553 1.134394
v -1.185454 0.264459 1.597423
v -1.654783 -0.137107 1.054609
v -1.97242 0.697417 0.892181
v -1.4023 0.644536 1.531496
v -1.726161 -0.005114 1.268066
v -2.405605 0.517838 0.843603
v -1.883672 0.693718 1.538367
v -1.907472 -0.132724 1.542248
v -2.515683 0.208218 1.091055
v -2.033597 0.621402 1.64783
v -1.703204 -0.201505 1.824219
v -2.262511 -0.138775 1.196741
v -1.931424 0.517456 1.468079
v -1.369894 -0.112884 1.763489
v -1.891826 -0.288764 1.068724
v -1.868026 0.537678 1.064843
v -1.259816 0.196736 1.516037
v -1.741901 -0.216448 0.959261
v -2.072294 0.606459 0.782872
v -1.512987 0.543729 1.410351
v -1.844075 -0.112502 1.139012
v -2.493204 0.368783 0.738323
v -1.969426 0.547803 1.435305
v -1.987971 -0.269698 1.445501
v -2.588317 0.084627 1.00376
v -2.096955 0.513596 1.571685
v -1.757285 -0.293525 1.759224
v -2.308727 -0.217413 1.141197
v -1.972384 0.447759 1.418851
v -1.409009 -0.17944 1.716479
v -1.932787 -0.35846 1.019497
v -1.914242 0.45904 1.0093
v -1.313896 0.104715 1.451041
v -1.805258 -0.324254 0.883116
v -2.144928 0.482868 0.695578
v -1.593487 0.406756 1.313604
v -1.929829 -0.258417 1.03595
v -2.541983 0.190529 0.666768
v -2.017177 0.373304 1.365257
v -2.032796 -0.433503 1.379746
v -2.628763 -0.063175 0.944429
v -2.132235 0.384672 1.519932
v -1.787399 -0.403572 1.715049
v -2.334461 -0.311456 1.103446
v -1.995193 0.36441 1.385393
v -1.43079 -0.259035 1.684528
v -1.955595 -0.44181 0.986038
v -1.939976 0.364997 0.971549
v -1.34401 -0.005331 1.406866
v -1.840538 -0.453178 0.831363
v -2.185374 0.335066 0.636247
v -1.638311 0.24295 1.247849
v -1.97758 -0.432915 0.965902
v -2.548616 -0.004775 0.633814
v -2.023671 0.182114 1.332998
v -2.038892 -0.612977 1.349464
v -2.634263 -0.225114 0.917105
v -2.137032 0.243416 1.496098
v -1.791494 -0.524145 1.694704
v -2.337961 -0.414495 1.086061
v -1.998294 0.273087 1.369984
v -1.433752 -0.346243 1.669813
v -1.958697 -0.533132 0.970629
v -1.943476 0.261959 0.954163
v -1.348105 -0.125904 1.386522
v -1.845336 -0.594434 0.807529
v -2.190874 0.173126 0.608923
v -1.644407 0.063476 1.217566
v -1.984074 -0.624106 0.933643
v -2.512653 -0.203821 0.641707
v -1.988465 -0.012739 1.340725
v -2.005843 -0.795889 1.356717
v -2.604443 -0.390156 0.92365
v -2.111021 0.099454 1.501807
v -1.769291 -0.647028 1.699577
v -2.318987 -0.519507 1.090225
v -1.981478 0.180016 1.373675
v -1.417693 -0.435122 1.673338
v -1.941881 -0.626204 0.97432
v -1.924503 0.156946 0.958328
v -1.325903 -0.248787 1.391395
v -1.819325 -0.738397 0.813238
v -2.161054 0.008084 0.615468
v -1.611359 -0.119436 1.22482
v -1.948868 -0.818959 0.94137
v -2.436543 -0.393044 0.68991
v -1.913958 -0.197976 1.387912
v -1.935902 -0.969775 1.401013
v -2.541335 -0.547053 0.963618
v -2.055974 -0.037404 1.536671
v -1.722304 -0.763846 1.729336
v -2.278833 -0.619337 1.115656
v -1.94589 0.091537 1.396214
v -1.383708 -0.519614 1.694861
v -1.906293 -0.714682 0.996859
v -1.884349 0.057117 0.983759
v -1.278915 -0.365605 1.421153
v -1.764277 -0.875254 0.848101
v -2.097947 -0.148812 0.655436
v -1.541418 -0.293321 1.269116
v -1.874361 -1.004195 0.988557
v -2.325473 -0.559548 0.775137
v -1.805228 -0.360972 1.471344
v -1.833836 -1.122783 1.479332
v -2.44924 -0.685112 1.034286
v -1.975641 -0.15783 1.598312
v -1.653734 -0.866638 1.781951
v -2.220235 -0.707181 1.16062
v -1.893955 0.013682 1.436066
v -1.334113 -0.593962 1.732917
v -1.854358 -0.792538 1.036711
v -1.825751 -0.030727 1.028723
v -1.210346 -0.468398 1.473769
v -1.683945 -0.99568 0.909743
v -2.005852 -0.286872 0.726103
v -1.439351 -0.446329 1.347435
v -1.765631 -1.167192 1.071989
v -2.187013 -0.691986 0.89158
v -1.669685 -0.490621 1.585334
v -1.706599 -1.244486 1.586337
v -2.334434 -0.794925 1.130836
v -1.875499 -0.253617 1.682531
v -1.568255 -0.9484 1.853839
v -2.147187 -0.777052 1.222053
v -1.829213 -0.048245 1.490513
v -1.272287 -0.653099 1.784912
v -1.789615 -0.854465 1.091158
v -1.752702 -0.100599 1.090156
v -1.124866 -0.55016 1.545656
v -1.583802 -1.091468 0.993961
v -1.891046 -0.396685 0.822654
v -1.312114 -0.568033 1.45444
v -1.630088 -1.29684 1.185979
v -2.030599 -0.781334 1.031304
v -1.516566 -0.578086 1.722115
v -1.562862 -1.326592 1.714736
v -2.204741 -0.869009 1.24669
v -1.76237 -0.318239 1.783588
v -1.471691 -1.00356 1.940099
v -2.064666 -0.82419 1.295768
v -1.756075 -0.090023 1.555847
v -1.202445 -0.692995 1.847302
v -1.716478 -0.896243 1.156492
v -1.670181 -0.147737 1.163871
v -1.028302 -0.605319 1.631916
v -1.470673 -1.156089 1.095019
v -1.761352 -0.470769 0.938508
v -1.168378 -0.650138 1.582838
v -1.476969 -1.384305 1.32276
v -1.866889 -0.821501 1.184787
v -1.356305 -0.617407 1.872364
v -1.412422 -1.363503 1.855778
v -2.068999 -0.902315 1.373953
v -1.643965 -0.347291 1.894596
v -1.370624 -1.028358 2.034853
v -1.978296 -0.845382 1.376742
v -1.679526 -0.108805 1.627614
v -1.129344 -0.710931 1.915836
v -1.639929 -0.915025 1.228259
v -1.583812 -0.168928 1.244845
v -0.927235 -0.630117 1.72667
v -1.352269 -1.185141 1.206027
v -1.62561 -0.504074 1.06577
v -1.017938 -0.68705 1.723881
v -1.316708 -1.423627 1.473009
v -1.707041 -0.809752 1.341569
v -1.199824 -0.605905 2.025844
v -1.26553 -1.352706 1.999852
v -1.936458 -0.892572 1.503951
v -1.528353 -0.338793 2.007991
v -1.27194 -1.021104 2.131643
v -1.893964 -0.839183 1.459457
v -1.604783 -0.103311 1.700923
v -1.057968 -0.705684 1.985843
v -1.565186 -0.909531 1.301568
v -1.499479 -0.16273 1.32756
v -0.828551 -0.622863 1.823461
v -1.236656 -1.176643 1.319421
v -1.49307 -0.494332 1.195769
v -0.871046 -0.676253 1.867955
v -1.160227 -1.412125 1.626489
v -1.561948 -0.746885 1.490966
v -1.057787 -0.544363 2.172093
v -1.132198 -1.294936 2.137139
v -1.816152 -0.840446 1.627826
v -1.423413 -0.293324 2.116044
v -1.182365 -0.982293 2.223875
v -1.817416 -0.806016 1.538276
v -1.536939 -0.073915 1.77078
v -0.993181 -0.677613 2.052552
v -1.497341 -0.880135 1.371425
v -1.422931 -0.129563 1.406379
v -0.738977 -0.584052 1.915692
v -1.131716 -1.131174 1.427474
v -1.372763 -0.442205 1.319643
v -0.737713 -0.618482 2.005242
v -1.01819 -1.350583 1.772738
v -1.441497 -0.637187 1.622796
v -0.939874 -0.436976 2.301147
v -1.02151 -1.194129 2.258284
v -1.716279 -0.749488 1.737135
v -1.336295 -0.213983 2.211392
v -1.108004 -0.91457 2.305262
v -1.753868 -0.748141 1.607827
v -1.480617 -0.022622 1.832422
v -0.939396 -0.62863 2.111418
v -1.44102 -0.828841 1.433067
v -1.359384 -0.071688 1.47593
v -0.664615 -0.516329 1.997079
v -1.044599 -1.051834 1.522822
v -1.27289 -0.351247 1.428952
v -0.627025 -0.517675 2.126387
v -0.900277 -1.243195 1.901792
v -1.353898 -0.488132 1.728076
v -0.85412 -0.291061 2.404209
v -0.941011 -1.057155 2.355031
v -1.643644 -0.625897 1.82443
v -1.272938 -0.106177 2.287537
v -1.053924 -0.822549 2.370257
v -1.707653 -0.669503 1.66337
v -1.439657 0.047075 1.88165
v -0.900281 -0.562073 2.158428
v -1.400059 -0.759145 1.482295
v -1.313168 0.00695 1.531473
v -0.610535 -0.424309 2.062075
v -0.981241 -0.944028 1.598967
v -1.200255 -0.227656 1.516247
v -0.546526 -0.380702 2.223134
v -0.814522 -1.09728 2.004854
v -1.305119 -0.309878 1.799631
v -0.806369 -0.116562 2.474257
v -0.896186 -0.89335 2.420786
v -1.603199 -0.478095 1.88376
v -1.237658 0.022747 2.33929
v -1.02381 -0.712503 2.414432
v -1.681918 -0.57546 1.701121
v -1.416848 0.130424 1.915108
v -0.8785 -0.482479 2.190379
v -1.377251 -0.675795 1.515753
v -1.287433 0.100993 1.569224
v -0.580421 -0.314262 2.10625
v -0.945961 -0.815104 1.65072
v -1.15981 -0.079854 1.575578
v -0.501701 -0.216897 2.288889
v -0.766771 -0.922782 2.074902
v -1.298486 -0.114574 1.832585
v -0.799875 0.074628 2.506516
v -0.89009 -0.713876 2.451069
v -1.597698 -0.316155 1.911084
v -1.23286 0.164003 2.363124
v -1.019714 -0.59193 2.434776
v -1.678418 -0.472422 1.718507
v -1.413746 0.221747 1.930517
v -0.875538 -0.395271 2.205093
v -1.374149 -0.584473 1.531162
v -1.283934 0.204031 1.58661
v -0.576326 -0.193689 2.126594
v -0.941164 -0.673847 1.674554
v -1.154309 0.082085 1.602902
v -0.495605 -0.037423 2.319172
v -0.760277 -0.731591 2.107161
v -1.334449 0.084472 1.824692
v -0.835081 0.269481 2.498789
v -0.923139 -0.530963 2.443815
v -1.627518 -0.151113 1.904539
v -1.258871 0.307965 2.357415
v -1.041917 -0.469047 2.429903
v -1.697392 -0.367409 1.714342
v -1.430563 0.314819 1.926826
v -0.891597 -0.306392 2.201569
v -1.390965 -0.491401 1.527471
v -1.302907 0.309044 1.582445
v -0.598528 -0.070806 2.121721
v -0.967175 -0.529885 1.668845
v -1.184129 0.247127 1.596357
v -0.528654 0.14549 2.311918
v -0.795484 -0.536738 2.099434
v -1.410559 0.273695 1.776489
v -0.909587 0.454718 2.451602
v -0.99308 -0.357078 2.399519
v -1.690626 0.005783 1.864571
v -1.313919 0.444823 2.322552
v -1.088904 -0.352229 2.400145
v -1.737546 -0.26758 1.688912
v -1.466151 0.403297 1.904287
v -0.925582 -0.221899 2.180045
v -1.426554 -0.402923 1.504932
v -1.343061 0.408874 1.557014
v -0.645515 0.046012 2.091962
v -1.022222 -0.393028 1.633982
v -1.247237 0.404024 1.556389
v -0.598595 0.319375 2.267622
v -0.86999 -0.351502 2.052247
v -1.521629 0.440199 1.691262
v -1.018317 0.617714 2.36817
v -1.095146 -0.20407 2.3212
v -1.782721 0.143843 1.793904
v -1.394251 0.565249 2.26091
v -1.157474 -0.249436 2.347529
v -1.796144 -0.179736 1.643948
v -1.518086 0.481153 1.864436
v -0.975177 -0.147551 2.141989
v -1.478489 -0.325067 1.465081
v -1.401659 0.496718 1.51205
v -0.714085 0.148805 2.039347
v -1.102555 -0.272602 1.572341
v -1.339332 0.542083 1.485722
v -0.700662 0.472383 2.189303
v -0.97872 -0.188505 1.968815
v -1.660089 0.572637 1.574819
v -1.15386 0.747363 2.25418
v -1.222383 -0.082367 2.214195
v -1.897527 0.253656 1.697354
v -1.494394 0.661036 2.176691
v -1.242953 -0.167674 2.275642
v -1.869192 -0.109864 1.582515
v -1.582828 0.543079 1.809988
v -1.037003 -0.088414 2.089994
v -1.543231 -0.26314 1.410633
v -1.474708 0.566589 1.450618
v -0.799565 0.230567 1.967459
v -1.202697 -0.176814 1.488122
v -1.454138 0.651897 1.389171
v -0.827899 0.594087 2.082298
v -1.114263 -0.058857 1.854825

vt 0.0221 0.2468
vt 0.0221 0.2468
vt 0.0221 0.2468
vt 0.0221 0.2468
vt 0.0221 0.2468
vt 0.0221 0.2468
vt 0.0221 0.2468
vt 0.0221 0.2468
vt 0.0221 0.2468
vt 0.0221 0.2468
vt 0.0221 0.2468
vt 0.0221 0.2468
vt 0.0221 0.2468
vt 0.0221 0.2468
vt 0.0221 0.2468
vt 0.0221 0.2468
vt 0.0221 0.2468
vt 0.0221 0.2468
vt 0.0221 0.2468
vt 0.0221 0.2468
vt 0.0221 0.2468
vt 0.0221 0.2468
vt 0.0221 0.2468
vt 0.0221 0.2468
vt 0.9923 0.2331
vt 0.991 0.2459
vt 0.9918 0.2586
vt 0.9944 0.2703
vt 0.9986 0.2803
vt 0.004 0.2881
vt 0.0103 0.2932
vt 0.0171 0.2955
vt 0.0243 0.2948
vt 0.0314 0.2912
vt 0.0381 0.2849
vt 0.0441 0.2762
vt 0.049 0.2656
vt 0.0525 0.2537
vt 0.0542 0.2412
vt 0.0537 0.2289
vt 0.0509 0.2177
vt 0.0456 0.2083
vt 0.0381 0.2016
vt 0.0289 0.1984
vt 0.0192 0.1989
vt 0.0098 0.2032
vt 0.0018 0.2108
vt 0.9959 0.2211
vt 0.9588 0.2253
vt 0.959 0.2514
vt 0.9629 0.2764
vt 0.9696 0.2989
vt 0.9784 0.3178
vt 0.9889 0.3322
vt 0.0006 0.3416
vt 0.0131 0.3457
vt 0.026 0.3443
vt 0.0391 0.3376
vt 0.0517 0.3257
vt 0.0634 0.3094
vt 0.0738 0.2894
vt 0.0823 0.2667
vt 0.088 0.2424
vt 0.09 0.2177
vt 0.0872 0.1941
vt 0.0783 0.1734
vt 0.0623 0.1575
vt 0.0398 0.1489
vt 0.0144 0.1495
vt 0.9912 0.1594
vt 0.9738 0.177
vt 0.9633 0.1998
vt 0.9214 0.225
vt 0.9264 0.2642
vt 0.9351 0.3008
vt 0.9466 0.333
vt 0.9602 0.3598
vt 0.9754 0.38
vt 0.9919 0.3932
vt 0.0095 0.399
vt 0.0276 0.397
vt 0.046 0.3874
vt 0.0641 0.3707
vt 0.0814 0.3475
vt 0.0975 0.3189
vt 0.1116 0.2864
vt 0.1231 0.2514
vt 0.1309 0.2153
vt 0.1331 0.1795
vt 0.1264 0.1456
vt 0.1049 0.1165
vt 0.0621 0.0979
vt 0.0047 0.0973
vt 0.9578 0.116
vt 0.9321 0.1475
vt 0.9221 0.1852
vt 0.8808 0.2348
vt 0.8932 0.2858
vt 0.9079 0.3326
vt 0.9245 0.3735
vt 0.9427 0.4071
vt 0.9625 0.4326
vt 0.9836 0.4492
vt 0.006 0.4566
vt 0.0292 0.4544
vt 0.0528 0.4425
vt 0.0762 0.4213
vt 0.099 0.3918
vt 0.1207 0.3554
vt 0.1409 0.3141
vt 0.1591 0.2699
vt 0.1748 0.2244
vt 0.1871 0.1786
vt 0.1937 0.1331
vt 0.1871 0.0885
vt 0.1353 0.049
vt 0.9676 0.0417
vt 0.8844 0.0795
vt 0.8693 0.1292
vt 0.8718 0.1819
vt 0.8388 0.2577
vt 0.8598 0.3178
vt 0.8808 0.373
vt 0.9024 0.4211
vt 0.9251 0.4607
vt 0.9493 0.4907
vt 0.9751 0.5106
vt 0.0024 0.5199
vt 0.0308 0.5179
vt 0.0599 0.5043
vt 0.0889 0.4793
vt 0.1172 0.4439
vt 0.1444 0.4002
vt 0.1703 0.3512
vt 0.1949 0.2995
vt 0.2187 0.2475
vt 0.2425 0.1961
vt 0.268 0.1455
vt 0.3005 0.0955
vt 0.3654 0.0474
vt 0.6209 0.0298
vt 0.7499 0.0762
vt 0.7903 0.1342
vt 0.8166 0.1955
vt 0.798 0.2959
vt 0.8266 0.3616
vt 0.8532 0.4228
vt 0.8794 0.4763
vt 0.9065 0.5205
vt 0.935 0.5546
vt 0.9656 0.5778
vt 0.9982 0.5894
vt 0.0326 0.5884
vt 0.0679 0.5739
vt 0.103 0.5457
vt 0.137 0.5051
vt 0.1694 0.4547
vt 0.2001 0.3988
vt 0.2298 0.3414
vt 0.2595 0.2855
vt 0.2911 0.2327
vt 0.3279 0.1838
vt 0.3766 0.1401
vt 0.4502 0.1067
vt 0.5561 0.097
vt 0.6555 0.1212
vt 0.721 0.1696
vt 0.7647 0.2301
vt 0.7604 0.3494
vt 0.7938 0.4169
vt 0.8246 0.481
vt 0.8547 0.5378
vt 0.8855 0.5855
vt 0.9183 0.6231
vt 0.9541 0.6498
vt 0.9931 0.6644
vt 0.0349 0.6652
vt 0.0779 0.6506
vt 0.1201 0.6198
vt 0.1598 0.5744
vt 0.1965 0.518
vt 0.2306 0.4564
vt 0.2631 0.3948
vt 0.2956 0.3371
vt 0.33 0.2852
vt 0.369 0.2403
vt 0.416 0.2038
vt 0.4745 0.1795
vt 0.5437 0.1733
vt 0.6136 0.1902
vt 0.6736 0.2291
vt 0.7214 0.2846
vt 0.7266 0.4141
vt 0.7618 0.4799
vt 0.7947 0.5439
vt 0.8271 0.602
vt 0.8607 0.6521
vt 0.8974 0.6932
vt 0.9388 0.7241
vt 0.9861 0.7427
vt 0.0382 0.746
vt 0.0917 0.7311
vt 0.1422 0.6974
vt 0.1872 0.6473
vt 0.2266 0.5859
vt 0.2618 0.5201
vt 0.2947 0.4561
vt 0.3271 0.398
vt 0.3607 0.3479
vt 0.3974 0.3068
vt 0.4388 0.2759
vt 0.4861 0.2573
vt 0.5382 0.254
vt 0.5917 0.2689
vt 0.6422 0.3026
vt 0.6872 0.3527
vt 0.6965 0.482
vt 0.7306 0.5436
vt 0.7631 0.6052
vt 0.7956 0.6629
vt 0.83 0.7148
vt 0.869 0.7597
vt 0.916 0.7962
vt 0.9745 0.8205
vt 0.0437 0.8267
vt 0.1136 0.8098
vt 0.1736 0.7709
vt 0.2214 0.7154
vt 0.2604 0.6506
vt 0.2938 0.5831
vt 0.3246 0.519
vt 0.3547 0.4622
vt 0.3855 0.4145
vt 0.4183 0.3769
vt 0.4541 0.3502
vt 0.4931 0.3356
vt 0.5349 0.3348
vt 0.5779 0.3494
vt 0.6201 0.3802
vt 0.6598 0.4256
vt 0.6694 0.5453
vt 0.7001 0.6012
vt 0.7298 0.6586
vt 0.7595 0.7145
vt 0.7911 0.7673
vt 0.8279 0.8162
vt 0.8766 0.8599
vt 0.9502 0.8933
vt 0.0561 0.903
vt 0.1555 0.8788
vt 0.221 0.8304
vt 0.2647 0.7699
vt 0.298 0.7041
vt 0.3266 0.6384
vt 0.3532 0.5772
vt 0.3794 0.5237
vt 0.4065 0.4795
vt 0.435 0.4454
vt 0.4656 0.4222
vt 0.4982 0.4106
vt 0.5326 0.4116
vt 0.5679 0.4261
vt 0.603 0.4543
vt 0.637 0.4949
vt 0.6444 0.5998
vt 0.6703 0.6488
vt 0.6949 0.7005
vt 0.7187 0.7525
vt 0.7425 0.8039
vt 0.768 0.8545
vt 0.8005 0.9045
vt 0.8654 0.9526
vt 0.1209 0.9702
vt 0.2499 0.9238
vt 0.2903 0.8658
vt 0.3166 0.8045
vt 0.3388 0.7423
vt 0.3598 0.6822
vt 0.3808 0.627
vt 0.4024 0.5789
vt 0.4251 0.5393
vt 0.4493 0.5093
vt 0.4751 0.4894
vt 0.5024 0.4801
vt 0.5308 0.4821
vt 0.5599 0.4957
vt 0.5889 0.5207
vt 0.6172 0.5561
vt 0.6207 0.6446
vt 0.6409 0.6859
vt 0.6591 0.7301
vt 0.6748 0.7756
vt 0.6871 0.8214
vt 0.6937 0.8669
vt 0.6871 0.9115
vt 0.6353 0.951
vt 0.4676 0.9583
vt 0.3844 0.9205
vt 0.3693 0.8708
vt 0.3718 0.8181
vt 0.3808 0.7652
vt 0.3932 0.7142
vt 0.4079 0.6674
vt 0.4245 0.6265
vt 0.4427 0.5929
vt 0.4625 0.5674
vt 0.4836 0.5508
vt 0.506 0.5434
vt 0.5292 0.5456
vt 0.5528 0.5575
vt 0.5762 0.5787
vt 0.599 0.6082
vt 0.5975 0.6811
vt 0.6116 0.7136
vt 0.6231 0.7486
vt 0.6309 0.7847
vt 0.6331 0.8205
vt 0.6264 0.8544
vt 0.6049 0.8835
vt 0.5621 0.9021
vt 0.5047 0.9027
vt 0.4578 0.884
vt 0.4321 0.8525
vt 0.4221 0.8148
vt 0.4214 0.775
vt 0.4264 0.7358
vt 0.4351 0.6992
vt 0.4466 0.667
vt 0.4602 0.6402
vt 0.4754 0.62
vt 0.4919 0.6068
vt 0.5095 0.601
vt 0.5276 0.603
vt 0.546 0.6126
vt 0.5641 0.6293
vt 0.5814 0.6525
vt 0.5738 0.7106
vt 0.5823 0.7333
vt 0.588 0.7576
vt 0.59 0.7823
vt 0.5872 0.8059
vt 0.5783 0.8266
vt 0.5623 0.8425
vt 0.5398 0.8511
vt 0.5144 0.8505
vt 0.4912 0.8406
vt 0.4738 0.823
vt 0.4633 0.8002
vt 0.4588 0.7747
vt 0.459 0.7486
vt 0.4629 0.7236
vt 0.4696 0.7011
vt 0.4784 0.6822
vt 0.4889 0.6678
vt 0.5006 0.6584
vt 0.5131 0.6543
vt 0.526 0.6557
vt 0.5391 0.6624
vt 0.5517 0.6743
vt 0.5634 0.6906
vt 0.549 0.7344
vt 0.5525 0.7463
vt 0.5542 0.7588
vt 0.5537 0.7711
vt 0.5509 0.7823
vt 0.5456 0.7917
vt 0.5381 0.7984
vt 0.5289 0.8016
vt 0.5192 0.8011
vt 0.5098 0.7968
vt 0.5018 0.7892
vt 0.4959 0.7789
vt 0.4923 0.7669
vt 0.491 0.7541
vt 0.4918 0.7414
vt 0.4944 0.7297
vt 0.4986 0.7197
vt 0.504 0.7119
vt 0.5103 0.7068
vt 0.5171 0.7045
vt 0.5243 0.7052
vt 0.5314 0.7088
vt 0.5381 0.7151
vt 0.5441 0.7238
vt 0.5221 0.7532
vt 0.5221 0.7532
vt 0.5221 0.7532
vt 0.5221 0.7532
vt 0.5221 0.7532
vt 0.5221 0.7532
vt 0.5221 0.7532
vt 0.5221 0.7532
vt 0.5221 0.7532
vt 0.5221 0.7532
vt 0.5221 0.7532
vt 0.5221 0.7532
vt 0.5221 0.7532
vt 0.5221 0.7532
vt 0.5221 0.7532
vt 0.5221 0.7532
vt 0.5221 0.7532
vt 0.5221 0.7532
vt 0.5221 0.7532
vt 0.5221 0.7532
vt 0.5221 0.7532
vt 0.5221 0.7532
vt 0.5221 0.7532
vt 0.5221 0.7532
vt 0.9444 0.2967
vt 0.9095 0.2012
vt 0.0 0.1846
vt 0.9745 0.2911
vt 0.9325 0.2242
vt 0.0133 0.1753
vt 0.0051 0.2906
vt 0.946 0.2511
vt 0.007 0.1592
vt 0.0217 0.2805
vt 0.9402 0.2809
vt 0.9509 0.1476
vt 0.0135 0.2422
vt 0.9316 0.2991
vt 0.9032 0.1734
vt 0.9964 0.2023
vt 0.9458 0.3256
vt 0.9145 0.2276
vt 0.9962 0.2109
vt 0.9737 0.3136
vt 0.9344 0.2433
vt 0.0097 0.192
vt 0.0032 0.3055
vt 0.9466 0.2647
vt 0.0041 0.1726
vt 0.019 0.2958
vt 0.9413 0.2981
vt 0.952 0.1684
vt 0.0092 0.2688
vt 0.9338 0.3257
vt 0.9099 0.2014
vt 0.9924 0.2353
vt 0.9503 0.3524
vt 0.9223 0.2522
vt 0.9975 0.2374
vt 0.9758 0.335
vt 0.9387 0.2613
vt 0.0098 0.2093
vt 0.0036 0.3202
vt 0.9491 0.2776
vt 0.0046 0.1863
vt 0.0186 0.3111
vt 0.9445 0.3144
vt 0.957 0.1885
vt 0.0094 0.2954
vt 0.9388 0.3503
vt 0.9195 0.2277
vt 0.9943 0.2681
vt 0.9573 0.3757
vt 0.9322 0.2739
vt 0.0028 0.2623
vt 0.9804 0.3542
vt 0.945 0.2771
vt 0.013 0.2257
vt 0.0059 0.3338
vt 0.9531 0.289
vt 0.0077 0.1993
vt 0.0205 0.3255
vt 0.9493 0.3287
vt 0.9651 0.2069
vt 0.0132 0.3199
vt 0.9459 0.3717
vt 0.9314 0.2512
vt 0.0005 0.2983
vt 0.9663 0.3949
vt 0.9438 0.2919
vt 0.0111 0.284
vt 0.9869 0.3701
vt 0.9528 0.2901
vt 0.0187 0.2402
vt 0.0097 0.3454
vt 0.9583 0.2984
vt 0.0131 0.2107
vt 0.0241 0.3379
vt 0.9554 0.3405
vt 0.9753 0.2226
vt 0.0197 0.3408
vt 0.9547 0.3893
vt 0.9451 0.2708
vt 0.0097 0.3241
vt 0.9766 0.4093
vt 0.9568 0.3051
vt 0.0215 0.3013
vt 0.9948 0.3823
vt 0.9618 0.2997
vt 0.0263 0.252
vt 0.0149 0.3544
vt 0.9645 0.3053
vt 0.0202 0.22
vt 0.0292 0.3477
vt 0.9625 0.3492
vt 0.9873 0.2347
vt 0.0283 0.3572
vt 0.9648 0.4025
vt 0.9602 0.2855
vt 0.0212 0.3444
vt 0.9881 0.4186
vt 0.9709 0.3131
vt 0.0334 0.3135
vt 0.0038 0.3902
vt 0.9716 0.3053
vt 0.0353 0.2605
vt 0.0211 0.3605
vt 0.9712 0.3092
vt 0.0285 0.2267
vt 0.0354 0.3545
vt 0.9704 0.3544
vt 0.0006 0.2427
vt 0.0384 0.3684
vt 0.9758 0.4108
vt 0.9766 0.2945
vt 0.0343 0.3583
vt 0.0003 0.4224
vt 0.9857 0.3152
vt 0.0465 0.3202
vt 0.0136 0.3937
vt 0.9819 0.3065
vt 0.0453 0.2654
vt 0.0279 0.3634
vt 0.9784 0.3101
vt 0.0377 0.2303
vt 0.0423 0.358
vt 0.9787 0.3559
vt 0.0148 0.2462
vt 0.0496 0.3744
vt 0.9874 0.414
vt 0.9939 0.2972
vt 0.0485 0.3657
vt 0.0129 0.4207
vt 0.001 0.3112
vt 0.0601 0.3213
vt 0.0237 0.3926
vt 0.9925 0.3033
vt 0.0558 0.2664
vt 0.0351 0.3631
vt 0.9856 0.3077
vt 0.0474 0.2308
vt 0.0496 0.3582
vt 0.987 0.3534
vt 0.0295 0.2451
vt 0.0614 0.375
vt 0.9994 0.4117
vt 0.0118 0.2935
vt 0.0633 0.3666
vt 0.0255 0.4132
vt 0.0164 0.3011
vt 0.0739 0.3172
vt 0.0337 0.387
vt 0.0029 0.2957
vt 0.0664 0.2636
vt 0.0422 0.3595
vt 0.9925 0.3021
vt 0.0572 0.2283
vt 0.0571 0.3551
vt 0.9952 0.3469
vt 0.0443 0.2395
vt 0.0733 0.3706
vt 0.0113 0.4038
vt 0.0299 0.2835
vt 0.0783 0.3615
vt 0.0376 0.4002
vt 0.0314 0.2854
vt 0.0874 0.3082
vt 0.0434 0.3771
vt 0.0127 0.284
vt 0.0768 0.2574
vt 0.0491 0.3529
vt 0.9989 0.2935
vt 0.0667 0.2229
vt 0.0643 0.3489
vt 0.0027 0.3367
vt 0.0588 0.2298
vt 0.085 0.3614
vt 0.0226 0.3905
vt 0.0479 0.2678
vt 0.093 0.3508
vt 0.0488 0.382
vt 0.0455 0.2648
vt 0.1003 0.295
vt 0.0522 0.3631
vt 0.0214 0.2687
vt 0.0866 0.2482
vt 0.0553 0.3436
vt 0.0042 0.2824
vt 0.0755 0.215
vt 0.0709 0.3399
vt 0.0091 0.3231
vt 0.0724 0.2167
vt 0.096 0.3482
vt 0.0329 0.3719
vt 0.065 0.2473
vt 0.107 0.3352
vt 0.0585 0.3591
vt 0.058 0.2406
vt 0.112 0.2783
vt 0.0598 0.3458
vt 0.0284 0.2506
vt 0.0953 0.2364
vt 0.0604 0.332
vt 0.0082 0.2694
vt 0.0832 0.2051
vt 0.0766 0.3286
vt 0.014 0.3069
vt 0.0847 0.201
vt 0.106 0.3314
vt 0.0416 0.3487
vt 0.0808 0.2233
vt 0.1198 0.3158
vt 0.066 0.3325
vt 0.068 0.214
vt 0.1222 0.2589
vt 0.0655 0.326
vt 0.0331 0.2309
vt 0.1024 0.2228
vt 0.0643 0.3188
vt 0.0103 0.2553
vt 0.0894 0.1937
vt 0.081 0.3156
vt 0.0169 0.2888
vt 0.095 0.1833
vt 0.1145 0.3119
vt 0.0479 0.3219
vt 0.0945 0.197
vt 0.1312 0.2932
vt 0.0705 0.3035
vt 0.0744 0.1865
vt 0.1303 0.2378
vt 0.0687 0.3045
vt 0.0347 0.2108
vt 0.1077 0.2079
vt 0.0664 0.3046
vt 0.0102 0.2411
vt 0.0936 0.1813
vt 0.0838 0.3016
vt 0.0172 0.2703
vt 0.1026 0.1645
vt 0.121 0.2905
vt 0.0509 0.2931
vt 0.1051 0.1698
vt 0.1405 0.2685
vt 0.071 0.2737
vt 0.0756 0.1595
vt 0.1357 0.2157
vt 0.069 0.2826
vt 0.0323 0.1916
vt 0.1103 0.1925
vt 0.0664 0.2904
vt 0.0076 0.2277
vt 0.0953 0.1687
vt 0.0846 0.2873
vt 0.0145 0.2525
vt 0.1064 0.1455
vt 0.125 0.2681
vt 0.0496 0.2641
vt 0.111 0.1425
vt 0.1472 0.2425
vt 0.0662 0.2453
vt 0.0693 0.1347
vt 0.1374 0.1935
vt 0.0655 0.262
vt 0.0253 0.1748
vt 0.1098 0.1774
vt 0.0642 0.277
vt 0.0024 0.2163
vt 0.0939 0.1565
vt 0.0831 0.2735
vt 0.0084 0.2371
vt 0.1051 0.127
vt 0.1255 0.2457
vt 0.0429 0.2374
vt 0.1098 0.1163
vt 0.1502 0.2162
vt 0.0551 0.221
vt 0.0523 0.1143
vt 0.1342 0.1722
vt 0.0579 0.2442
vt 0.0132 0.1621
vt 0.1055 0.1635
vt 0.0595 0.2655
vt 0.9948 0.208
vt 0.0888 0.1455
vt 0.0791 0.2614
vt 0.9992 0.2256
vt 0.0967 0.1102
vt 0.1219 0.2245
vt 0.0298 0.2159
vt 0.0968 0.0927
vt 0.1484 0.1904
vt 0.0371 0.2039
vt 0.0228 0.1013
vt 0.1247 0.1533
vt 0.0461 0.2312
vt 0.9971 0.1549
vt 0.0968 0.1518
vt 0.0525 0.257
vt 0.9854 0.2034
vt 0.0799 0.1366
vt 0.0726 0.2519
vt 0.9875 0.2192
vt 0.079 0.0967
vt 0.1132 0.2061
vt 0.0109 0.2023
vt 0.0649 0.0746
vt 0.1397 0.1669
vt 0.014 0.1968
vt 0.9852 0.0987
vt 0.1076 0.1387
vt 0.0311 0.2247
vt 0.979 0.1542
vt 0.0837 0.1436
vt 0.0437 0.2523
vt 0.9752 0.203
vt 0.0675 0.1308
vt 0.064 0.246
vt 0.9749 0.2185
vt 0.0516 0.0886
vt 0.0989 0.1925
vt 0.9887 0.199
vt 0.012 0.0672
vt 0.1219 0.1478
vt 0.9899 0.2013
vt 0.9503 0.1075
vt 0.0831 0.1308
vt 0.0147 0.2258
vt 0.9618 0.16
vt 0.0673 0.1399
vt 0.0339 0.2521
vt 0.9655 0.2069
vt 0.0527 0.1288
vt 0.054 0.2445
vt 0.9629 0.2235
vt 0.0187 0.0881
vt 0.0798 0.1859
vt 0.9673 0.2064
vt 0.9573 0.0741
vt 0.0945 0.1365
vt 0.9695 0.2165
vt 0.9262 0.1252
vt 0.0549 0.1319
vt 0.9995 0.2344
vt 0.948 0.1714
vt 0.0498 0.1416
vt 0.0243 0.2564
vt 0.9573 0.2145
vt 0.0374 0.131
vt 0.0438 0.2476
vt 0.953 0.2336
vt 0.9887 0.0955
vt 0.0584 0.188
vt 0.9501 0.2228
vt 0.922 0.0925
vt 0.0611 0.1365
vt 0.9552 0.2396
vt 0.9132 0.1483
vt 0.0293 0.1424
vt 0.9872 0.2495
vt 0.9387 0.1869
vt 0.0338 0.1487
vt 0.0159 0.2649
vt 0.9512 0.225
vt 0.0239 0.1374
vt 0.0344 0.2552
vt 0.9458 0.2473
vt 0.9673 0.1093
vt 0.0386 0.1991
vt 0.9388 0.2456
vt 0.9056 0.1173
vt 0.0303 0.1492
vt 0.9471 0.2673
vt 0.9085 0.1743
vt 0.0107 0.1609
vt 0.9789 0.2691
vt 0.9337 0.205
vt 0.0213 0.1603
vt 0.0093 0.2766
vt 0.9474 0.2375
vt 0.0135 0.1471
vt 0.0269 0.2665
vt 0.9416 0.2636
vt 0.9553 0.1274
vt 0.0232 0.218
vt 0.9329 0.2718
vt 0.9009 0.1449
vt 0.0084 0.1724

vn -0.001305 0.90369 -0.428186
vn 0.756812 0.596977 0.266185
vn 0.787201 0.280325 0.549302
vn 0.739501 0.286177 0.609295
vn 0.785292 0.188666 0.589679
vn 0.014391 -0.956122 -0.292614
vn -0.06671 -0.943173 -0.325538
vn -0.012356 -0.930459 -0.366188
vn -0.060604 -0.722535 -0.688673
vn -0.311385 0.462693 -0.830033
vn -0.363648 0.787513 -0.497578
vn -0.426212 0.782123 -0.454561
vn -0.347532 0.840316 -0.416041
vn 0.719653 0.408557 0.56141
vn 0.731274 0.313831 0.605598
vn 0.772881 0.327699 0.543387
vn 0.94581 -0.04594 0.321453
vn 0.337928 -0.883774 -0.323649
vn -0.041008 -0.918867 -0.392431
vn -0.083399 -0.936421 -0.340823
vn -0.118642 -0.902301 -0.414461
vn -0.462155 0.693353 -0.552879
vn -0.440758 0.763681 -0.471724
vn -0.388183 0.755857 -0.527251
vn 0.427667 0.620311 -0.657507
vn 0.907237 0.094504 0.409867
vn 0.803488 0.188999 0.564523
vn 0.757533 0.305102 0.57711
vn 0.882258 -0.382805 0.274009
vn -0.073924 -0.917542 -0.390707
vn -0.034807 -0.934016 -0.355532
vn 0.106342 -0.925332 -0.363941
vn 0.347744 -0.372015 -0.860627
vn -0.136524 0.869164 -0.475305
vn -0.323905 0.840296 -0.434728
vn -0.406538 0.771193 -0.489886
vn 0.152707 0.968585 -0.196275
vn 0.7791 0.252156 0.573952
vn 0.760798 0.317296 0.566135
vn 0.785896 0.423541 0.450534
vn 0.967692 -0.005191 -0.252082
vn -0.040662 -0.811635 -0.582748
vn -0.099818 -0.895529 -0.433665
vn -0.049295 -0.9336 -0.354911
vn -0.244957 -0.543306 -0.803003
vn -0.370031 0.804958 -0.463809
vn -0.403684 0.763107 -0.504685
vn -0.362548 0.675889 -0.641664
vn 0.240846 -0.821701 -0.516528
vn 0.799822 -0.513143 0.3114
vn 0.864171 0.035203 0.501966
vn 0.799924 0.503388 0.326683
vn 0.374599 0.306667 -0.875004
vn -0.094207 -0.711743 -0.696094
vn 0.102593 -0.913651 -0.393341
vn 0.516334 -0.851957 -0.086995
vn 0.894443 0.380716 0.234577
vn 0.158634 0.985244 -0.064254
vn -0.188427 0.905093 -0.381185
vn -0.300107 0.579975 -0.757341
vn 0.634407 -0.35966 -0.684232
vn 0.938296 -0.087397 0.334609
vn 0.807483 0.396535 0.436727
vn 0.554574 0.80965 0.19213
vn -0.137319 0.655442 -0.742657
vn -0.368038 -0.481844 -0.79522
vn -0.138525 -0.823709 -0.549832
vn 0.241029 -0.894455 -0.376637
vn 0.867146 0.323228 -0.378921
vn 0.004387 0.919774 -0.392423
vn -0.330952 0.695952 -0.637276
vn -0.419141 0.119954 -0.899962
vn -0.077312 -0.981039 -0.17772
vn 0.223912 -0.974585 0.006965
vn 0.82465 -0.533371 -0.188328
vn 0.531039 0.445973 -0.72049
vn 0.260266 0.37057 -0.891594
vn 0.333652 -0.019758 -0.942489
vn 0.849857 -0.46438 -0.249185
vn 0.799824 -0.028531 0.599556
vn 0.606842 0.413904 0.678548
vn 0.483255 0.725858 0.489485
vn 0.55512 0.803351 -0.215567
vn 0.500554 -0.229718 -0.834671
vn 0.583475 -0.486479 -0.650304
vn 0.835777 -0.257939 -0.48471
vn 0.581729 0.759196 -0.291912
vn -0.246148 0.929914 -0.27326
vn -0.591826 0.669191 -0.449361
vn -0.661031 0.297671 -0.688789
vn -0.052823 -0.129574 -0.990162
vn 0.901756 0.054934 -0.428741
vn 0.890913 0.375235 -0.255877
vn 0.690212 0.528766 -0.493978
vn 0.039166 -0.125643 -0.991302
vn -0.245035 -0.82866 -0.503269
vn -0.157334 -0.980713 -0.115965
vn -0.266982 -0.857933 -0.438944
vn -0.131015 -0.586353 -0.79939
vn 0.198148 -0.326585 -0.924164
vn 0.631411 -0.018662 -0.775224
vn 0.890233 0.403187 -0.211958
vn 0.720783 0.603478 0.341008
vn 0.536575 0.572463 0.619979
vn 0.532997 0.382637 0.754654
vn 0.751601 0.011425 0.659519
vn 0.938261 -0.257946 0.230499
vn 0.959239 -0.193719 -0.205752
vn 0.779599 0.076487 -0.621591
vn 0.212891 0.381428 -0.89955
vn -0.389314 0.475499 -0.788882
vn -0.662718 0.506526 -0.551577
vn -0.655138 0.666995 -0.354841
vn -0.320313 0.912581 -0.254156
vn 0.148216 0.937184 -0.315781
vn 0.461653 0.72571 -0.510119
vn 0.649216 0.230263 -0.724912
vn 0.570321 -0.530312 -0.627298
vn 0.284105 -0.918824 -0.273946
vn 0.042989 -0.99639 -0.073198
vn 0.397858 -0.561296 -0.72571
vn -0.147849 -0.392777 -0.907671
vn -0.160964 -0.656303 -0.737127
vn 0.126768 -0.905539 -0.404881
vn 0.666074 -0.714625 0.213675
vn 0.804346 0.1203 0.581855
vn 0.629063 0.616997 0.472857
vn 0.579409 0.78394 0.222985
vn 0.966717 0.227892 -0.116293
vn 0.896116 -0.438688 0.067298
vn 0.92296 -0.20606 0.325092
vn 0.817651 0.4045 0.409666
vn 0.282358 0.954103 0.09981
vn -0.302546 0.873637 -0.381082
vn -0.53723 0.472782 -0.69847
vn -0.426283 0.177646 -0.886975
vn 0.227661 0.582949 -0.779962
vn 0.330133 0.914815 -0.23265
vn 0.055675 0.948823 -0.310861
vn -0.310643 0.685247 -0.658739
vn -0.478053 -0.269875 -0.835842
vn -0.149187 -0.877831 -0.455144
vn 0.186842 -0.968672 -0.163597
vn 0.476814 -0.87178 -0.112466
vn 0.572723 -0.081011 -0.815736
vn 0.392049 -0.320545 -0.862293
vn 0.144895 -0.901678 -0.407409
vn 0.088718 -0.943225 0.320086
vn 0.2036 -0.668713 0.715102
vn 0.414237 -0.286765 0.863814
vn 0.817375 0.191452 0.543364
vn 0.898967 0.259976 -0.352521
vn 0.827953 0.040716 -0.559317
vn 0.949674 0.001228 -0.313236
vn 0.820513 0.415286 0.392806
vn 0.181871 0.754647 0.630421
vn -0.199167 0.856886 0.475478
vn -0.412451 0.894048 0.174821
vn -0.305501 0.838497 -0.451211
vn 0.387089 0.380723 -0.839769
vn 0.625394 0.323256 -0.710203
vn 0.470069 0.571763 -0.6724
vn -0.301944 0.673402 -0.674803
vn -0.886178 0.098705 -0.452709
vn -0.868958 -0.392425 -0.301522
vn -0.635334 -0.726119 -0.262871
vn -0.082982 -0.890151 -0.448047
vn 0.577765 -0.37017 -0.727436
vn 0.391505 -0.486189 -0.781245
vn 0.602173 -0.706412 -0.371981
vn 0.530518 -0.777211 0.338369
vn 0.186503 -0.61673 0.764762
vn 0.007634 -0.587091 0.809485
vn 0.131407 -0.748289 0.650227
vn 0.62007 -0.762719 0.183776
vn 0.92781 -0.342825 -0.147105
vn 0.972891 0.14512 -0.180067
vn 0.750962 0.65939 -0.035513
vn 0.187888 0.950592 0.247129
vn -0.259784 0.844201 0.468868
vn -0.351331 0.737004 0.577401
vn -0.138454 0.82205 0.552326
vn 0.315632 0.937489 0.146594
vn 0.466118 0.80015 -0.377483
vn 0.31292 0.591492 -0.743114
vn -0.085839 0.235053 -0.968185
vn -0.636811 -0.26139 -0.72536
vn -0.863745 -0.43669 -0.251489
vn -0.920418 -0.38246 -0.080962
vn -0.914399 -0.275414 -0.296685
vn -0.50618 -0.202454 -0.838328
vn 0.060369 -0.294103 -0.953865
vn -0.141416 -0.953345 -0.266713
vn 0.301319 -0.905738 0.298069
vn 0.535206 -0.564991 0.627965
vn 0.602586 -0.370647 0.706761
vn 0.509234 -0.767062 0.390252
vn 0.309258 -0.950848 0.015758
vn 0.439677 -0.888274 0.132866
vn 0.690714 -0.559689 0.457889
vn 0.666254 0.291484 0.686398
vn 0.22602 0.86028 0.456983
vn -0.101356 0.975041 0.19754
vn -0.219417 0.97297 0.072006
vn 0.141416 0.953344 0.266713
vn 0.478421 0.773084 0.416479
vn 0.375108 0.87045 0.318764
vn 0.049454 0.996815 0.062567
vn -0.509235 0.767061 -0.390253
vn -0.779459 -0.038581 -0.625264
vn -0.651578 -0.540251 -0.532518
vn -0.552082 -0.686138 -0.47373
vn -0.666255 -0.291484 -0.686398
vn -0.625109 0.218804 -0.749242
vn -0.618771 0.001642 -0.785569
vn -0.511002 -0.507826 -0.693534
vn -0.565873 -0.689302 0.452383
vn -0.20921 -0.709296 0.673149
vn 0.368107 -0.72836 0.577918
vn 0.781185 -0.622644 0.045438
vn 0.774372 -0.602099 -0.194483
vn 0.69248 -0.717884 -0.07152
vn 0.486143 -0.754328 0.441197
vn 0.072749 -0.323293 0.943498
vn -0.196974 0.190153 0.961792
vn -0.260201 0.588026 0.765847
vn -0.039168 0.92627 0.374819
vn 0.396235 0.915763 -0.066146
vn 0.579557 0.801571 -0.14696
vn 0.512388 0.858721 0.007551
vn 0.09458 0.953665 0.285617
vn -0.545811 0.723629 0.422435
vn -0.908433 0.289423 0.301637
vn -0.994235 -0.104977 0.021826
vn -0.787062 -0.363051 -0.498727
vn -0.278867 -0.245803 -0.928339
vn -0.104565 -0.066369 -0.992301
vn -0.287647 -0.065121 -0.95552
vn -0.693337 -0.320431 -0.645451
vn -0.796622 -0.604455 0.005246
vn -0.633194 -0.326652 0.701686
vn -0.709341 -0.516844 0.479279
vn -0.194152 -0.978128 -0.074633
vn 0.394306 -0.898759 -0.191713
vn 0.705646 -0.708535 -0.006488
vn 0.843199 -0.388451 0.371648
vn 0.420538 0.126084 0.898471
vn -0.347823 0.252355 0.90296
vn -0.566791 0.071799 0.820727
vn -0.332296 -0.011355 0.943107
vn 0.485334 0.373834 0.790379
vn 0.650208 0.708784 0.273595
vn 0.458115 0.888799 0.012904
vn 0.076438 0.986731 -0.143243
vn -0.646088 0.760589 -0.063836
vn -0.934988 0.097777 0.340935
vn -0.826051 -0.027895 0.562904
vn -0.819504 0.275715 0.502389
vn -0.692071 0.653272 -0.307039
vn -0.409829 0.316478 -0.855501
vn -0.321821 -0.128272 -0.938071
vn -0.31535 -0.584608 -0.747521
vn -0.412955 -0.905446 -0.09816
vn -0.527845 -0.594919 0.606177
vn -0.588034 -0.720765 0.367033
vn -0.70129 -0.641509 -0.310899
vn -0.452897 -0.824931 -0.338191
vn -0.127806 -0.989515 -0.067275
vn 0.323114 -0.774643 0.543623
vn 0.433293 0.141594 0.890061
vn 0.178937 0.632811 0.753347
vn -0.087811 0.718777 0.689673
vn -0.120206 0.14144 0.982622
vn 0.390225 -0.420735 0.818967
vn 0.590533 -0.113447 0.799
vn 0.497262 0.439029 0.748321
vn -0.006276 0.907091 0.420888
vn -0.644976 0.759572 -0.083999
vn -0.917082 0.245683 -0.314009
vn -0.973483 -0.08288 -0.213216
vn -0.875376 0.387876 0.288562
vn -0.328036 0.910679 0.251109
vn -0.401869 0.914622 -0.044362
vn -0.695845 0.61115 -0.37722
vn -0.816003 -0.296112 -0.496444
vn -0.396405 -0.912205 -0.103661
vn -0.078041 -0.954939 0.286358
vn -0.03244 -0.822637 0.56764
vn -0.12214 -0.903357 -0.411131
vn -0.315454 -0.840412 -0.440677
vn -0.541153 -0.814059 -0.210857
vn -0.737821 -0.59888 0.311389
vn -0.615846 -0.005301 0.787849
vn -0.285993 0.4585 0.841419
vn 0.08659 0.645743 0.758629
vn 0.534395 0.53063 0.657917
vn 0.782014 0.188324 0.594128
vn 0.731181 -0.044986 0.680699
vn 0.442444 -0.117319 0.889089
vn -0.169387 -0.088147 0.9816
vn -0.774682 -0.043348 0.630863
vn -0.988627 -0.004398 0.150326
vn -0.952897 0.159276 -0.258105
vn -0.668708 0.547393 -0.503181
vn -0.35158 0.84038 -0.412496
vn -0.31399 0.928083 -0.20018
vn -0.503511 0.861247 0.06877
vn -0.761902 0.461948 0.453993
vn -0.669668 -0.23924 0.703071
vn -0.347996 -0.683603 0.641549
vn -0.092628 -0.921327 0.377594
vn -0.008136 -0.996767 -0.079936
vn -0.203708 -0.913451 -0.352293
vn -0.026166 -0.999624 -0.008224
vn -0.146258 -0.596299 0.789326
vn -0.557295 0.367287 0.744663
vn -0.773406 0.416939 0.477499
vn -0.883218 0.070037 0.463703
vn -0.058918 -0.623736 0.779412
vn 0.662897 -0.2851 0.692305
vn 0.714694 0.159129 0.681095
vn 0.466427 0.555088 0.688711
vn -0.37578 0.629225 0.680342
vn -0.908462 -0.232063 0.347625
vn -0.740365 -0.571189 0.354406
vn -0.605435 -0.477343 0.636861
vn -0.332568 0.696982 0.635307
vn -0.231285 0.972781 -0.014264
vn -0.419781 0.847156 -0.325746
vn -0.7303 0.497227 -0.468431
vn -0.959876 -0.27731 0.041685
vn -0.396731 -0.405484 0.823521
vn -0.217196 -0.080204 0.972828
vn -0.443899 0.141475 0.884838
vn -0.949689 -0.309573 -0.047499
vn -0.477212 -0.733033 -0.484696
vn -0.491736 -0.869665 0.043342
vn 0.366832 -0.472591 0.801306
vn 0.457295 0.155785 0.875564
vn 0.214191 0.553749 0.804664
vn -0.773891 0.305434 0.5548
vn -0.500976 -0.857969 -0.113629
vn -0.130593 -0.990535 0.04227
vn 0.163408 -0.897655 0.409284
vn 0.252534 0.121284 0.959957
vn -0.299591 0.909315 0.288775
vn -0.635322 0.764079 -0.112027
vn -0.899092 0.351689 -0.260669
vn -0.757623 -0.471005 0.451843
vn 0.387357 0.008208 0.921893
vn 0.39618 0.49547 0.773014
vn 0.108521 0.815764 0.568113
vn -0.73832 0.671787 0.059877
vn -0.731962 -0.601691 -0.319686
vn -0.374512 -0.919488 -0.119509
vn -0.153984 -0.961407 0.228004
vn -0.342936 -0.093193 0.934724
vn -0.607556 0.793455 0.036128
vn -0.782249 0.517067 -0.347459
vn -0.882703 -0.045594 -0.467714
vn -0.292904 0.288195 0.911675
vn 0.481887 0.128628 0.866741
vn 0.555228 0.258518 0.7905
vn 0.53729 0.322604 0.77926
vn 0.028087 -0.918689 0.393982
vn -0.231181 -0.957212 -0.174073
vn -0.178354 -0.979752 -0.090973
vn -0.223768 -0.971014 0.084025
vn -0.949403 0.128483 0.286576
vn -0.606275 0.787362 -0.111766
vn -0.602109 0.752502 -0.266844
vn -0.636653 0.708144 -0.305294
vn 0.09976 0.733405 0.672432
vn 0.561264 0.271886 0.781704
vn 0.504729 0.378725 0.775768
vn 0.329566 0.43222 0.839388
vn -0.499063 -0.648105 0.575235
vn -0.379042 -0.913078 -0.150383
vn -0.245249 -0.953961 -0.172659
vn -0.205909 -0.968925 -0.137062
vn -0.929519 0.064206 -0.363143
vn -0.601434 0.747232 -0.282703
vn -0.677807 0.658281 -0.327482
vn -0.814551 0.530334 -0.235059
vn 0.212624 0.520871 0.826731
vn 0.536688 0.245294 0.807339
vn 0.59346 0.265754 0.759724
vn 0.588917 0.16121 0.791952
vn -0.160665 -0.980598 -0.112317
vn -0.198139 -0.961551 -0.19016
vn -0.237991 -0.962011 -0.133774
vn -0.587126 -0.796159 -0.146339
vn -0.896122 0.380923 -0.227736
vn -0.612619 0.752698 -0.24113
vn -0.571721 0.761776 -0.304683
vn -0.538355 0.813635 -0.219481
vn 0.528831 0.381867 0.757968
vn 0.585762 0.293485 0.755479
vn 0.52391 0.292886 0.799835
vn 0.361074 -0.12771 0.923751
vn -0.18859 -0.957398 0.218685
vn -0.266645 -0.950418 -0.160017
vn -0.214829 -0.954798 -0.205447
vn -0.293689 -0.926779 -0.234152
vn -0.658524 0.665902 -0.3506
vn -0.5868 0.74326 -0.321295
vn -0.638695 0.720828 -0.269214
vn -0.545503 0.827593 0.132351
vn -0.706788 -0.328036 0.626772
vn 0.543644 -0.369786 -0.753465
vn 0.650717 -0.102489 -0.752372
vn -0.703793 -0.222138 0.674781
vn 0.702084 0.07078 -0.708568
vn 0.703533 0.177015 -0.688264
vn -0.614455 0.204004 0.76212
vn -0.498471 0.448073 0.74213
vn 0.706808 0.327443 -0.627059
vn -0.563214 0.326397 0.759115
vn -0.645794 0.11455 0.754869
vn 0.704104 0.209849 -0.678382
vn -0.700434 -0.104557 0.706017
vn -0.704834 -0.184016 0.68509
vn 0.622815 -0.175974 -0.762322
vn 0.457737 -0.508954 -0.729001
vn -0.665502 -0.343748 0.662529
vn 0.662408 -0.238058 -0.710312
vn 0.676504 -0.168726 -0.71685
vn -0.684003 -0.213204 0.697628
vn 0.697137 0.090478 -0.711206
vn 0.689069 0.189515 -0.699477
vn -0.677953 0.143443 0.720974
vn -0.294748 0.87355 0.387342
vn 0.665636 0.343114 -0.662723
vn -0.665606 0.217121 0.714022
vn -0.669633 0.199036 0.715526
vn 0.685592 0.206295 -0.698144
vn -0.695978 -0.101892 0.710797
vn -0.688811 -0.201273 0.69644
vn 0.67819 -0.132236 -0.722891
vn 0.155582 -0.953979 -0.256357
vn -0.615538 -0.36039 0.700879
vn 0.719521 -0.159193 -0.675979
vn 0.715488 -0.28955 -0.635797
vn -0.665637 -0.206553 0.717122
vn 0.696149 0.094115 -0.711702
vn 0.669171 0.204981 -0.714278
vn -0.716899 0.104217 0.689343
vn 0.249812 0.85373 -0.45688
vn 0.615809 0.359724 -0.700984
vn -0.718536 0.148728 0.679401
vn -0.702185 0.372247 0.606934
vn 0.667173 0.204172 -0.716376
vn -0.694484 -0.10095 0.712391
vn -0.664806 -0.224622 0.712445
vn 0.715573 -0.101907 -0.691065
vn -0.340585 -0.780498 0.524237
vn -0.54458 -0.380268 0.747548
vn 0.754664 -0.10224 -0.648096
vn 0.738269 -0.594183 -0.319227
vn -0.645305 -0.200868 0.737044
vn 0.695665 0.095766 -0.711954
vn 0.635992 0.227978 -0.737252
vn -0.746877 0.0735 0.660888
vn 0.449529 0.506889 -0.735519
vn 0.545042 0.379576 -0.747564
vn -0.7528 0.097525 0.650984
vn -0.581388 0.812284 0.046711
vn 0.645224 0.20314 -0.736492
vn -0.693673 -0.100391 0.713259
vn -0.619073 -0.264088 0.739598
vn 0.746423 -0.076921 -0.661011
vn -0.477032 -0.475793 0.73896
vn -0.4194 -0.406563 0.811672
vn 0.780208 -0.05453 -0.623139
vn 0.062104 -0.691852 0.719363
vn -0.618085 -0.195129 0.761509
vn 0.695341 0.096799 -0.712132
vn 0.558408 0.274179 -0.782948
vn -0.774409 0.045225 0.631067
vn 0.502451 0.328758 -0.799663
vn 0.420187 0.405873 -0.81161
vn -0.77872 0.053325 0.625101
vn 0.210154 0.561491 -0.800352
vn 0.612925 0.203329 -0.763532
vn -0.693114 -0.099978 0.713861
vn -0.477049 -0.36432 0.799809
vn 0.776483 -0.052829 -0.62792
vn -0.514457 -0.318561 0.796149
vn -0.115004 -0.434663 0.89322
vn 0.801237 -0.009216 -0.598276
vn -0.368924 -0.31237 0.875397
vn -0.571292 -0.187558 0.799029
vn 0.695076 0.097564 -0.712285
vn 0.119518 0.44323 -0.888405
vn -0.80401 0.014584 0.594437
vn 0.524192 0.225279 -0.821262
vn 0.116282 0.43417 -0.893294
vn -0.800838 0.010182 0.598794
vn 0.436553 0.278942 -0.855344
vn 0.548134 0.205521 -0.810747
vn -0.692671 -0.099615 0.714342
vn 0.7703 -0.539034 0.340705
vn 0.810727 -0.025336 -0.584876
vn -0.530099 -0.222831 0.818133
vn 0.706651 -0.285891 0.647233
vn 0.820355 0.039223 -0.570507
vn -0.478342 -0.166331 0.862278
vn -0.446678 -0.170102 0.878376
vn 0.694831 0.098222 -0.712434
vn -0.937522 0.050874 0.344187
vn -0.841214 -0.02553 0.540099
vn 0.536333 0.152661 -0.830085
vn -0.706649 0.285895 -0.647233
vn -0.821686 -0.037218 0.568724
vn 0.505444 0.161373 -0.847635
vn 0.29548 0.20888 -0.932234
vn -0.692271 -0.099256 0.714779
vn 0.872787 -0.002287 -0.488095
vn 0.856581 0.013306 -0.51584
vn -0.538768 -0.153146 0.828418
vn 0.992835 0.079509 -0.089201
vn 0.839094 0.097817 -0.53512
vn -0.525816 -0.089934 0.845831
vn 0.528451 0.013581 0.848855
vn 0.694578 0.098845 -0.712595
vn -0.825365 -0.093355 0.556828
vn -0.895684 -0.093189 0.434816
vn 0.544656 0.093467 -0.833435
vn -0.992705 -0.079591 0.090569
vn -0.842938 -0.09632 0.529318
vn 0.538902 0.092672 -0.837255
vn -0.991897 -0.090298 0.089364
vn -0.691871 -0.098863 0.715221
vn 0.807419 0.092026 -0.582757
vn 0.927445 0.086403 -0.363841
vn -0.544575 -0.094623 0.833357
vn 0.907279 0.209177 -0.364815
vn 0.857645 0.179716 -0.481817
vn -0.554036 -0.037169 0.831662
vn 0.879432 0.201527 -0.431261
vn 0.694284 0.099504 -0.71279
vn -0.781376 -0.135183 0.609243
vn -0.959255 -0.258425 0.114225
vn 0.551261 0.038699 -0.833435
vn -0.906944 -0.208943 0.36578
vn -0.86496 -0.182096 0.467638
vn 0.559988 0.041525 -0.82746
vn -0.82769 -0.165236 0.536308
vn -0.69142 -0.098387 0.715722
vn 0.77622 0.131148 -0.616671
vn 0.937491 0.287437 0.19619
vn -0.54898 -0.03902 0.834924
vn 0.83816 0.261494 -0.478653
vn 0.868813 0.317289 -0.38012
vn -0.574533 0.007378 0.818448
vn 0.784043 0.197344 -0.588499
vn 0.693904 0.100297 -0.713049
vn -0.756607 -0.158077 0.634474
vn -0.284702 -0.461875 -0.84001
vn 0.557048 -0.018328 -0.830278
vn -0.837892 -0.261097 0.479338
vn -0.878195 -0.333455 0.342902
vn 0.575803 -0.004285 -0.817577
vn -0.767326 -0.174843 0.616961
vn -0.690842 -0.097717 0.716372
vn 0.756195 0.156005 -0.635478
vn -0.052879 0.316884 0.946989
vn -0.5525 0.020448 0.833262
vn 0.787529 0.290806 -0.543351
vn 0.795338 0.596518 -0.107717
vn -0.591888 0.051869 0.80435
vn 0.743316 0.192858 -0.640537
vn 0.693334 0.101415 -0.713445
vn -0.738653 -0.175251 0.650907
vn 0.405691 -0.25228 -0.878504
vn 0.562303 -0.085523 -0.822497
vn -0.787358 -0.290316 0.54386
vn -0.763211 -0.646012 -0.013332
vn 0.589379 -0.052625 -0.806141
vn -0.737063 -0.177514 0.652094
vn -0.689943 -0.096624 0.717386
vn 0.740294 0.176348 -0.648742
vn -0.465516 0.188416 0.864751
vn -0.554947 0.09261 0.826715
vn 0.745791 0.311265 -0.588991
vn 0.150767 0.830037 0.536942
vn -0.608699 0.104121 0.786539
vn 0.719272 0.188949 -0.66854
vn 0.692257 0.103396 -0.714205
vn -0.722857 -0.191218 0.664013
vn 0.574956 -0.160735 -0.802241
vn 0.56627 -0.176934 -0.805005
vn -0.745714 -0.310718 0.589377
vn 0.001733 -0.754996 -0.655727
vn 0.602417 -0.112881 -0.790159
vn -0.717298 -0.178093 0.673622
vn -0.688021 -0.094163 0.719556
vn 0.725173 0.196549 -0.659919
vn -0.588426 0.133093 0.797522
vn -0.554415 0.194366 0.809225
vn 0.706788 0.328035 -0.626773
vn -0.461789 0.510593 0.725291
vn -0.627022 0.177674 0.758469
vn 0.701938 0.185187 -0.687742
vn 0.688973 0.109199 -0.716514
vn -0.706238 -0.208984 0.676427
vn 0.645055 -0.114251 -0.755547
vn 0.56323 -0.326406 -0.759099
vn -0.706811 -0.327439 0.627059
vn 0.498446 -0.448067 -0.742151
vn 0.6155 -0.204428 -0.761163
vn -0.702012 -0.17763 0.689657
vn -0.677666 -0.080639 0.730935
vn 0.70791 0.220473 -0.671011
vn -0.64765 0.101248 0.755181
vn -0.540506 0.368517 0.756339
vn 0.665501 0.343749 -0.662529
vn -0.644925 0.310672 0.698251
vn -0.647175 0.308831 0.696985
vn 0.687533 0.181228 -0.703175
vn -0.74476 -0.00235 0.667328
vn -0.684973 -0.232604 0.69044
vn 0.685568 -0.083435 -0.723212
vn 0.508495 -0.629162 -0.587868
vn -0.665632 -0.343115 0.662726
vn 0.650846 -0.282647 -0.704635
vn 0.62107 -0.387119 -0.681477
vn -0.688555 -0.176411 0.7034
vn 0.702227 0.113574 -0.702835
vn 0.683411 0.254804 -0.684123
vn -0.685057 0.07821 0.724279
vn -0.437228 0.727985 0.52808
vn 0.615539 0.360389 -0.700879
vn -0.719112 0.202949 0.664598
vn -0.626285 0.630415 0.458633
vn 0.674076 0.176728 -0.717209
vn -0.69975 -0.090521 0.708629
vn -0.649794 -0.271685 0.709898
vn 0.71417 -0.058956 -0.697485
vn 0.10419 -0.985163 0.136373
vn -0.61581 -0.359723 0.700983
vn 0.718387 -0.189919 -0.669217
vn 0.45984 -0.853017 -0.246796
vn -0.6753 -0.174415 0.716624
vn 0.695561 0.104579 -0.710815
vn 0.635619 0.318902 -0.703057
vn -0.713177 0.058657 0.698525
vn 0.061951 0.955656 -0.287895
vn 0.54458 0.38027 -0.747548
vn -0.760757 0.131656 0.635544
vn -0.004334 0.846911 -0.531717
vn 0.660034 0.171206 -0.731466
vn -0.697341 -0.094937 0.710424
vn -0.559311 -0.363795 0.744865
vn 0.737448 -0.036687 -0.674406
vn -0.331672 -0.631605 0.700763
vn -0.545044 -0.379575 0.747563
vn 0.75876 -0.126181 -0.639032
vn -0.275407 -0.679675 0.679848
vn -0.660704 -0.171359 0.730826
vn 0.693896 0.102457 -0.712749
vn 0.456194 0.512459 -0.727511
vn -0.737278 0.039827 0.674415
vn 0.385886 0.581103 -0.716527
vn 0.4194 0.40656 -0.811673
vn -0.7899 0.07542 0.608581
vn 0.410021 0.408796 -0.815333
vn 0.643549 0.163809 -0.747671
vn -0.696413 -0.096722 0.711093
vn 0.184851 -0.751562 0.633234
vn 0.75873 -0.013935 -0.651256
vn -0.448974 -0.380035 0.8087
vn -0.420187 -0.405876 0.811608
vn 0.78838 -0.074304 -0.610684
vn -0.477917 -0.351739 0.804907
vn -0.642473 -0.166555 0.74799
vn 0.69303 0.101428 -0.713738
vn -0.830297 0.522792 0.193122
vn -0.760392 0.01956 0.64917
vn 0.468863 0.363778 -0.804881
vn 0.115003 0.434664 -0.89322
vn -0.813899 0.023898 0.580514
vn 0.506041 0.23346 -0.830313
vn 0.621209 0.152698 -0.768623
vn -0.695872 -0.097844 0.711469
vn 0.867443 -0.105714 -0.486176
vn 0.78038 0.012048 -0.625189
vn -0.49008 -0.247366 0.835842
vn -0.116283 -0.434166 0.893296
vn 0.813777 -0.025393 -0.580622
vn -0.534016 -0.217994 0.816888
vn -0.615661 -0.158239 0.77196
vn 0.692406 0.100755 -0.714439
vn -0.825524 0.048834 0.56225
vn -0.785077 -0.004852 0.619379
vn 0.499224 0.243265 -0.831623
vn -0.706649 0.285891 -0.647235
vn -0.836393 -0.030534 0.547279
vn 0.545923 0.146978 -0.824843
vn 0.584093 0.132911 -0.800731
vn -0.695477 -0.098753 0.71173
vn 0.801322 0.045039 -0.596535
vn 0.804897 0.045553 -0.591664
vn -0.510091 -0.160717 0.844972
vn 0.706651 -0.285894 0.647232
vn 0.838521 0.027842 -0.544157
vn -0.560658 -0.14437 0.815365
vn -0.564907 -0.140695 0.813072
vn 0.691845 0.100225 -0.715056
vn -0.786911 -0.050855 0.614967
vn -0.814604 -0.038274 0.578753
vn 0.514031 0.160953 -0.842535
vn -0.992835 -0.079508 0.089201
vn -0.859651 -0.097443 0.501502
vn 0.56954 0.092052 -0.816793
vn 0.495642 0.084626 -0.864394
vn -0.695126 -0.099655 0.711947
vn 0.770871 0.095443 -0.629801
vn 0.836007 0.095817 -0.540288
vn -0.521904 -0.092693 0.847953
vn 0.992705 0.079588 -0.090571
vn 0.865156 0.095621 -0.492303
vn -0.577759 -0.094025 0.810773
vn -0.403125 -0.082124 0.911453
vn 0.691238 0.099719 -0.715714
vn -0.765586 -0.094287 0.636386
vn -0.854498 -0.092483 0.511155
vn 0.522413 0.094032 -0.847492
vn -0.907279 -0.209178 0.364813
vn -0.883843 -0.195885 0.424795
vn 0.586898 0.050633 -0.808076
vn -0.033504 -0.173318 -0.984296
vn -0.694758 -0.10073 0.712155
vn 0.752338 0.122107 -0.647362
vn 0.879017 0.189467 -0.437528
vn -0.529609 -0.030392 0.847698
vn 0.906944 0.208942 -0.365781
vn 0.893879 0.20004 -0.401203
vn -0.591074 -0.053892 0.804815
vn 0.882683 0.319656 0.344515
vn 0.690443 0.099136 -0.716562
vn -0.750938 -0.12036 0.649312
vn -0.91152 -0.205901 0.356
vn 0.527235 0.030848 -0.849159
vn -0.83816 -0.261492 0.478653
vn -0.890728 -0.376855 0.254135
vn 0.60177 0.014996 -0.798529
vn -0.873126 -0.343775 0.345643
vn -0.694268 -0.102306 0.712408
vn 0.738603 0.139844 -0.659476
vn 0.896862 0.428247 -0.110648
vn -0.534541 0.035466 0.844398
vn 0.837893 0.261097 -0.479336
vn 0.896644 0.403029 -0.183294
vn -0.60303 -0.017692 0.797522
vn 0.82907 0.254662 -0.497784
vn 0.689108 0.09827 -0.717964
vn -0.739126 -0.139206 0.659026
vn -0.828574 -0.509937 -0.231148
vn 0.52914 -0.037949 -0.847685
vn -0.787529 -0.290807 0.543351
vn -0.649566 -0.717921 -0.250308
vn 0.616185 -0.019415 -0.787362
vn -0.772786 -0.263404 0.577426
vn -0.693361 -0.105467 0.712831
vn 0.726864 0.15355 -0.669396
vn 0.118336 0.619107 0.776339
vn -0.536344 0.116271 0.835952
vn 0.787357 0.290318 -0.54386
vn 0.522668 0.731552 0.437777
vn -0.615115 0.018879 0.788211
vn 0.759978 0.2271 -0.608982
vn 0.685682 0.096211 -0.721515
vn -0.728335 -0.154776 0.667512
vn 0.165609 -0.444038 -0.88057
vn 0.526855 -0.125167 -0.840688
vn -0.74579 -0.311265 0.588992
vn 0.18947 -0.627748 -0.755006
vn 0.631805 -0.056665 -0.773054
vn -0.729628 -0.236108 0.641792
vn -0.689711 -0.118651 0.714298
vn 0.715593 0.165471 -0.678635
vn -0.46776 0.325087 0.8219
vn -0.531191 0.234238 0.814229
vn 0.745713 0.310714 -0.589381
vn -0.28418 0.538411 0.793319
vn -0.628718 0.060432 0.775281
vn 0.726439 0.215826 -0.652462
vn 0.612354 0.05589 -0.788605
vn -0.717331 -0.169171 0.675882
vn 0.513606 -0.254793 -0.819323
vn 0.514017 -0.257709 -0.818152

f 1/1/1 2/2/2 25/25/25
f 2/2/2 26/26/26 25/25/25
f 2/2/2 3/3/3 26/26/26
f 3/3/3 27/27/27 26/26/26
f 3/3/3 4/4/4 27/27/27
f 4/4/4 28/28/28 27/27/27
f 4/4/4 5/5/5 28/28/28
f 5/5/5 29/29/29 28/28/28
f 5/5/5 6/6/6 29/29/29
f 6/6/6 30/30/30 29/29/29
f 6/6/6 7/7/7 30/30/30
f 7/7/7 31/31/31 30/30/30
f 7/7/7 8/8/8 31/31/31
f 8/8/8 32/32/32 31/31/31
f 8/8/8 9/9/9 32/32/32
f 9/9/9 33/33/33 32/32/32
f 9/9/9 10/10/10 33/33/33
f 10/10/10 34/34/34 33/33/33
f 10/10/10 11/11/11 34/34/34
f 11/11/11 35/35/35 34/34/34
f 11/11/11 12/12/12 35/35/35
f 12/12/12 36/36/36 35/35/35
f 12/12/12 13/13/13 36/36/36
f 13/13/13 37/37/37 36/36/36
f 13/13/13 14/14/14 37/37/37
f 14/14/14 38/38/38 37/37/37
f 14/14/14 15/15/15 38/38/38
f 15/15/15 39/39/39 38/38/38
f 15/15/15 16/16/16 39/39/39
f 16/16/16 40/40/40 39/39/39
f 16/16/16 17/17/17 40/40/40
f 17/17/17 41/41/41 40/40/40
f 17/17/17 18/18/18 41/41/41
f 18/18/18 42/42/42 41/41/41
f 18/18/18 19/19/19 42/42/42
f 19/19/19 43/43/43 42/42/42
f 19/19/19 20/20/20 43/43/43
f 20/20/20 44/44/44 43/43/43
f 20/20/20 21/21/21 44/44/44
f 21/21/21 45/45/45 44/44/44
f 21/21/21 22/22/22 45/45/45
f 22/22/22 46/46/46 45/45/45
f 22/22/22 23/23/23 46/46/46
f 23/23/23 47/47/47 46/46/46
f 23/23/23 24/24/24 47/47/47
f 24/24/24 48/48/48 47/47/47
f 24/24/24 1/1/1 48/48/48
f 1/1/1 25/25/25 48/48/48
f 25/25/25 26/26/26 49/49/49
f 26/26/26 50/50/50 49/49/49
f 26/26/26 27/27/27 50/50/50
f 27/27/27 51/51/51 50/50/50
f 27/27/27 28/28/28 51/51/51
f 28/28/28 52/52/52 51/51/51
f 28/28/28 29/29/29 52/52/52
f 29/29/29 53/53/53 52/52/52
f 29/29/29 30/30/30 53/53/53
f 30/30/30 54/54/54 53/53/53
f 30/30/30 31/31/31 54/54/54
f 31/31/31 55/55/55 54/54/54
f 31/31/31 32/32/32 55/55/55
f 32/32/32 56/56/56 55/55/55
f 32/32/32 33/33/33 56/56/56
f 33/33/33 57/57/57 56/56/56
f 33/33/33 34/34/34 57/57/57
f 34/34/34 58/58/58 57/57/57
f 34/34/34 35/35/35 58/58/58
f 35/35/35 59/59/59 58/58/58
f 35/35/35 36/36/36 59/59/59
f 36/36/36 60/60/60 59/59/59
f 36/36/36 37/37/37 60/60/60
f 37/37/37 61/61/61 60/60/60
f 37/37/37 38/38/38 61/61/61
f 38/38/38 62/62/62 61/61/61
f 38/38/38 39/39/39 62/62/62
f 39/39/39 63/63/63 62/62/62
f 39/39/39 40/40/40 63/63/63
f 40/40/40 64/64/64 63/63/63
f 40/40/40 41/41/41 64/64/64
f 41/41/41 65/65/65 64/64/64
f 41/41/41 42/42/42 65/65/65
f 42/42/42 66/66/66 65/65/65
f 42/42/42 43/43/43 66/66/66
f 43/43/43 67/67/67 66/66/66
f 43/43/43 44/44/44 67/67/67
f 44/44/44 68/68/68 67/67/67
f 44/44/44 45/45/45 68/68/68
f 45/45/45 69/69/69 68/68/68
f 45/45/45 46/46/46 69/69/69
f 46/46/46 70/70/70 69/69/69
f 46/46/46 47/47/47 70/70/70
f 47/47/47 71/71/71 70/70/70
f 47/47/47 48/48/48 71/71/71
f 48/48/48 72/72/72 71/71/71
f 48/48/48 25/25/25 72/72/72
f 25/25/25 49/49/49 72/72/72
f 49/49/49 50/50/50 73/73/73
f 50/50/50 74/74/74 73/73/73
f 50/50/50 51/51/51 74/74/74
f 51/51/51 75/75/75 74/74/74
f 51/51/51 52/52/52 75/75/75
f 52/52/52 76/76/76 75/75/75
f 52/52/52 53/53/53 76/76/76
f 53/53/53 77/77/77 76/76/76
f 53/53/53 54/54/54 77/77/77
f 54/54/54 78/78/78 77/77/77
f 54/54/54 55/55/55 78/78/78
f 55/55/55 79/79/79 78/78/78
f 55/55/55 56/56/56 79/79/79
f 56/56/56 80/80/80 79/79/79
f 56/56/56 57/57/57 80/80/80
f 57/57/57 81/81/81 80/80/80
f 57/57/57 58/58/58 81/81/81
f 58/58/58 82/82/82 81/81/81
f 58/58/58 59/59/59 82/82/82
f 59/59/59 83/83/83 82/82/82
f 59/59/59 60/60/60 83/83/83
f 60/60/60 84/84/84 83/83/83
f 60/60/60 61/61/61 84/84/84
f 61/61/61 85/85/85 84/84/84
f 61/61/61 62/62/62 85/85/85
f 62/62/62 86/86/86 85/85/85
f 62/62/62 63/63/63 86/86/86
f 63/63/63 87/87/87 86/86/86
f 63/63/63 64/64/64 87/87/87
f 64/64/64 88/88/88 87/87/87
f 64/64/64 65/65/65 88/88/88
f 65/65/65 89/89/89 88/88/88
f 65/65/65 66/66/66 89/89/89
f 66/66/66 90/90/90 89/89/89
f 66/66/66 67/67/67 90/90/90
f 67/67/67 91/91/91 90/90/90
f 67/67/67 68/68/68 91/91/91
f 68/68/68 92/92/92 91/91/91
f 68/68/68 69/69/69 92/92/92
f 69/69/69 93/93/93 92/92/92
f 69/69/69 70/70/70 93/93/93
f 70/70/70 94/94/94 93/93/93
f 70/70/70 71/71/71 94/94/94
f 71/71/71 95/95/95 94/94/94
f 71/71/71 72/72/72 95/95/95
f 72/72/72 96/96/96 95/95/95
f 72/72/72 49/49/49 96/96/96
f 49/49/49 73/73/73 96/96/96
f 73/73/73 74/74/74 97/97/97
f 74/74/74 98/98/98 97/97/97
f 74/74/74 75/75/75 98/98/98
f 75/75/75 99/99/99 98/98/98
f 75/75/75 76/76/76 99/99/99
f 76/76/76 100/100/100 99/99/99
f 76/76/76 77/77/77 100/100/100
f 77/77/77 101/101/101 100/100/100
f 77/77/77 78/78/78 101/101/101
f 78/78/78 102/102/102 101/101/101
f 78/78/78 79/79/79 102/102/102
f 79/79/79 103/103/103 102/102/102
f 79/79/79 80/80/80 103/103/103
f 80/80/80 104/104/104 103/103/103
f 80/80/80 81/81/81 104/104/104
f 81/81/81 105/105/105 104/104/104
f 81/81/81 82/82/82 105/105/105
f 82/82/82 106/106/106 105/105/105
f 82/82/82 83/83/83 106/106/106
f 83/83/83 107/107/107 106/106/106
f 83/83/83 84/84/84 107/107/107
f 84/84/84 108/108/108 107/107/107
f 84/84/84 85/85/85 108/108/108
f 85/85/85 109/109/109 108/108/108
f 85/85/85 86/86/86 109/109/109
f 86/86/86 110/110/110 109/109/109
f 86/86/86 87/87/87 110/110/110
f 87/87/87 111/111/111 110/110/110
f 87/87/87 88/88/88 111/111/111
f 88/88/88 112/112/112 111/111/111
f 88/88/88 89/89/89 112/112/112
f 89/89/89 113/113/113 112/112/112
f 89/89/89 90/90/90 113/113/113
f 90/90/90 114/114/114 113/113/113
f 90/90/90 91/91/91 114/114/114
f 91/91/91 115/115/115 114/114/114
f 91/91/91 92/92/92 115/115/115
f 92/92/92 116/116/116 115/115/115
f 92/92/92 93/93/93 116/116/116
f 93/93/93 117/117/117 116/116/116
f 93/93/93 94/94/94 117/117/117
f 94/94/94 118/118/118 117/117/117
f 94/94/94 95/95/95 118/118/118
f 95/95/95 119/119/119 118/118/118
f 95/95/95 96/96/96 119/119/119
f 96/96/96 120/120/120 119/119/119
f 96/96/96 73/73/73 120/120/120
f 73/73/73 97/97/97 120/120/120
f 97/97/97 98/98/98 121/121/121
f 98/98/98 122/122/122 121/121/121
f 98/98/98 99/99/99 122/122/122
f 99/99/99 123/123/123 122/122/122
f 99/99/99 100/100/100 123/123/123
f 100/100/100 124/124/124 123/123/123
f 100/100/100 101/101/101 124/124/124
f 101/101/101 125/125/125 124/124/124
f 101/101/101 102/102/102 125/125/125
f 102/102/102 126/126/126 125/125/125
f 102/102/102 103/103/103 126/126/126
f 103/103/103 127/127/127 126/126/126
f 103/103/103 104/104/104 127/127/127
f 104/104/104 128/128/128 127/127/127
f 104/104/104 105/105/105 128/128/128
f 105/105/105 129/129/129 128/128/128
f 105/105/105 106/106/106 129/129/129
f 106/106/106 130/130/130 129/129/129
f 106/106/106 107/107/107 130/130/130
f 107/107/107 131/131/131 130/130/130
f 107/107/107 108/108/108 131/131/131
f 108/108/108 132/132/132 131/131/131
f 108/108/108 109/109/109 132/132/132
f 109/109/109 133/133/133 132/132/132
f 109/109/109 110/110/110 133/133/133
f 110/110/110 134/134/134 133/133/133
f 110/110/110 111/111/111 134/134/134
f 111/111/111 135/135/135 134/134/134
f 111/111/111 112/112/112 135/135/135
f 112/112/112 136/136/136 135/135/135
f 112/112/112 113/113/113 136/136/136
f 113/113/113 137/137/137 136/136/136
f 113/113/113 114/114/114 137/137/137
f 114/114/114 138/138/138 137/137/137
f 114/114/114 115/115/115 138/138/138
f 115/115/115 139/139/139 138/138/138
f 115/115/115 116/116/116 139/139/139
f 116/116/116 140/140/140 139/139/139
f 116/116/116 117/117/117 140/140/140
f 117/117/117 141/141/141 140/140/140
f 117/117/117 118/118/118 141/141/141
f 118/118/118 142/142/142 141/141/141
f 118/118/118 119/119/119 142/142/142
f 119/119/119 143/143/143 142/142/142
f 119/119/119 120/120/120 143/143/143
f 120/120/120 144/144/144 143/143/143
f 120/120/120 97/97/97 144/144/144
f 97/97/97 121/121/121 144/144/144
f 121/121/121 122/122/122 145/145/145
f 122/122/122 146/146/146 145/145/145
f 122/122/122 123/123/123 146/146/146
f 123/123/123 147/147/147 146/146/146
f 123/123/123 124/124/124 147/147/147
f 124/124/124 148/148/148 147/147/147
f 124/124/124 125/125/125 148/148/148
f 125/125/125 149/149/149 148/148/148
f 125/125/125 126/126/126 149/149/149
f 126/126/126 150/150/150 149/149/149
f 126/126/126 127/127/127 150/150/150
f 127/127/127 151/151/151 150/150/150
f 127/127/127 128/128/128 151/151/151
f 128/128/128 152/152/152 151/151/151
f 128/128/128 129/129/129 152/152/152
f 129/129/129 153/153/153 152/152/152
f 129/129/129 130/130/130 153/153/153
f 130/130/130 154/154/154 153/153/153
f 130/130/130 131/131/131 154/154/154
f 131/131/131 155/155/155 154/154/154
f 131/131/131 132/132/132 155/155/155
f 132/132/132 156/156/156 155/155/155
f 132/132/132 133/133/133 156/156/156
f 133/133/133 157/157/157 156/156/156
f 133/133/133 134/134/134 157/157/157
f 134/134/134 158/158/158 157/157/157
f 134/134/134 135/135/135 158/158/158
f 135/135/135 159/159/159 158/158/158
f 135/135/135 136/136/136 159/159/159
f 136/136/136 160/160/160 159/159/159
f 136/136/136 137/137/137 160/160/160
f 137/137/137 161/161/161 160/160/160
f 137/137/137 138/138/138 161/161/161
f 138/138/138 162/162/162 161/161/161
f 138/138/138 139/139/139 162/162/162
f 139/139/139 163/163/163 162/162/162
f 139/139/139 140/140/140 163/163/163
f 140/140/140 164/164/164 163/163/163
f 140/140/140 141/141/141 164/164/164
f 141/141/141 165/165/165 164/164/164
f 141/141/141 142/142/142 165/165/165
f 142/142/142 166/166/166 165/165/165
f 142/142/142 143/143/143 166/166/166
f 143/143/143 167/167/167 166/166/166
f 143/143/143 144/144/144 167/167/167
f 144/144/144 168/168/168 167/167/167
f 144/144/144 121/121/121 168/168/168
f 121/121/121 145/145/145 168/168/168
f 145/145/145 146/146/146 169/169/169
f 146/146/146 170/170/170 169/169/169
f 146/146/146 147/147/147 170/170/170
f 147/147/147 171/171/171 170/170/170
f 147/147/147 148/148/148 171/171/171
f 148/148/148 172/172/172 171/171/171
f 148/148/148 149/149/149 172/172/172
f 149/149/149 173/173/173 172/172/172
f 149/149/149 150/150/150 173/173/173
f 150/150/150 174/174/174 173/173/173
f 150/150/150 151/151/151 174/174/174
f 151/151/151 175/175/175 174/174/174
f 151/151/151 152/152/152 175/175/175
f 152/152/152 176/176/176 175/175/175
f 152/152/152 153/153/153 176/176/176
f 153/153/153 177/177/177 176/176/176
f 153/153/153 154/154/154 177/177/177
f 154/154/154 178/178/178 177/177/177
f 154/154/154 155/155/155 178/178/178
f 155/155/155 179/179/179 178/178/178
f 155/155/155 156/156/156 179/179/179
f 156/156/156 180/180/180 179/179/179
f 156/156/156 157/157/157 180/180/180
f 157/157/157 181/181/181 180/180/180
f 157/157/157 158/158/158 181/181/181
f 158/158/158 182/182/182 181/181/181
f 158/158/158 159/159/159 182/182/182
f 159/159/159 183/183/183 182/182/182
f 159/159/159 160/160/160 183/183/183
f 160/160/160 184/184/184 183/183/183
f 160/160/160 161/161/161 184/184/184
f 161/161/161 185/185/185 184/184/184
f 161/161/161 162/162/162 185/185/185
f 162/162/162 186/186/186 185/185/185
f 162/162/162 163/163/163 186/186/186
f 163/163/163 187/187/187 186/186/186
f 163/163/163 164/164/164 187/187/187
f 164/164/164 188/188/188 187/187/187
f 164/164/164 165/165/165 188/188/188
f 165/165/165 189/189/189 188/188/188
f 165/165/165 166/166/166 189/189/189
f 166/166/166 190/190/190 189/189/189
f 166/166/166 167/167/167 190/190/190
f 167/167/167 191/191/191 190/190/190
f 167/167/167 168/168/168 191/191/191
f 168/168/168 192/192/192 191/191/191
f 168/168/168 145/145/145 192/192/192
f 145/145/145 169/169/169 192/192/192
f 169/169/169 170/170/170 193/193/193
f 170/170/170 194/194/194 193/193/193
f 170/170/170 171/171/171 194/194/194
f 171/171/171 195/195/195 194/194/194
f 171/171/171 172/172/172 195/195/195
f 172/172/172 196/196/196 195/195/195
f 172/172/172 173/173/173 196/196/196
f 173/173/173 197/197/197 196/196/196
f 173/173/173 174/174/174 197/197/197
f 174/174/174 198/198/198 197/197/197
f 174/174/174 175/175/175 198/198/198
f 175/175/175 199/199/199 198/198/198
f 175/175/175 176/176/176 199/199/199
f 176/176/176 200/200/200 199/199/199
f 176/176/176 177/177/177 200/200/200
f 177/177/177 201/201/201 200/200/200
f 177/177/177 178/178/178 201/201/201
f 178/178/178 202/202/202 201/201/201
f 178/178/178 179/179/179 202/202/202
f 179/179/179 203/203/203 202/202/202
f 179/179/179 180/180/180 203/203/203
f 180/180/180 204/204/204 203/203/203
f 180/180/180 181/181/181 204/204/204
f 181/181/181 205/205/205 204/204/204
f 181/181/181 182/182/182 205/205/205
f 182/182/182 206/206/206 205/205/205
f 182/182/182 183/183/183 206/206/206
f 183/183/183 207/207/207 206/206/206
f 183/183/183 184/184/184 207/207/207
f 184/184/184 208/208/208 207/207/207
f 184/184/184 185/185/185 208/208/208
f 185/185/185 209/209/209 208/208/208
f 185/185/185 186/186/186 209/209/209
f 186/186/186 210/210/210 209/209/209
f 186/186/186 187/187/187 210/210/210
f 187/187/187 211/211/211 210/210/210
f 187/187/187 188/188/188 211/211/211
f 188/188/188 212/212/212 211/211/211
f 188/188/188 189/189/189 212/212/212
f 189/189/189 213/213/213 212/212/212
f 189/189/189 190/190/190 213/213/213
f 190/190/190 214/214/214 213/213/213
f 190/190/190 191/191/191 214/214/214
f 191/191/191 215/215/215 214/214/214
f 191/191/191 192/192/192 215/215/215
f 192/192/192 216/216/216 215/215/215
f 192/192/192 169/169/169 216/216/216
f 169/169/169 193/193/193 216/216/216
f 193/193/193 194/194/194 217/217/217
f 194/194/194 218/218/218 217/217/217
f 194/194/194 195/195/195 218/218/218
f 195/195/195 219/219/219 218/218/218
f 195/195/195 196/196/196 219/219/219
f 196/196/196 220/220/220 219/219/219
f 196/196/196 197/197/197 220/220/220
f 197/197/197 221/221/221 220/220/220
f 197/197/197 198/198/198 221/221/221
f 198/198/198 222/222/222 221/221/221
f 198/198/198 199/199/199 222/222/222
f 199/199/199 223/223/223 222/222/222
f 199/199/199 200/200/200 223/223/223
f 200/200/200 224/224/224 223/223/223
f 200/200/200 201/201/201 224/224/224
f 201/201/201 225/225/225 224/224/224
f 201/201/201 202/202/202 225/225/225
f 202/202/202 226/226/226 225/225/225
f 202/202/202 203/203/203 226/226/226
f 203/203/203 227/227/227 226/226/226
f 203/203/203 204/204/204 227/227/227
f 204/204/204 228/228/228 227/227/227
f 204/204/204 205/205/205 228/228/228
f 205/205/205 229/229/229 228/228/228
f 205/205/205 206/206/206 229/229/229
f 206/206/206 230/230/230 229/229/229
f 206/206/206 207/207/207 230/230/230
f 207/207/207 231/231/231 230/230/230
f 207/207/207 208/208/208 231/231/231
f 208/208/208 232/232/232 231/231/231
f 208/208/208 209/209/209 232/232/232
f 209/209/209 233/233/233 232/232/232
f 209/209/209 210/210/210 233/233/233
f 210/210/210 234/234/234 233/233/233
f 210/210/210 211/211/211 234/234/234
f 211/211/211 235/235/235 234/234/234
f 211/211/211 212/212/212 235/235/235
f 212/212/212 236/236/236 235/235/235
f 212/212/212 213/213/213 236/236/236
f 213/213/213 237/237/237 236/236/236
f 213/213/213 214/214/214 237/237/237
f 214/214/214 238/238/238 237/237/237
f 214/214/214 215/215/215 238/238/238
f 215/215/215 239/239/239 238/238/238
f 215/215/215 216/216/216 239/239/239
f 216/216/216 240/240/240 239/239/239
f 216/216/216 193/193/193 240/240/240
f 193/193/193 217/217/217 240/240/240
f 217/217/217 218/218/218 241/241/241
f 218/218/218 242/242/242 241/241/241
f 218/218/218 219/219/219 242/242/242
f 219/219/219 243/243/243 242/242/242
f 219/219/219 220/220/220 243/243/243
f 220/220/220 244/244/244 243/243/243
f 220/220/220 221/221/221 244/244/244
f 221/221/221 245/245/245 244/244/244
f 221/221/221 222/222/222 245/245/245
f 222/222/222 246/246/246 245/245/245
f 222/222/222 223/223/223 246/246/246
f 223/223/223 247/247/247 246/246/246
f 223/223/223 224/224/224 247/247/247
f 224/224/224 248/248/248 247/247/247
f 224/224/224 225/225/225 248/248/248
f 225/225/225 249/249/249 248/248/248
f 225/225/225 226/226/226 249/249/249
f 226/226/226 250/250/250 249/249/249
f 226/226/226 227/227/227 250/250/250
f 227/227/227 251/251/251 250/250/250
f 227/227/227 228/228/228 251/251/251
f 228/228/228 252/252/252 251/251/251
f 228/228/228 229/229/229 252/252/252
f 229/229/229 253/253/253 252/252/252
f 229/229/229 230/230/230 253/253/253
f 230/230/230 254/254/254 253/253/253
f 230/230/230 231/231/231 254/254/254
f 231/231/231 255/255/255 254/254/254
f 231/231/231 232/232/232 255/255/255
f 232/232/232 256/256/256 255/255/255
f 232/232/232 233/233/233 256/256/256
f 233/233/233 257/257/257 256/256/256
f 233/233/233 234/234/234 257/257/257
f 234/234/234 258/258/258 257/257/257
f 234/234/234 235/235/235 258/258/258
f 235/235/235 259/259/259 258/258/258
f 235/235/235 236/236/236 259/259/259
f 236/236/236 260/260/260 259/259/259
f 236/236/236 237/237/237 260/260/260
f 237/237/237 261/261/261 260/260/260
f 237/237/237 238/238/238 261/261/261
f 238/238/238 262/262/262 261/261/261
f 238/238/238 239/239/239 262/262/262
f 239/239/239 263/263/263 262/262/262
f 239/239/239 240/240/240 263/263/263
f 240/240/240 264/264/264 263/263/263
f 240/240/240 217/217/217 264/264/264
f 217/217/217 241/241/241 264/264/264
f 241/241/241 242/242/242 265/265/265
f 242/242/242 266/266/266 265/265/265
f 242/242/242 243/243/243 266/266/266
f 243/243/243 267/267/267 266/266/266
f 243/243/243 244/244/244 267/267/267
f 244/244/244 268/268/268 267/267/267
f 244/244/244 245/245/245 268/268/268
f 245/245/245 269/269/269 268/268/268
f 245/245/245 246/246/246 269/269/269
f 246/246/246 270/270/270 269/269/269
f 246/246/246 247/247/247 270/270/270
f 247/247/247 271/271/271 270/270/270
f 247/247/247 248/248/248 271/271/271
f 248/248/248 272/272/272 271/271/271
f 248/248/248 249/249/249 272/272/272
f 249/249/249 273/273/273 272/272/272
f 249/249/249 250/250/250 273/273/273
f 250/250/250 274/274/274 273/273/273
f 250/250/250 251/251/251 274/274/274
f 251/251/251 275/275/275 274/274/274
f 251/251/251 252/252/252 275/275/275
f 252/252/252 276/276/276 275/275/275
f 252/252/252 253/253/253 276/276/276
f 253/253/253 277/277/277 276/276/276
f 253/253/253 254/254/254 277/277/277
f 254/254/254 278/278/278 277/277/277
f 254/254/254 255/255/255 278/278/278
f 255/255/255 279/279/279 278/278/278
f 255/255/255 256/256/256 279/279/279
f 256/256/256 280/280/280 279/279/279
f 256/256/256 257/257/257 280/280/280
f 257/257/257 281/281/281 280/280/280
f 257/257/257 258/258/258 281/281/281
f 258/258/258 282/282/282 281/281/281
f 258/258/258 259/259/259 282/282/282
f 259/259/259 283/283/283 282/282/282
f 259/259/259 260/260/260 283/283/283
f 260/260/260 284/284/284 283/283/283
f 260/260/260 261/261/261 284/284/284
f 261/261/261 285/285/285 284/284/284
f 261/261/261 262/262/262 285/285/285
f 262/262/262 286/286/286 285/285/285
f 262/262/262 263/263/263 286/286/286
f 263/263/263 287/287/287 286/286/286
f 263/263/263 264/264/264 287/287/287
f 264/264/264 288/288/288 287/287/287
f 264/264/264 241/241/241 288/288/288
f 241/241/241 265/265/265 288/288/288
f 265/265/265 266/266/266 289/289/289
f 266/266/266 290/290/290 289/289/289
f 266/266/266 267/267/267 290/290/290
f 267/267/267 291/291/291 290/290/290
f 267/267/267 268/268/268 291/291/291
f 268/268/268 292/292/292 291/291/291
f 268/268/268 269/269/269 292/292/292
f 269/269/269 293/293/293 292/292/292
f 269/269/269 270/270/270 293/293/293
f 270/270/270 294/294/294 293/293/293
f 270/270/270 271/271/271 294/294/294
f 271/271/271 295/295/295 294/294/294
f 271/271/271 272/272/272 295/295/295
f 272/272/272 296/296/296 295/295/295
f 272/272/272 273/273/273 296/296/296
f 273/273/273 297/297/297 296/296/296
f 273/273/273 274/274/274 297/297/297
f 274/274/274 298/298/298 297/297/297
f 274/274/274 275/275/275 298/298/298
f 275/275/275 299/299/299 298/298/298
f 275/275/275 276/276/276 299/299/299
f 276/276/276 300/300/300 299/299/299
f 276/276/276 277/277/277 300/300/300
f 277/277/277 301/301/301 300/300/300
f 277/277/277 278/278/278 301/301/301
f 278/278/278 302/302/302 301/301/301
f 278/278/278 279/279/279 302/302/302
f 279/279/279 303/303/303 302/302/302
f 279/279/279 280/280/280 303/303/303
f 280/280/280 304/304/304 303/303/303
f 280/280/280 281/281/281 304/304/304
f 281/281/281 305/305/305 304/304/304
f 281/281/281 282/282/282 305/305/305
f 282/282/282 306/306/306 305/305/305
f 282/282/282 283/283/283 306/306/306
f 283/283/283 307/307/307 306/306/306
f 283/283/283 284/284/284 307/307/307
f 284/284/284 308/308/308 307/307/307
f 284/284/284 285/285/285 308/308/308
f 285/285/285 309/309/309 308/308/308
f 285/285/285 286/286/286 309/309/309
f 286/286/286 310/310/310 309/309/309
f 286/286/286 287/287/287 310/310/310
f 287/287/287 311/311/311 310/310/310
f 287/287/287 288/288/288 311/311/311
f 288/288/288 312/312/312 311/311/311
f 288/288/288 265/265/265 312/312/312
f 265/265/265 289/289/289 312/312/312
f 289/289/289 290/290/290 313/313/313
f 290/290/290 314/314/314 313/313/313
f 290/290/290 291/291/291 314/314/314
f 291/291/291 315/315/315 314/314/314
f 291/291/291 292/292/292 315/315/315
f 292/292/292 316/316/316 315/315/315
f 292/292/292 293/293/293 316/316/316
f 293/293/293 317/317/317 316/316/316
f 293/293/293 294/294/294 317/317/317
f 294/294/294 318/318/318 317/317/317
f 294/294/294 295/295/295 318/318/318
f 295/295/295 319/319/319 318/318/318
f 295/295/295 296/296/296 319/319/319
f 296/296/296 320/320/320 319/319/319
f 296/296/296 297/297/297 320/320/320
f 297/297/297 321/321/321 320/320/320
f 297/297/297 298/298/298 321/321/321
f 298/298/298 322/322/322 321/321/321
f 298/298/298 299/299/299 322/322/322
f 299/299/299 323/323/323 322/322/322
f 299/299/299 300/300/300 323/323/323
f 300/300/300 324/324/324 323/323/323
f 300/300/300 301/301/301 324/324/324
f 301/301/301 325/325/325 324/324/324
f 301/301/301 302/302/302 325/325/325
f 302/302/302 326/326/326 325/325/325
f 302/302/302 303/303/303 326/326/326
f 303/303/303 327/327/327 326/326/326
f 303/303/303 304/304/304 327/327/327
f 304/304/304 328/328/328 327/327/327
f 304/304/304 305/305/305 328/328/328
f 305/305/305 329/329/329 328/328/328
f 305/305/305 306/306/306 329/329/329
f 306/306/306 330/330/330 329/329/329
f 306/306/306 307/307/307 330/330/330
f 307/307/307 331/331/331 330/330/330
f 307/307/307 308/308/308 331/331/331
f 308/308/308 332/332/332 331/331/331
f 308/308/308 309/309/309 332/332/332
f 309/309/309 333/333/333 332/332/332
f 309/309/309 310/310/310 333/333/333
f 310/310/310 334/334/334 333/333/333
f 310/310/310 311/311/311 334/334/334
f 311/311/311 335/335/335 334/334/334
f 311/311/311 312/312/312 335/335/335
f 312/312/312 336/336/336 335/335/335
f 312/312/312 289/289/289 336/336/336
f 289/289/289 313/313/313 336/336/336
f 313/313/313 314/314/314 337/337/337
f 314/314/314 338/338/338 337/337/337
f 314/314/314 315/315/315 338/338/338
f 315/315/315 339/339/339 338/338/338
f 315/315/315 316/316/316 339/339/339
f 316/316/316 340/340/340 339/339/339
f 316/316/316 317/317/317 340/340/340
f 317/317/317 341/341/341 340/340/340
f 317/317/317 318/318/318 341/341/341
f 318/318/318 342/342/342 341/341/341
f 318/318/318 319/319/319 342/342/342
f 319/319/319 343/343/343 342/342/342
f 319/319/319 320/320/320 343/343/343
f 320/320/320 344/344/344 343/343/343
f 320/320/320 321/321/321 344/344/344
f 321/321/321 345/345/345 344/344/344
f 321/321/321 322/322/322 345/345/345
f 322/322/322 346/346/346 345/345/345
f 322/322/322 323/323/323 346/346/346
f 323/323/323 347/347/347 346/346/346
f 323/323/323 324/324/324 347/347/347
f 324/324/324 348/348/348 347/347/347
f 324/324/324 325/325/325 348/348/348
f 325/325/325 349/349/349 348/348/348
f 325/325/325 326/326/326 349/349/349
f 326/326/326 350/350/350 349/349/349
f 326/326/326 327/327/327 350/350/350
f 327/327/327 351/351/351 350/350/350
f 327/327/327 328/328/328 351/351/351
f 328/328/328 352/352/352 351/351/351
f 328/328/328 329/329/329 352/352/352
f 329/329/329 353/353/353 352/352/352
f 329/329/329 330/330/330 353/353/353
f 330/330/330 354/354/354 353/353/353
f 330/330/330 331/331/331 354/354/354
f 331/331/331 355/355/355 354/354/354
f 331/331/331 332/332/332 355/355/355
f 332/332/332 356/356/356 355/355/355
f 332/332/332 333/333/333 356/356/356
f 333/333/333 357/357/357 356/356/356
f 333/333/333 334/334/334 357/357/357
f 334/334/334 358/358/358 357/357/357
f 334/334/334 335/335/335 358/358/358
f 335/335/335 359/359/359 358/358/358
f 335/335/335 336/336/336 359/359/359
f 336/336/336 360/360/360 359/359/359
f 336/336/336 313/313/313 360/360/360
f 313/313/313 337/337/337 360/360/360
f 337/337/337 338/338/338 361/361/361
f 338/338/338 362/362/362 361/361/361
f 338/338/338 339/339/339 362/362/362
f 339/339/339 363/363/363 362/362/362
f 339/339/339 340/340/340 363/363/363
f 340/340/340 364/364/364 363/363/363
f 340/340/340 341/341/341 364/364/364
f 341/341/341 365/365/365 364/364/364
f 341/341/341 342/342/342 365/365/365
f 342/342/342 366/366/366 365/365/365
f 342/342/342 343/343/343 366/366/366
f 343/343/343 367/367/367 366/366/366
f 343/343/343 344/344/344 367/367/367
f 344/344/344 368/368/368 367/367/367
f 344/344/344 345/345/345 368/368/368
f 345/345/345 369/369/369 368/368/368
f 345/345/345 346/346/346 369/369/369
f 346/346/346 370/370/370 369/369/369
f 346/346/346 347/347/347 370/370/370
f 347/347/347 371/371/371 370/370/370
f 347/347/347 348/348/348 371/371/371
f 348/348/348 372/372/372 371/371/371
f 348/348/348 349/349/349 372/372/372
f 349/349/349 373/373/373 372/372/372
f 349/349/349 350/350/350 373/373/373
f 350/350/350 374/374/374 373/373/373
f 350/350/350 351/351/351 374/374/374
f 351/351/351 375/375/375 374/374/374
f 351/351/351 352/352/352 375/375/375
f 352/352/352 376/376/376 375/375/375
f 352/352/352 353/353/353 376/376/376
f 353/353/353 377/377/377 376/376/376
f 353/353/353 354/354/354 377/377/377
f 354/354/354 378/378/378 377/377/377
f 354/354/354 355/355/355 378/378/378
f 355/355/355 379/379/379 378/378/378
f 355/355/355 356/356/356 379/379/379
f 356/356/356 380/380/380 379/379/379
f 356/356/356 357/357/357 380/380/380
f 357/357/357 381/381/381 380/380/380
f 357/357/357 358/358/358 381/381/381
f 358/358/358 382/382/382 381/381/381
f 358/358/358 359/359/359 382/382/382
f 359/359/359 383/383/383 382/382/382
f 359/359/359 360/360/360 383/383/383
f 360/360/360 384/384/384 383/383/383
f 360/360/360 337/337/337 384/384/384
f 337/337/337 361/361/361 384/384/384
f 361/361/361 362/362/362 385/385/385
f 362/362/362 386/386/386 385/385/385
f 362/362/362 363/363/363 386/386/386
f 363/363/363 387/387/387 386/386/386
f 363/363/363 364/364/364 387/387/387
f 364/364/364 388/388/388 387/387/387
f 364/364/364 365/365/365 388/388/388
f 365/365/365 389/389/389 388/388/388
f 365/365/365 366/366/366 389/389/389
f 366/366/366 390/390/390 389/389/389
f 366/366/366 367/367/367 390/390/390
f 367/367/367 391/391/391 390/390/390
f 367/367/367 368/368/368 391/391/391
f 368/368/368 392/392/392 391/391/391
f 368/368/368 369/369/369 392/392/392
f 369/369/369 393/393/393 392/392/392
f 369/369/369 370/370/370 393/393/393
f 370/370/370 394/394/394 393/393/393
f 370/370/370 371/371/371 394/394/394
f 371/371/371 395/395/395 394/394/394
f 371/371/371 372/372/372 395/395/395
f 372/372/372 396/396/396 395/395/395
f 372/372/372 373/373/373 396/396/396
f 373/373/373 397/397/397 396/396/396
f 373/373/373 374/374/374 397/397/397
f 374/374/374 398/398/398 397/397/397
f 374/374/374 375/375/375 398/398/398
f 375/375/375 399/399/399 398/398/398
f 375/375/375 376/376/376 399/399/399
f 376/376/376 400/400/400 399/399/399
f 376/376/376 377/377/377 400/400/400
f 377/377/377 401/401/401 400/400/400
f 377/377/377 378/378/378 401/401/401
f 378/378/378 402/402/402 401/401/401
f 378/378/378 379/379/379 402/402/402
f 379/379/379 403/403/403 402/402/402
f 379/379/379 380/380/380 403/403/403
f 380/380/380 404/404/404 403/403/403
f 380/380/380 381/381/381 404/404/404
f 381/381/381 405/405/405 404/404/404
f 381/381/381 382/382/382 405/405/405
f 382/382/382 406/406/406 405/405/405
f 382/382/382 383/383/383 406/406/406
f 383/383/383 407/407/407 406/406/406
f 383/383/383 384/384/384 407/407/407
f 384/384/384 408/408/408 407/407/407
f 384/384/384 361/361/361 408/408/408
f 361/361/361 385/385/385 408/408/408
f 409/409/409 410/410/410 425/425/425
f 410/410/410 426/426/426 425/425/425
f 410/410/410 411/411/411 426/426/426
f 411/411/411 427/427/427 426/426/426
f 411/411/411 412/412/412 427/427/427
f 412/412/412 428/428/428 427/427/427
f 412/412/412 413/413/413 428/428/428
f 413/413/413 429/429/429 428/428/428
f 413/413/413 414/414/414 429/429/429
f 414/414/414 430/430/430 429/429/429
f 414/414/414 415/415/415 430/430/430
f 415/415/415 431/431/431 430/430/430
f 415/415/415 416/416/416 431/431/431
f 416/416/416 432/432/432 431/431/431
f 416/416/416 417/417/417 432/432/432
f 417/417/417 433/433/433 432/432/432
f 417/417/417 418/418/418 433/433/433
f 418/418/418 434/434/434 433/433/433
f 418/418/418 419/419/419 434/434/434
f 419/419/419 435/435/435 434/434/434
f 419/419/419 420/420/420 435/435/435
f 420/420/420 436/436/436 435/435/435
f 420/420/420 421/421/421 436/436/436
f 421/421/421 437/437/437 436/436/436
f 421/421/421 422/422/422 437/437/437
f 422/422/422 438/438/438 437/437/437
f 422/422/422 423/423/423 438/438/438
f 423/423/423 439/439/439 438/438/438
f 423/423/423 424/424/424 439/439/439
f 424/424/424 440/440/440 439/439/439
f 424/424/424 409/409/409 440/440/440
f 409/409/409 425/425/425 440/440/440
f 425/425/425 426/426/426 441/441/441
f 426/426/426 442/442/442 441/441/441
f 426/426/426 427/427/427 442/442/442
f 427/427/427 443/443/443 442/442/442
f 427/427/427 428/428/428 443/443/443
f 428/428/428 444/444/444 443/443/443
f 428/428/428 429/429/429 444/444/444
f 429/429/429 445/445/445 444/444/444
f 429/429/429 430/430/430 445/445/445
f 430/430/430 446/446/446 445/445/445
f 430/430/430 431/431/431 446/446/446
f 431/431/431 447/447/447 446/446/446
f 431/431/431 432/432/432 447/447/447
f 432/432/432 448/448/448 447/447/447
f 432/432/432 433/433/433 448/448/448
f 433/433/433 449/449/449 448/448/448
f 433/433/433 434/434/434 449/449/449
f 434/434/434 450/450/450 449/449/449
f 434/434/434 435/435/435 450/450/450
f 435/435/435 451/451/451 450/450/450
f 435/435/435 436/436/436 451/451/451
f 436/436/436 452/452/452 451/451/451
f 436/436/436 437/437/437 452/452/452
f 437/437/437 453/453/453 452/452/452
f 437/437/437 438/438/438 453/453/453
f 438/438/438 454/454/454 453/453/453
f 438/438/438 439/439/439 454/454/454
f 439/439/439 455/455/455 454/454/454
f 439/439/439 440/440/440 455/455/455
f 440/440/440 456/456/456 455/455/455
f 440/440/440 425/425/425 456/456/456
f 425/425/425 441/441/441 456/456/456
f 441/441/441 442/442/442 457/457/457
f 442/442/442 458/458/458 457/457/457
f 442/442/442 443/443/443 458/458/458
f 443/443/443 459/459/459 458/458/458
f 443/443/443 444/444/444 459/459/459
f 444/444/444 460/460/460 459/459/459
f 444/444/444 445/445/445 460/460/460
f 445/445/445 461/461/461 460/460/460
f 445/445/445 446/446/446 461/461/461
f 446/446/446 462/462/462 461/461/461
f 446/446/446 447/447/447 462/462/462
f 447/447/447 463/463/463 462/462/462
f 447/447/447 448/448/448 463/463/463
f 448/448/448 464/464/464 463/463/463
f 448/448/448 449/449/449 464/464/464
f 449/449/449 465/465/465 464/464/464
f 449/449/449 450/450/450 465/465/465
f 450/450/450 466/466/466 465/465/465
f 450/450/450 451/451/451 466/466/466
f 451/451/451 467/467/467 466/466/466
f 451/451/451 452/452/452 467/467/467
f 452/452/452 468/468/468 467/467/467
f 452/452/452 453/453/453 468/468/468
f 453/453/453 469/469/469 468/468/468
f 453/453/453 454/454/454 469/469/469
f 454/454/454 470/470/470 469/469/469
f 454/454/454 455/455/455 470/470/470
f 455/455/455 471/471/471 470/470/470
f 455/455/455 456/456/456 471/471/471
f 456/456/456 472/472/472 471/471/471
f 456/456/456 441/441/441 472/472/472
f 441/441/441 457/457/457 472/472/472
f 457/457/457 458/458/458 473/473/473
f 458/458/458 474/474/474 473/473/473
f 458/458/458 459/459/459 474/474/474
f 459/459/459 475/475/475 474/474/474
f 459/459/459 460/460/460 475/475/475
f 460/460/460 476/476/476 475/475/475
f 460/460/460 461/461/461 476/476/476
f 461/461/461 477/477/477 476/476/476
f 461/461/461 462/462/462 477/477/477
f 462/462/462 478/478/478 477/477/477
f 462/462/462 463/463/463 478/478/478
f 463/463/463 479/479/479 478/478/478
f 463/463/463 464/464/464 479/479/479
f 464/464/464 480/480/480 479/479/479
f 464/464/464 465/465/465 480/480/480
f 465/465/465 481/481/481 480/480/480
f 465/465/465 466/466/466 481/481/481
f 466/466/466 482/482/482 481/481/481
f 466/466/466 467/467/467 482/482/482
f 467/467/467 483/483/483 482/482/482
f 467/467/467 468/468/468 483/483/483
f 468/468/468 484/484/484 483/483/483
f 468/468/468 469/469/469 484/484/484
f 469/469/469 485/485/485 484/484/484
f 469/469/469 470/470/470 485/485/485
f 470/470/470 486/486/486 485/485/485
f 470/470/470 471/471/471 486/486/486
f 471/471/471 487/487/487 486/486/486
f 471/471/471 472/472/472 487/487/487
f 472/472/472 488/488/488 487/487/487
f 472/472/472 457/457/457 488/488/488
f 457/457/457 473/473/473 488/488/488
f 473/473/473 474/474/474 489/489/489
f 474/474/474 490/490/490 489/489/489
f 474/474/474 475/475/475 490/490/490
f 475/475/475 491/491/491 490/490/490
f 475/475/475 476/476/476 491/491/491
f 476/476/476 492/492/492 491/491/491
f 476/476/476 477/477/477 492/492/492
f 477/477/477 493/493/493 492/492/492
f 477/477/477 478/478/478 493/493/493
f 478/478/478 494/494/494 493/493/493
f 478/478/478 479/479/479 494/494/494
f 479/479/479 495/495/495 494/494/494
f 479/479/479 480/480/480 495/495/495
f 480/480/480 496/496/496 495/495/495
f 480/480/480 481/481/481 496/496/496
f 481/481/481 497/497/497 496/496/496
f 481/481/481 482/482/482 497/497/497
f 482/482/482 498/498/498 497/497/497
f 482/482/482 483/483/483 498/498/498
f 483/483/483 499/499/499 498/498/498
f 483/483/483 484/484/484 499/499/499
f 484/484/484 500/500/500 499/499/499
f 484/484/484 485/485/485 500/500/500
f 485/485/485 501/501/501 500/500/500
f 485/485/485 486/486/486 501/501/501
f 486/486/486 502/502/502 501/501/501
f 486/486/486 487/487/487 502/502/502
f 487/487/487 503/503/503 502/502/502
f 487/487/487 488/488/488 503/503/503
f 488/488/488 504/504/504 503/503/503
f 488/488/488 473/473/473 504/504/504
f 473/473/473 489/489/489 504/504/504
f 489/489/489 490/490/490 505/505/505
f 490/490/490 506/506/506 505/505/505
f 490/490/490 491/491/491 506/506/506
f 491/491/491 507/507/507 506/506/506
f 491/491/491 492/492/492 507/507/507
f 492/492/492 508/508/508 507/507/507
f 492/492/492 493/493/493 508/508/508
f 493/493/493 509/509/509 508/508/508
f 493/493/493 494/494/494 509/509/509
f 494/494/494 510/510/510 509/509/509
f 494/494/494 495/495/495 510/510/510
f 495/495/495 511/511/511 510/510/510
f 495/495/495 496/496/496 511/511/511
f 496/496/496 512/512/512 511/511/511
f 496/496/496 497/497/497 512/512/512
f 497/497/497 513/513/513 512/512/512
f 497/497/497 498/498/498 513/513/513
f 498/498/498 514/514/514 513/513/513
f 498/498/498 499/499/499 514/514/514
f 499/499/499 515/515/515 514/514/514
f 499/499/499 500/500/500 515/515/515
f 500/500/500 516/516/516 515/515/515
f 500/500/500 501/501/501 516/516/516
f 501/501/501 517/517/517 516/516/516
f 501/501/501 502/502/502 517/517/517
f 502/502/502 518/518/518 517/517/517
f 502/502/502 503/503/503 518/518/518
f 503/503/503 519/519/519 518/518/518
f 503/503/503 504/504/504 519/519/519
f 504/504/504 520/520/520 519/519/519
f 504/504/504 489/489/489 520/520/520
f 489/489/489 505/505/505 520/520/520
f 505/505/505 506/506/506 521/521/521
f 506/506/506 522/522/522 521/521/521
f 506/506/506 507/507/507 522/522/522
f 507/507/507 523/523/523 522/522/522
f 507/507/507 508/508/508 523/523/523
f 508/508/508 524/524/524 523/523/523
f 508/508/508 509/509/509 524/524/524
f 509/509/509 525/525/525 524/524/524
f 509/509/509 510/510/510 525/525/525
f 510/510/510 526/526/526 525/525/525
f 510/510/510 511/511/511 526/526/526
f 511/511/511 527/527/527 526/526/526
f 511/511/511 512/512/512 527/527/527
f 512/512/512 528/528/528 527/527/527
f 512/512/512 513/513/513 528/528/528
f 513/513/513 529/529/529 528/528/528
f 513/513/513 514/514/514 529/529/529
f 514/514/514 530/530/530 529/529/529
f 514/514/514 515/515/515 530/530/530
f 515/515/515 531/531/531 530/530/530
f 515/515/515 516/516/516 531/531/531
f 516/516/516 532/532/532 531/531/531
f 516/516/516 517/517/517 532/532/532
f 517/517/517 533/533/533 532/532/532
f 517/517/517 518/518/518 533/533/533
f 518/518/518 534/534/534 533/533/533
f 518/518/518 519/519/519 534/534/534
f 519/519/519 535/535/535 534/534/534
f 519/519/519 520/520/520 535/535/535
f 520/520/520 536/536/536 535/535/535
f 520/520/520 505/505/505 536/536/536
f 505/505/505 521/521/521 536/536/536
f 521/521/521 522/522/522 537/537/537
f 522/522/522 538/538/538 537/537/537
f 522/522/522 523/523/523 538/538/538
f 523/523/523 539/539/539 538/538/538
f 523/523/523 524/524/524 539/539/539
f 524/524/524 540/540/540 539/539/539
f 524/524/524 525/525/525 540/540/540
f 525/525/525 541/541/541 540/540/540
f 525/525/525 526/526/526 541/541/541
f 526/526/526 542/542/542 541/541/541
f 526/526/526 527/527/527 542/542/542
f 527/527/527 543/543/543 542/542/542
f 527/527/527 528/528/528 543/543/543
f 528/528/528 544/544/544 543/543/543
f 528/528/528 529/529/529 544/544/544
f 529/529/529 545/545/545 544/544/544
f 529/529/529 530/530/530 545/545/545
f 530/530/530 546/546/546 545/545/545
f 530/530/530 531/531/531 546/546/546
f 531/531/531 547/547/547 546/546/546
f 531/531/531 532/532/532 547/547/547
f 532/532/532 548/548/548 547/547/547
f 532/532/532 533/533/533 548/548/548
f 533/533/533 549/549/549 548/548/548
f 533/533/533 534/534/534 549/549/549
f 534/534/534 550/550/550 549/549/549
f 534/534/534 535/535/535 550/550/550
f 535/535/535 551/551/551 550/550/550
f 535/535/535 536/536/536 551/551/551
f 536/536/536 552/552/552 551/551/551
f 536/536/536 521/521/521 552/552/552
f 521/521/521 537/537/537 552/552/552
f 537/537/537 538/538/538 553/553/553
f 538/538/538 554/554/554 553/553/553
f 538/538/538 539/539/539 554/554/554
f 539/539/539 555/555/555 554/554/554
f 539/539/539 540/540/540 555/555/555
f 540/540/540 556/556/556 555/555/555
f 540/540/540 541/541/541 556/556/556
f 541/541/541 557/557/557 556/556/556
f 541/541/541 542/542/542 557/557/557
f 542/542/542 558/558/558 557/557/557
f 542/542/542 543/543/543 558/558/558
f 543/543/543 559/559/559 558/558/558
f 543/543/543 544/544/544 559/559/559
f 544/544/544 560/560/560 559/559/559
f 544/544/544 545/545/545 560/560/560
f 545/545/545 561/561/561 560/560/560
f 545/545/545 546/546/546 561/561/561
f 546/546/546 562/562/562 561/561/561
f 546/546/546 547/547/547 562/562/562
f 547/547/547 563/563/563 562/562/562
f 547/547/547 548/548/548 563/563/563
f 548/548/548 564/564/564 563/563/563
f 548/548/548 549/549/549 564/564/564
f 549/549/549 565/565/565 564/564/564
f 549/549/549 550/550/550 565/565/565
f 550/550/550 566/566/566 565/565/565
f 550/550/550 551/551/551 566/566/566
f 551/551/551 567/567/567 566/566/566
f 551/551/551 552/552/552 567/567/567
f 552/552/552 568/568/568 567/567/567
f 552/552/552 537/537/537 568/568/568
f 537/537/537 553/553/553 568/568/568
f 553/553/553 554/554/554 569/569/569
f 554/554/554 570/570/570 569/569/569
f 554/554/554 555/555/555 570/570/570
f 555/555/555 571/571/571 570/570/570
f 555/555/555 556/556/556 571/571/571
f 556/556/556 572/572/572 571/571/571
f 556/556/556 557/557/557 572/572/572
f 557/557/557 573/573/573 572/572/572
f 557/557/557 558/558/558 573/573/573
f 558/558/558 574/574/574 573/573/573
f 558/558/558 559/559/559 574/574/574
f 559/559/559 575/575/575 574/574/574
f 559/559/559 560/560/560 575/575/575
f 560/560/560 576/576/576 575/575/575
f 560/560/560 561/561/561 576/576/576
f 561/561/561 577/577/577 576/576/576
f 561/561/561 562/562/562 577/577/577
f 562/562/562 578/578/578 577/577/577
f 562/562/562 563/563/563 578/578/578
f 563/563/563 579/579/579 578/578/578
f 563/563/563 564/564/564 579/579/579
f 564/564/564 580/580/580 579/579/579
f 564/564/564 565/565/565 580/580/580
f 565/565/565 581/581/581 580/580/580
f 565/565/565 566/566/566 581/581/581
f 566/566/566 582/582/582 581/581/581
f 566/566/566 567/567/567 582/582/582
f 567/567/567 583/583/583 582/582/582
f 567/567/567 568/568/568 583/583/583
f 568/568/568 584/584/584 583/583/583
f 568/568/568 553/553/553 584/584/584
f 553/553/553 569/569/569 584/584/584
f 569/569/569 570/570/570 585/585/585
f 570/570/570 586/586/586 585/585/585
f 570/570/570 571/571/571 586/586/586
f 571/571/571 587/587/587 586/586/586
f 571/571/571 572/572/572 587/587/587
f 572/572/572 588/588/588 587/587/587
f 572/572/572 573/573/573 588/588/588
f 573/573/573 589/589/589 588/588/588
f 573/573/573 574/574/574 589/589/589
f 574/574/574 590/590/590 589/589/589
f 574/574/574 575/575/575 590/590/590
f 575/575/575 591/591/591 590/590/590
f 575/575/575 576/576/576 591/591/591
f 576/576/576 592/592/592 591/591/591
f 576/576/576 577/577/577 592/592/592
f 577/577/577 593/593/593 592/592/592
f 577/577/577 578/578/578 593/593/593
f 578/578/578 594/594/594 593/593/593
f 578/578/578 579/579/579 594/594/594
f 579/579/579 595/595/595 594/594/594
f 579/579/579 580/580/580 595/595/595
f 580/580/580 596/596/596 595/595/595
f 580/580/580 581/581/581 596/596/596
f 581/581/581 597/597/597 596/596/596
f 581/581/581 582/582/582 597/597/597
f 582/582/582 598/598/598 597/597/597
f 582/582/582 583/583/583 598/598/598
f 583/583/583 599/599/599 598/598/598
f 583/583/583 584/584/584 599/599/599
f 584/584/584 600/600/600 599/599/599
f 584/584/584 569/569/569 600/600/600
f 569/569/569 585/585/585 600/600/600
f 585/585/585 586/586/586 601/601/601
f 586/586/586 602/602/602 601/601/601
f 586/586/586 587/587/587 602/602/602
f 587/587/587 603/603/603 602/602/602
f 587/587/587 588/588/588 603/603/603
f 588/588/588 604/604/604 603/603/603
f 588/588/588 589/589/589 604/604/604
f 589/589/589 605/605/605 604/604/604
f 589/589/589 590/590/590 605/605/605
f 590/590/590 606/606/606 605/605/605
f 590/590/590 591/591/591 606/606/606
f 591/591/591 607/607/607 606/606/606
f 591/591/591 592/592/592 607/607/607
f 592/592/592 608/608/608 607/607/607
f 592/592/592 593/593/593 608/608/608
f 593/593/593 609/609/609 608/608/608
f 593/593/593 594/594/594 609/609/609
f 594/594/594 610/610/610 609/609/609
f 594/594/594 595/595/595 610/610/610
f 595/595/595 611/611/611 610/610/610
f 595/595/595 596/596/596 611/611/611
f 596/596/596 612/612/612 611/611/611
f 596/596/596 597/597/597 612/612/612
f 597/597/597 613/613/613 612/612/612
f 597/597/597 598/598/598 613/613/613
f 598/598/598 614/614/614 613/613/613
f 598/598/598 599/599/599 614/614/614
f 599/599/599 615/615/615 614/614/614
f 599/599/599 600/600/600 615/615/615
f 600/600/600 616/616/616 615/615/615
f 600/600/600 585/585/585 616/616/616
f 585/585/585 601/601/601 616/616/616
f 601/601/601 602/602/602 617/617/617
f 602/602/602 618/618/618 617/617/617
f 602/602/602 603/603/603 618/618/618
f 603/603/603 619/619/619 618/618/618
f 603/603/603 604/604/604 619/619/619
f 604/604/604 620/620/620 619/619/619
f 604/604/604 605/605/605 620/620/620
f 605/605/605 621/621/621 620/620/620
f 605/605/605 606/606/606 621/621/621
f 606/606/606 622/622/622 621/621/621
f 606/606/606 607/607/607 622/622/622
f 607/607/607 623/623/623 622/622/622
f 607/607/607 608/608/608 623/623/623
f 608/608/608 624/624/624 623/623/623
f 608/608/608 609/609/609 624/624/624
f 609/609/609 625/625/625 624/624/624
f 609/609/609 610/610/610 625/625/625
f 610/610/610 626/626/626 625/625/625
f 610/610/610 611/611/611 626/626/626
f 611/611/611 627/627/627 626/626/626
f 611/611/611 612/612/612 627/627/627
f 612/612/612 628/628/628 627/627/627
f 612/612/612 613/613/613 628/628/628
f 613/613/613 629/629/629 628/628/628
f 613/613/613 614/614/614 629/629/629
f 614/614/614 630/630/630 629/629/629
f 614/614/614 615/615/615 630/630/630
f 615/615/615 631/631/631 630/630/630
f 615/615/615 616/616/616 631/631/631
f 616/616/616 632/632/632 631/631/631
f 616/616/616 601/601/601 632/632/632
f 601/601/601 617/617/617 632/632/632
f 617/617/617 618/618/618 633/633/633
f 618/618/618 634/634/634 633/633/633
f 618/618/618 619/619/619 634/634/634
f 619/619/619 635/635/635 634/634/634
f 619/619/619 620/620/620 635/635/635
f 620/620/620 636/636/636 635/635/635
f 620/620/620 621/621/621 636/636/636
f 621/621/621 637/637/637 636/636/636
f 621/621/621 622/622/622 637/637/637
f 622/622/622 638/638/638 637/637/637
f 622/622/622 623/623/623 638/638/638
f 623/623/623 639/639/639 638/638/638
f 623/623/623 624/624/624 639/639/639
f 624/624/624 640/640/640 639/639/639
f 624/624/624 625/625/625 640/640/640
f 625/625/625 641/641/641 640/640/640
f 625/625/625 626/626/626 641/641/641
f 626/626/626 642/642/642 641/641/641
f 626/626/626 627/627/627 642/642/642
f 627/627/627 643/643/643 642/642/642
f 627/627/627 628/628/628 643/643/643
f 628/628/628 644/644/644 643/643/643
f 628/628/628 629/629/629 644/644/644
f 629/629/629 645/645/645 644/644/644
f 629/629/629 630/630/630 645/645/645
f 630/630/630 646/646/646 645/645/645
f 630/630/630 631/631/631 646/646/646
f 631/631/631 647/647/647 646/646/646
f 631/631/631 632/632/632 647/647/647
f 632/632/632 648/648/648 647/647/647
f 632/632/632 617/617/617 648/648/648
f 617/617/617 633/633/633 648/648/648
f 633/633/633 634/634/634 649/649/649
f 634/634/634 650/650/650 649/649/649
f 634/634/634 635/635/635 650/650/650
f 635/635/635 651/651/651 650/650/650
f 635/635/635 636/636/636 651/651/651
f 636/636/636 652/652/652 651/651/651
f 636/636/636 637/637/637 652/652/652
f 637/637/637 653/653/653 652/652/652
f 637/637/637 638/638/638 653/653/653
f 638/638/638 654/654/654 653/653/653
f 638/638/638 639/639/639 654/654/654
f 639/639/639 655/655/655 654/654/654
f 639/639/639 640/640/640 655/655/655
f 640/640/640 656/656/656 655/655/655
f 640/640/640 641/641/641 656/656/656
f 641/641/641 657/657/657 656/656/656
f 641/641/641 642/642/642 657/657/657
f 642/642/642 658/658/658 657/657/657
f 642/642/642 643/643/643 658/658/658
f 643/643/643 659/659/659 658/658/658
f 643/643/643 644/644/644 659/659/659
f 644/644/644 660/660/660 659/659/659
f 644/644/644 645/645/645 660/660/660
f 645/645/645 661/661/661 660/660/660
f 645/645/645 646/646/646 661/661/661
f 646/646/646 662/662/662 661/661/661
f 646/646/646 647/647/647 662/662/662
f 647/647/647 663/663/663 662/662/662
f 647/647/647 648/648/648 663/663/663
f 648/648/648 664/664/664 663/663/663
f 648/648/648 633/633/633 664/664/664
f 633/633/633 649/649/649 664/664/664
f 649/649/649 650/650/650 665/665/665
f 650/650/650 666/666/666 665/665/665
f 650/650/650 651/651/651 666/666/666
f 651/651/651 667/667/667 666/666/666
f 651/651/651 652/652/652 667/667/667
f 652/652/652 668/668/668 667/667/667
f 652/652/652 653/653/653 668/668/668
f 653/653/653 669/669/669 668/668/668
f 653/653/653 654/654/654 669/669/669
f 654/654/654 670/670/670 669/669/669
f 654/654/654 655/655/655 670/670/670
f 655/655/655 671/671/671 670/670/670
f 655/655/655 656/656/656 671/671/671
f 656/656/656 672/672/672 671/671/671
f 656/656/656 657/657/657 672/672/672
f 657/657/657 673/673/673 672/672/672
f 657/657/657 658/658/658 673/673/673
f 658/658/658 674/674/674 673/673/673
f 658/658/658 659/659/659 674/674/674
f 659/659/659 675/675/675 674/674/674
f 659/659/659 660/660/660 675/675/675
f 660/660/660 676/676/676 675/675/675
f 660/660/660 661/661/661 676/676/676
f 661/661/661 677/677/677 676/676/676
f 661/661/661 662/662/662 677/677/677
f 662/662/662 678/678/678 677/677/677
f 662/662/662 663/663/663 678/678/678
f 663/663/663 679/679/679 678/678/678
f 663/663/663 664/664/664 679/679/679
f 664/664/664 680/680/680 679/679/679
f 664/664/664 649/649/649 680/680/680
f 649/649/649 665/665/665 680/680/680
f 665/665/665 666/666/666 681/681/681
f 666/666/666 682/682/682 681/681/681
f 666/666/666 667/667/667 682/682/682
f 667/667/667 683/683/683 682/682/682
f 667/667/667 668/668/668 683/683/683
f 668/668/668 684/684/684 683/683/683
f 668/668/668 669/669/669 684/684/684
f 669/669/669 685/685/685 684/684/684
f 669/669/669 670/670/670 685/685/685
f 670/670/670 686/686/686 685/685/685
f 670/670/670 671/671/671 686/686/686
f 671/671/671 687/687/687 686/686/686
f 671/671/671 672/672/672 687/687/687
f 672/672/672 688/688/688 687/687/687
f 672/672/672 673/673/673 688/688/688
f 673/673/673 689/689/689 688/688/688
f 673/673/673 674/674/674 689/689/689
f 674/674/674 690/690/690 689/689/689
f 674/674/674 675/675/675 690/690/690
f 675/675/675 691/691/691 690/690/690
f 675/675/675 676/676/676 691/691/691
f 676/676/676 692/692/692 691/691/691
f 676/676/676 677/677/677 692/692/692
f 677/677/677 693/693/693 692/692/692
f 677/677/677 678/678/678 693/693/693
f 678/678/678 694/694/694 693/693/693
f 678/678/678 679/679/679 694/694/694
f 679/679/679 695/695/695 694/694/694
f 679/679/679 680/680/680 695/695/695
f 680/680/680 696/696/696 695/695/695
f 680/680/680 665/665/665 696/696/696
f 665/665/665 681/681/681 696/696/696
f 681/681/681 682/682/682 697/697/697
f 682/682/682 698/698/698 697/697/697
f 682/682/682 683/683/683 698/698/698
f 683/683/683 699/699/699 698/698/698
f 683/683/683 684/684/684 699/699/699
f 684/684/684 700/700/700 699/699/699
f 684/684/684 685/685/685 700/700/700
f 685/685/685 701/701/701 700/700/700
f 685/685/685 686/686/686 701/701/701
f 686/686/686 702/702/702 701/701/701
f 686/686/686 687/687/687 702/702/702
f 687/687/687 703/703/703 702/702/702
f 687/687/687 688/688/688 703/703/703
f 688/688/688 704/704/704 703/703/703
f 688/688/688 689/689/689 704/704/704
f 689/689/689 705/705/705 704/704/704
f 689/689/689 690/690/690 705/705/705
f 690/690/690 706/706/706 705/705/705
f 690/690/690 691/691/691 706/706/706
f 691/691/691 707/707/707 706/706/706
f 691/691/691 692/692/692 707/707/707
f 692/692/692 708/708/708 707/707/707
f 692/692/692 693/693/693 708/708/708
f 693/693/693 709/709/709 708/708/708
f 693/693/693 694/694/694 709/709/709
f 694/694/694 710/710/710 709/709/709
f 694/694/694 695/695/695 710/710/710
f 695/695/695 711/711/711 710/710/710
f 695/695/695 696/696/696 711/711/711
f 696/696/696 712/712/712 711/711/711
f 696/696/696 681/681/681 712/712/712
f 681/681/681 697/697/697 712/712/712
f 697/697/697 698/698/698 713/713/713
f 698/698/698 714/714/714 713/713/713
f 698/698/698 699/699/699 714/714/714
f 699/699/699 715/715/715 714/714/714
f 699/699/699 700/700/700 715/715/715
f 700/700/700 716/716/716 715/715/715
f 700/700/700 701/701/701 716/716/716
f 701/701/701 717/717/717 716/716/716
f 701/701/701 702/702/702 717/717/717
f 702/702/702 718/718/718 717/717/717
f 702/702/702 703/703/703 718/718/718
f 703/703/703 719/719/719 718/718/718
f 703/703/703 704/704/704 719/719/719
f 704/704/704 720/720/720 719/719/719
f 704/704/704 705/705/705 720/720/720
f 705/705/705 721/721/721 720/720/720
f 705/705/705 706/706/706 721/721/721
f 706/706/706 722/722/722 721/721/721
f 706/706/706 707/707/707 722/722/722
f 707/707/707 723/723/723 722/722/722
f 707/707/707 708/708/708 723/723/723
f 708/708/708 724/724/724 723/723/723
f 708/708/708 709/709/709 724/724/724
f 709/709/709 725/725/725 724/724/724
f 709/709/709 710/710/710 725/725/725
f 710/710/710 726/726/726 725/725/725
f 710/710/710 711/711/711 726/726/726
f 711/711/711 727/727/727 726/726/726
f 711/711/711 712/712/712 727/727/727
f 712/712/712 728/728/728 727/727/727
f 712/712/712 697/697/697 728/728/728
f 697/697/697 713/713/713 728/728/728
f 713/713/713 714/714/714 729/729/729
f 714/714/714 730/730/730 729/729/729
f 714/714/714 715/715/715 730/730/730
f 715/715/715 731/731/731 730/730/730
f 715/715/715 716/716/716 731/731/731
f 716/716/716 732/732/732 731/731/731
f 716/716/716 717/717/717 732/732/732
f 717/717/717 733/733/733 732/732/732
f 717/717/717 718/718/718 733/733/733
f 718/718/718 734/734/734 733/733/733
f 718/718/718 719/719/719 734/734/734
f 719/719/719 735/735/735 734/734/734
f 719/719/719 720/720/720 735/735/735
f 720/720/720 736/736/736 735/735/735
f 720/720/720 721/721/721 736/736/736
f 721/721/721 737/737/737 736/736/736
f 721/721/721 722/722/722 737/737/737
f 722/722/722 738/738/738 737/737/737
f 722/722/722 723/723/723 738/738/738
f 723/723/723 739/739/739 738/738/738
f 723/723/723 724/724/724 739/739/739
f 724/724/724 740/740/740 739/739/739
f 724/724/724 725/725/725 740/740/740
f 725/725/725 741/741/741 740/740/740
f 725/725/725 726/726/726 741/741/741
f 726/726/726 742/742/742 741/741/741
f 726/726/726 727/727/727 742/742/742
f 727/727/727 743/743/743 742/742/742
f 727/727/727 728/728/728 743/743/743
f 728/728/728 744/744/744 743/743/743
f 728/728/728 713/713/713 744/744/744
f 713/713/713 729/729/729 744/744/744
f 729/729/729 730/730/730 745/745/745
f 730/730/730 746/746/746 745/745/745
f 730/730/730 731/731/731 746/746/746
f 731/731/731 747/747/747 746/746/746
f 731/731/731 732/732/732 747/747/747
f 732/732/732 748/748/748 747/747/747
f 732/732/732 733/733/733 748/748/748
f 733/733/733 749/749/749 748/748/748
f 733/733/733 734/734/734 749/749/749
f 734/734/734 750/750/750 749/749/749
f 734/734/734 735/735/735 750/750/750
f 735/735/735 751/751/751 750/750/750
f 735/735/735 736/736/736 751/751/751
f 736/736/736 752/752/752 751/751/751
f 736/736/736 737/737/737 752/752/752
f 737/737/737 753/753/753 752/752/752
f 737/737/737 738/738/738 753/753/753
f 738/738/738 754/754/754 753/753/753
f 738/738/738 739/739/739 754/754/754
f 739/739/739 755/755/755 754/754/754
f 739/739/739 740/740/740 755/755/755
f 740/740/740 756/756/756 755/755/755
f 740/740/740 741/741/741 756/756/756
f 741/741/741 757/757/757 756/756/756
f 741/741/741 742/742/742 757/757/757
f 742/742/742 758/758/758 757/757/757
f 742/742/742 743/743/743 758/758/758
f 743/743/743 759/759/759 758/758/758
f 743/743/743 744/744/744 759/759/759
f 744/744/744 760/760/760 759/759/759
f 744/744/744 729/729/729 760/760/760
f 729/729/729 745/745/745 760/760/760
f 745/745/745 746/746/746 761/761/761
f 746/746/746 762/762/762 761/761/761
f 746/746/746 747/747/747 762/762/762
f 747/747/747 763/763/763 762/762/762
f 747/747/747 748/748/748 763/763/763
f 748/748/748 764/764/764 763/763/763
f 748/748/748 749/749/749 764/764/764
f 749/749/749 765/765/765 764/764/764
f 749/749/749 750/750/750 765/765/765
f 750/750/750 766/766/766 765/765/765
f 750/750/750 751/751/751 766/766/766
f 751/751/751 767/767/767 766/766/766
f 751/751/751 752/752/752 767/767/767
f 752/752/752 768/768/768 767/767/767
f 752/752/752 753/753/753 768/768/768
f 753/753/753 769/769/769 768/768/768
f 753/753/753 754/754/754 769/769/769
f 754/754/754 770/770/770 769/769/769
f 754/754/754 755/755/755 770/770/770
f 755/755/755 771/771/771 770/770/770
f 755/755/755 756/756/756 771/771/771
f 756/756/756 772/772/772 771/771/771
f 756/756/756 757/757/757 772/772/772
f 757/757/757 773/773/773 772/772/772
f 757/757/757 758/758/758 773/773/773
f 758/758/758 774/774/774 773/773/773
f 758/758/758 759/759/759 774/774/774
f 759/759/759 775/775/775 774/774/774
f 759/759/759 760/760/760 775/775/775
f 760/760/760 776/776/776 775/775/775
f 760/760/760 745/745/745 776/776/776
f 745/745/745 761/761/761 776/776/776
f 761/761/761 762/762/762 777/777/777
f 762/762/762 778/778/778 777/777/777
f 762/762/762 763/763/763 778/778/778
f 763/763/763 779/779/779 778/778/778
f 763/763/763 764/764/764 779/779/779
f 764/764/764 780/780/780 779/779/779
f 764/764/764 765/765/765 780/780/780
f 765/765/765 781/781/781 780/780/780
f 765/765/765 766/766/766 781/781/781
f 766/766/766 782/782/782 781/781/781
f 766/766/766 767/767/767 782/782/782
f 767/767/767 783/783/783 782/782/782
f 767/767/767 768/768/768 783/783/783
f 768/768/768 784/784/784 783/783/783
f 768/768/768 769/769/769 784/784/784
f 769/769/769 785/785/785 784/784/784
f 769/769/769 770/770/770 785/785/785
f 770/770/770 786/786/786 785/785/785
f 770/770/770 771/771/771 786/786/786
f 771/771/771 787/787/787 786/786/786
f 771/771/771 772/772/772 787/787/787
f 772/772/772 788/788/788 787/787/787
f 772/772/772 773/773/773 788/788/788
f 773/773/773 789/789/789 788/788/788
f 773/773/773 774/774/774 789/789/789
f 774/774/774 790/790/790 789/789/789
f 774/774/774 775/775/775 790/790/790
f 775/775/775 791/791/791 790/790/790
f 775/775/775 776/776/776 791/791/791
f 776/776/776 792/792/792 791/791/791
f 776/776/776 761/761/761 792/792/792
f 761/761/761 777/777/777 792/792/792
f 777/777/777 778/778/778 409/409/409
f 778/778/778 410/410/410 409/409/409
f 778/778/778 779/779/779 410/410/410
f 779/779/779 411/411/411 410/410/410
f 779/779/779 780/780/780 411/411/411
f 780/780/780 412/412/412 411/411/411
f 780/780/780 781/781/781 412/412/412
f 781/781/781 413/413/413 412/412/412
f 781/781/781 782/782/782 413/413/413
f 782/782/782 414/414/414 413/413/413
f 782/782/782 783/783/783 414/414/414
f 783/783/783 415/415/415 414/414/414
f 783/783/783 784/784/784 415/415/415
f 784/784/784 416/416/416 415/415/415
f 784/784/784 785/785/785 416/416/416
f 785/785/785 417/417/417 416/416/416
f 785/785/785 786/786/786 417/417/417
f 786/786/786 418/418/418 417/417/417
f 786/786/786 787/787/787 418/418/418
f 787/787/787 419/419/419 418/418/418
f 787/787/787 788/788/788 419/419/419
f 788/788/788 420/420/420 419/419/419
f 788/788/788 789/789/789 420/420/420
f 789/789/789 421/421/421 420/420/420
f 789/789/789 790/790/790 421/421/421
f 790/790/790 422/422/422 421/421/421
f 790/790/790 791/791/791 422/422/422
f 791/791/791 423/423/423 422/422/422
f 791/791/791 792/792/792 423/423/423
f 792/792/792 424/424/424 423/423/423
f 792/792/792 777/777/777 424/424/424
f 777/777/777 409/409/409 424/424/424
